sample_id,condition_start_utc,condition_end_utc,target_start_utc,target_end_utc,split
0,2017-09-07T00:00:00Z,2017-11-05T18:00:00Z,2017-11-06T00:00:00Z,2017-12-05T18:00:00Z,train
1,2017-09-07T06:00:00Z,2017-11-06T00:00:00Z,2017-11-06T06:00:00Z,2017-12-06T00:00:00Z,train
2,2017-09-07T12:00:00Z,2017-11-06T06:00:00Z,2017-11-06T12:00:00Z,2017-12-06T06:00:00Z,train
3,2017-09-07T18:00:00Z,2017-11-06T12:00:00Z,2017-11-06T18:00:00Z,2017-12-06T12:00:00Z,train
4,2017-09-08T00:00:00Z,2017-11-06T18:00:00Z,2017-11-07T00:00:00Z,2017-12-06T18:00:00Z,train
5,2017-09-08T06:00:00Z,2017-11-07T00:00:00Z,2017-11-07T06:00:00Z,2017-12-07T00:00:00Z,train
6,2017-09-08T12:00:00Z,2017-11-07T06:00:00Z,2017-11-07T12:00:00Z,2017-12-07T06:00:00Z,train
7,2017-09-08T18:00:00Z,2017-11-07T12:00:00Z,2017-11-07T18:00:00Z,2017-12-07T12:00:00Z,train
8,2017-09-09T00:00:00Z,2017-11-07T18:00:00Z,2017-11-08T00:00:00Z,2017-12-07T18:00:00Z,train
9,2017-09-09T06:00:00Z,2017-11-08T00:00:00Z,2017-11-08T06:00:00Z,2017-12-08T00:00:00Z,train
10,2017-09-09T12:00:00Z,2017-11-08T06:00:00Z,2017-11-08T12:00:00Z,2017-12-08T06:00:00Z,train
11,2017-09-09T18:00:00Z,2017-11-08T12:00:00Z,2017-11-08T18:00:00Z,2017-12-08T12:00:00Z,train
12,2017-09-10T00:00:00Z,2017-11-08T18:00:00Z,2017-11-09T00:00:00Z,2017-12-08T18:00:00Z,train
13,2017-09-10T06:00:00Z,2017-11-09T00:00:00Z,2017-11-09T06:00:00Z,2017-12-09T00:00:00Z,train
14,2017-09-10T12:00:00Z,2017-11-09T06:00:00Z,2017-11-09T12:00:00Z,2017-12-09T06:00:00Z,train
15,2017-09-10T18:00:00Z,2017-11-09T12:00:00Z,2017-11-09T18:00:00Z,2017-12-09T12:00:00Z,train
16,2017-09-11T00:00:00Z,2017-11-09T18:00:00Z,2017-11-10T00:00:00Z,2017-12-09T18:00:00Z,train
17,2017-09-11T06:00:00Z,2017-11-10T00:00:00Z,2017-11-10T06:00:00Z,2017-12-10T00:00:00Z,train
18,2017-09-11T12:00:00Z,2017-11-10T06:00:00Z,2017-11-10T12:00:00Z,2017-12-10T06:00:00Z,train
19,2017-09-11T18:00:00Z,2017-11-10T12:00:00Z,2017-11-10T18:00:00Z,2017-12-10T12:00:00Z,train
20,2017-09-12T00:00:00Z,2017-11-10T18:00:00Z,2017-11-11T00:00:00Z,2017-12-10T18:00:00Z,train
21,2017-09-12T06:00:00Z,2017-11-11T00:00:00Z,2017-11-11T06:00:00Z,2017-12-11T00:00:00Z,train
22,2017-09-12T12:00:00Z,2017-11-11T06:00:00Z,2017-11-11T12:00:00Z,2017-12-11T06:00:00Z,train
23,2017-09-12T18:00:00Z,2017-11-11T12:00:00Z,2017-11-11T18:00:00Z,2017-12-11T12:00:00Z,train
24,2017-09-13T00:00:00Z,2017-11-11T18:00:00Z,2017-11-12T00:00:00Z,2017-12-11T18:00:00Z,train
25,2017-09-13T06:00:00Z,2017-11-12T00:00:00Z,2017-11-12T06:00:00Z,2017-12-12T00:00:00Z,train
26,2017-09-13T12:00:00Z,2017-11-12T06:00:00Z,2017-11-12T12:00:00Z,2017-12-12T06:00:00Z,train
27,2017-09-13T18:00:00Z,2017-11-12T12:00:00Z,2017-11-12T18:00:00Z,2017-12-12T12:00:00Z,train
28,2017-09-14T00:00:00Z,2017-11-12T18:00:00Z,2017-11-13T00:00:00Z,2017-12-12T18:00:00Z,train
29,2017-09-14T06:00:00Z,2017-11-13T00:00:00Z,2017-11-13T06:00:00Z,2017-12-13T00:00:00Z,train
30,2017-09-14T12:00:00Z,2017-11-13T06:00:00Z,2017-11-13T12:00:00Z,2017-12-13T06:00:00Z,train
31,2017-09-14T18:00:00Z,2017-11-13T12:00:00Z,2017-11-13T18:00:00Z,2017-12-13T12:00:00Z,train
32,2017-09-15T00:00:00Z,2017-11-13T18:00:00Z,2017-11-14T00:00:00Z,2017-12-13T18:00:00Z,train
33,2017-09-15T06:00:00Z,2017-11-14T00:00:00Z,2017-11-14T06:00:00Z,2017-12-14T00:00:00Z,train
34,2017-09-15T12:00:00Z,2017-11-14T06:00:00Z,2017-11-14T12:00:00Z,2017-12-14T06:00:00Z,train
35,2017-09-15T18:00:00Z,2017-11-14T12:00:00Z,2017-11-14T18:00:00Z,2017-12-14T12:00:00Z,train
36,2017-09-16T00:00:00Z,2017-11-14T18:00:00Z,2017-11-15T00:00:00Z,2017-12-14T18:00:00Z,train
37,2017-09-16T06:00:00Z,2017-11-15T00:00:00Z,2017-11-15T06:00:00Z,2017-12-15T00:00:00Z,train
38,2017-09-16T12:00:00Z,2017-11-15T06:00:00Z,2017-11-15T12:00:00Z,2017-12-15T06:00:00Z,train
39,2017-09-16T18:00:00Z,2017-11-15T12:00:00Z,2017-11-15T18:00:00Z,2017-12-15T12:00:00Z,train
40,2017-09-17T00:00:00Z,2017-11-15T18:00:00Z,2017-11-16T00:00:00Z,2017-12-15T18:00:00Z,train
41,2017-09-17T06:00:00Z,2017-11-16T00:00:00Z,2017-11-16T06:00:00Z,2017-12-16T00:00:00Z,train
42,2017-09-17T12:00:00Z,2017-11-16T06:00:00Z,2017-11-16T12:00:00Z,2017-12-16T06:00:00Z,train
43,2017-09-17T18:00:00Z,2017-11-16T12:00:00Z,2017-11-16T18:00:00Z,2017-12-16T12:00:00Z,train
44,2017-09-18T00:00:00Z,2017-11-16T18:00:00Z,2017-11-17T00:00:00Z,2017-12-16T18:00:00Z,train
45,2017-09-18T06:00:00Z,2017-11-17T00:00:00Z,2017-11-17T06:00:00Z,2017-12-17T00:00:00Z,train
46,2017-09-18T12:00:00Z,2017-11-17T06:00:00Z,2017-11-17T12:00:00Z,2017-12-17T06:00:00Z,train
47,2017-09-18T18:00:00Z,2017-11-17T12:00:00Z,2017-11-17T18:00:00Z,2017-12-17T12:00:00Z,train
48,2017-09-19T00:00:00Z,2017-11-17T18:00:00Z,2017-11-18T00:00:00Z,2017-12-17T18:00:00Z,train
49,2017-09-19T06:00:00Z,2017-11-18T00:00:00Z,2017-11-18T06:00:00Z,2017-12-18T00:00:00Z,train
50,2017-09-19T12:00:00Z,2017-11-18T06:00:00Z,2017-11-18T12:00:00Z,2017-12-18T06:00:00Z,train
51,2017-09-19T18:00:00Z,2017-11-18T12:00:00Z,2017-11-18T18:00:00Z,2017-12-18T12:00:00Z,train
52,2017-09-20T00:00:00Z,2017-11-18T18:00:00Z,2017-11-19T00:00:00Z,2017-12-18T18:00:00Z,train
53,2017-09-20T06:00:00Z,2017-11-19T00:00:00Z,2017-11-19T06:00:00Z,2017-12-19T00:00:00Z,train
54,2017-09-20T12:00:00Z,2017-11-19T06:00:00Z,2017-11-19T12:00:00Z,2017-12-19T06:00:00Z,train
55,2017-09-20T18:00:00Z,2017-11-19T12:00:00Z,2017-11-19T18:00:00Z,2017-12-19T12:00:00Z,train
56,2017-09-21T00:00:00Z,2017-11-19T18:00:00Z,2017-11-20T00:00:00Z,2017-12-19T18:00:00Z,train
57,2017-09-21T06:00:00Z,2017-11-20T00:00:00Z,2017-11-20T06:00:00Z,2017-12-20T00:00:00Z,train
58,2017-09-21T12:00:00Z,2017-11-20T06:00:00Z,2017-11-20T12:00:00Z,2017-12-20T06:00:00Z,train
59,2017-09-21T18:00:00Z,2017-11-20T12:00:00Z,2017-11-20T18:00:00Z,2017-12-20T12:00:00Z,train
60,2017-09-22T00:00:00Z,2017-11-20T18:00:00Z,2017-11-21T00:00:00Z,2017-12-20T18:00:00Z,train
61,2017-09-22T06:00:00Z,2017-11-21T00:00:00Z,2017-11-21T06:00:00Z,2017-12-21T00:00:00Z,train
62,2017-09-22T12:00:00Z,2017-11-21T06:00:00Z,2017-11-21T12:00:00Z,2017-12-21T06:00:00Z,train
63,2017-09-22T18:00:00Z,2017-11-21T12:00:00Z,2017-11-21T18:00:00Z,2017-12-21T12:00:00Z,train
64,2017-09-23T00:00:00Z,2017-11-21T18:00:00Z,2017-11-22T00:00:00Z,2017-12-21T18:00:00Z,train
65,2017-09-23T06:00:00Z,2017-11-22T00:00:00Z,2017-11-22T06:00:00Z,2017-12-22T00:00:00Z,train
66,2017-09-23T12:00:00Z,2017-11-22T06:00:00Z,2017-11-22T12:00:00Z,2017-12-22T06:00:00Z,train
67,2017-09-23T18:00:00Z,2017-11-22T12:00:00Z,2017-11-22T18:00:00Z,2017-12-22T12:00:00Z,train
68,2017-09-24T00:00:00Z,2017-11-22T18:00:00Z,2017-11-23T00:00:00Z,2017-12-22T18:00:00Z,train
69,2017-09-24T06:00:00Z,2017-11-23T00:00:00Z,2017-11-23T06:00:00Z,2017-12-23T00:00:00Z,train
70,2017-09-24T12:00:00Z,2017-11-23T06:00:00Z,2017-11-23T12:00:00Z,2017-12-23T06:00:00Z,train
71,2017-09-24T18:00:00Z,2017-11-23T12:00:00Z,2017-11-23T18:00:00Z,2017-12-23T12:00:00Z,train
72,2017-09-25T00:00:00Z,2017-11-23T18:00:00Z,2017-11-24T00:00:00Z,2017-12-23T18:00:00Z,train
73,2017-09-25T06:00:00Z,2017-11-24T00:00:00Z,2017-11-24T06:00:00Z,2017-12-24T00:00:00Z,train
74,2017-09-25T12:00:00Z,2017-11-24T06:00:00Z,2017-11-24T12:00:00Z,2017-12-24T06:00:00Z,train
75,2017-09-25T18:00:00Z,2017-11-24T12:00:00Z,2017-11-24T18:00:00Z,2017-12-24T12:00:00Z,train
76,2017-09-26T00:00:00Z,2017-11-24T18:00:00Z,2017-11-25T00:00:00Z,2017-12-24T18:00:00Z,train
77,2017-09-26T06:00:00Z,2017-11-25T00:00:00Z,2017-11-25T06:00:00Z,2017-12-25T00:00:00Z,train
78,2017-09-26T12:00:00Z,2017-11-25T06:00:00Z,2017-11-25T12:00:00Z,2017-12-25T06:00:00Z,train
79,2017-09-26T18:00:00Z,2017-11-25T12:00:00Z,2017-11-25T18:00:00Z,2017-12-25T12:00:00Z,train
80,2017-09-27T00:00:00Z,2017-11-25T18:00:00Z,2017-11-26T00:00:00Z,2017-12-25T18:00:00Z,train
81,2017-09-27T06:00:00Z,2017-11-26T00:00:00Z,2017-11-26T06:00:00Z,2017-12-26T00:00:00Z,train
82,2017-09-27T12:00:00Z,2017-11-26T06:00:00Z,2017-11-26T12:00:00Z,2017-12-26T06:00:00Z,train
83,2017-09-27T18:00:00Z,2017-11-26T12:00:00Z,2017-11-26T18:00:00Z,2017-12-26T12:00:00Z,train
84,2017-09-28T00:00:00Z,2017-11-26T18:00:00Z,2017-11-27T00:00:00Z,2017-12-26T18:00:00Z,train
85,2017-09-28T06:00:00Z,2017-11-27T00:00:00Z,2017-11-27T06:00:00Z,2017-12-27T00:00:00Z,train
86,2017-09-28T12:00:00Z,2017-11-27T06:00:00Z,2017-11-27T12:00:00Z,2017-12-27T06:00:00Z,train
87,2017-09-28T18:00:00Z,2017-11-27T12:00:00Z,2017-11-27T18:00:00Z,2017-12-27T12:00:00Z,train
88,2017-09-29T00:00:00Z,2017-11-27T18:00:00Z,2017-11-28T00:00:00Z,2017-12-27T18:00:00Z,train
89,2017-09-29T06:00:00Z,2017-11-28T00:00:00Z,2017-11-28T06:00:00Z,2017-12-28T00:00:00Z,train
90,2017-09-29T12:00:00Z,2017-11-28T06:00:00Z,2017-11-28T12:00:00Z,2017-12-28T06:00:00Z,train
91,2017-09-29T18:00:00Z,2017-11-28T12:00:00Z,2017-11-28T18:00:00Z,2017-12-28T12:00:00Z,train
92,2017-09-30T00:00:00Z,2017-11-28T18:00:00Z,2017-11-29T00:00:00Z,2017-12-28T18:00:00Z,train
93,2017-09-30T06:00:00Z,2017-11-29T00:00:00Z,2017-11-29T06:00:00Z,2017-12-29T00:00:00Z,train
94,2017-09-30T12:00:00Z,2017-11-29T06:00:00Z,2017-11-29T12:00:00Z,2017-12-29T06:00:00Z,train
95,2017-09-30T18:00:00Z,2017-11-29T12:00:00Z,2017-11-29T18:00:00Z,2017-12-29T12:00:00Z,train
96,2017-10-01T00:00:00Z,2017-11-29T18:00:00Z,2017-11-30T00:00:00Z,2017-12-29T18:00:00Z,train
97,2017-10-01T06:00:00Z,2017-11-30T00:00:00Z,2017-11-30T06:00:00Z,2017-12-30T00:00:00Z,train
98,2017-10-01T12:00:00Z,2017-11-30T06:00:00Z,2017-11-30T12:00:00Z,2017-12-30T06:00:00Z,train
99,2017-10-01T18:00:00Z,2017-11-30T12:00:00Z,2017-11-30T18:00:00Z,2017-12-30T12:00:00Z,train
100,2017-10-02T00:00:00Z,2017-11-30T18:00:00Z,2017-12-01T00:00:00Z,2017-12-30T18:00:00Z,train
101,2017-10-02T06:00:00Z,2017-12-01T00:00:00Z,2017-12-01T06:00:00Z,2017-12-31T00:00:00Z,train
102,2017-10-02T12:00:00Z,2017-12-01T06:00:00Z,2017-12-01T12:00:00Z,2017-12-31T06:00:00Z,train
103,2017-10-02T18:00:00Z,2017-12-01T12:00:00Z,2017-12-01T18:00:00Z,2017-12-31T12:00:00Z,train
104,2017-10-03T00:00:00Z,2017-12-01T18:00:00Z,2017-12-02T00:00:00Z,2017-12-31T18:00:00Z,train
105,2017-10-03T06:00:00Z,2017-12-02T00:00:00Z,2017-12-02T06:00:00Z,2018-01-01T00:00:00Z,train
106,2017-10-03T12:00:00Z,2017-12-02T06:00:00Z,2017-12-02T12:00:00Z,2018-01-01T06:00:00Z,train
107,2017-10-03T18:00:00Z,2017-12-02T12:00:00Z,2017-12-02T18:00:00Z,2018-01-01T12:00:00Z,train
108,2017-10-04T00:00:00Z,2017-12-02T18:00:00Z,2017-12-03T00:00:00Z,2018-01-01T18:00:00Z,train
109,2017-10-04T06:00:00Z,2017-12-03T00:00:00Z,2017-12-03T06:00:00Z,2018-01-02T00:00:00Z,train
110,2017-10-04T12:00:00Z,2017-12-03T06:00:00Z,2017-12-03T12:00:00Z,2018-01-02T06:00:00Z,train
111,2017-10-04T18:00:00Z,2017-12-03T12:00:00Z,2017-12-03T18:00:00Z,2018-01-02T12:00:00Z,train
112,2017-10-05T00:00:00Z,2017-12-03T18:00:00Z,2017-12-04T00:00:00Z,2018-01-02T18:00:00Z,train
113,2017-10-05T06:00:00Z,2017-12-04T00:00:00Z,2017-12-04T06:00:00Z,2018-01-03T00:00:00Z,train
114,2017-10-05T12:00:00Z,2017-12-04T06:00:00Z,2017-12-04T12:00:00Z,2018-01-03T06:00:00Z,train
115,2017-10-05T18:00:00Z,2017-12-04T12:00:00Z,2017-12-04T18:00:00Z,2018-01-03T12:00:00Z,train
116,2017-10-06T00:00:00Z,2017-12-04T18:00:00Z,2017-12-05T00:00:00Z,2018-01-03T18:00:00Z,train
117,2017-10-06T06:00:00Z,2017-12-05T00:00:00Z,2017-12-05T06:00:00Z,2018-01-04T00:00:00Z,train
118,2017-10-06T12:00:00Z,2017-12-05T06:00:00Z,2017-12-05T12:00:00Z,2018-01-04T06:00:00Z,train
119,2017-10-06T18:00:00Z,2017-12-05T12:00:00Z,2017-12-05T18:00:00Z,2018-01-04T12:00:00Z,train
120,2017-10-07T00:00:00Z,2017-12-05T18:00:00Z,2017-12-06T00:00:00Z,2018-01-04T18:00:00Z,train
121,2017-10-07T06:00:00Z,2017-12-06T00:00:00Z,2017-12-06T06:00:00Z,2018-01-05T00:00:00Z,train
122,2017-10-07T12:00:00Z,2017-12-06T06:00:00Z,2017-12-06T12:00:00Z,2018-01-05T06:00:00Z,train
123,2017-10-07T18:00:00Z,2017-12-06T12:00:00Z,2017-12-06T18:00:00Z,2018-01-05T12:00:00Z,train
124,2017-10-08T00:00:00Z,2017-12-06T18:00:00Z,2017-12-07T00:00:00Z,2018-01-05T18:00:00Z,train
125,2017-10-08T06:00:00Z,2017-12-07T00:00:00Z,2017-12-07T06:00:00Z,2018-01-06T00:00:00Z,train
126,2017-10-08T12:00:00Z,2017-12-07T06:00:00Z,2017-12-07T12:00:00Z,2018-01-06T06:00:00Z,train
127,2017-10-08T18:00:00Z,2017-12-07T12:00:00Z,2017-12-07T18:00:00Z,2018-01-06T12:00:00Z,train
128,2017-10-09T00:00:00Z,2017-12-07T18:00:00Z,2017-12-08T00:00:00Z,2018-01-06T18:00:00Z,train
129,2017-10-09T06:00:00Z,2017-12-08T00:00:00Z,2017-12-08T06:00:00Z,2018-01-07T00:00:00Z,train
130,2017-10-09T12:00:00Z,2017-12-08T06:00:00Z,2017-12-08T12:00:00Z,2018-01-07T06:00:00Z,train
131,2017-10-09T18:00:00Z,2017-12-08T12:00:00Z,2017-12-08T18:00:00Z,2018-01-07T12:00:00Z,train
132,2017-10-10T00:00:00Z,2017-12-08T18:00:00Z,2017-12-09T00:00:00Z,2018-01-07T18:00:00Z,train
133,2017-10-10T06:00:00Z,2017-12-09T00:00:00Z,2017-12-09T06:00:00Z,2018-01-08T00:00:00Z,train
134,2017-10-10T12:00:00Z,2017-12-09T06:00:00Z,2017-12-09T12:00:00Z,2018-01-08T06:00:00Z,train
135,2017-10-10T18:00:00Z,2017-12-09T12:00:00Z,2017-12-09T18:00:00Z,2018-01-08T12:00:00Z,train
136,2017-10-11T00:00:00Z,2017-12-09T18:00:00Z,2017-12-10T00:00:00Z,2018-01-08T18:00:00Z,train
137,2017-10-11T06:00:00Z,2017-12-10T00:00:00Z,2017-12-10T06:00:00Z,2018-01-09T00:00:00Z,train
138,2017-10-11T12:00:00Z,2017-12-10T06:00:00Z,2017-12-10T12:00:00Z,2018-01-09T06:00:00Z,train
139,2017-10-11T18:00:00Z,2017-12-10T12:00:00Z,2017-12-10T18:00:00Z,2018-01-09T12:00:00Z,train
140,2017-10-12T00:00:00Z,2017-12-10T18:00:00Z,2017-12-11T00:00:00Z,2018-01-09T18:00:00Z,train
141,2017-10-12T06:00:00Z,2017-12-11T00:00:00Z,2017-12-11T06:00:00Z,2018-01-10T00:00:00Z,train
142,2017-10-12T12:00:00Z,2017-12-11T06:00:00Z,2017-12-11T12:00:00Z,2018-01-10T06:00:00Z,train
143,2017-10-12T18:00:00Z,2017-12-11T12:00:00Z,2017-12-11T18:00:00Z,2018-01-10T12:00:00Z,train
144,2017-10-13T00:00:00Z,2017-12-11T18:00:00Z,2017-12-12T00:00:00Z,2018-01-10T18:00:00Z,train
145,2017-10-13T06:00:00Z,2017-12-12T00:00:00Z,2017-12-12T06:00:00Z,2018-01-11T00:00:00Z,train
146,2017-10-13T12:00:00Z,2017-12-12T06:00:00Z,2017-12-12T12:00:00Z,2018-01-11T06:00:00Z,train
147,2017-10-13T18:00:00Z,2017-12-12T12:00:00Z,2017-12-12T18:00:00Z,2018-01-11T12:00:00Z,train
148,2017-10-14T00:00:00Z,2017-12-12T18:00:00Z,2017-12-13T00:00:00Z,2018-01-11T18:00:00Z,train
149,2017-10-14T06:00:00Z,2017-12-13T00:00:00Z,2017-12-13T06:00:00Z,2018-01-12T00:00:00Z,train
150,2017-10-14T12:00:00Z,2017-12-13T06:00:00Z,2017-12-13T12:00:00Z,2018-01-12T06:00:00Z,train
151,2017-10-14T18:00:00Z,2017-12-13T12:00:00Z,2017-12-13T18:00:00Z,2018-01-12T12:00:00Z,train
152,2017-10-15T00:00:00Z,2017-12-13T18:00:00Z,2017-12-14T00:00:00Z,2018-01-12T18:00:00Z,train
153,2017-10-15T06:00:00Z,2017-12-14T00:00:00Z,2017-12-14T06:00:00Z,2018-01-13T00:00:00Z,train
154,2017-10-15T12:00:00Z,2017-12-14T06:00:00Z,2017-12-14T12:00:00Z,2018-01-13T06:00:00Z,train
155,2017-10-15T18:00:00Z,2017-12-14T12:00:00Z,2017-12-14T18:00:00Z,2018-01-13T12:00:00Z,train
156,2017-10-16T00:00:00Z,2017-12-14T18:00:00Z,2017-12-15T00:00:00Z,2018-01-13T18:00:00Z,train
157,2017-10-16T06:00:00Z,2017-12-15T00:00:00Z,2017-12-15T06:00:00Z,2018-01-14T00:00:00Z,train
158,2017-10-16T12:00:00Z,2017-12-15T06:00:00Z,2017-12-15T12:00:00Z,2018-01-14T06:00:00Z,train
159,2017-10-16T18:00:00Z,2017-12-15T12:00:00Z,2017-12-15T18:00:00Z,2018-01-14T12:00:00Z,train
160,2017-10-17T00:00:00Z,2017-12-15T18:00:00Z,2017-12-16T00:00:00Z,2018-01-14T18:00:00Z,train
161,2017-10-17T06:00:00Z,2017-12-16T00:00:00Z,2017-12-16T06:00:00Z,2018-01-15T00:00:00Z,train
162,2017-10-17T12:00:00Z,2017-12-16T06:00:00Z,2017-12-16T12:00:00Z,2018-01-15T06:00:00Z,train
163,2017-10-17T18:00:00Z,2017-12-16T12:00:00Z,2017-12-16T18:00:00Z,2018-01-15T12:00:00Z,train
164,2017-10-18T00:00:00Z,2017-12-16T18:00:00Z,2017-12-17T00:00:00Z,2018-01-15T18:00:00Z,train
165,2017-10-18T06:00:00Z,2017-12-17T00:00:00Z,2017-12-17T06:00:00Z,2018-01-16T00:00:00Z,train
166,2017-10-18T12:00:00Z,2017-12-17T06:00:00Z,2017-12-17T12:00:00Z,2018-01-16T06:00:00Z,train
167,2017-10-18T18:00:00Z,2017-12-17T12:00:00Z,2017-12-17T18:00:00Z,2018-01-16T12:00:00Z,train
168,2017-10-19T00:00:00Z,2017-12-17T18:00:00Z,2017-12-18T00:00:00Z,2018-01-16T18:00:00Z,train
169,2017-10-19T06:00:00Z,2017-12-18T00:00:00Z,2017-12-18T06:00:00Z,2018-01-17T00:00:00Z,train
170,2017-10-19T12:00:00Z,2017-12-18T06:00:00Z,2017-12-18T12:00:00Z,2018-01-17T06:00:00Z,train
171,2017-10-19T18:00:00Z,2017-12-18T12:00:00Z,2017-12-18T18:00:00Z,2018-01-17T12:00:00Z,train
172,2017-10-20T00:00:00Z,2017-12-18T18:00:00Z,2017-12-19T00:00:00Z,2018-01-17T18:00:00Z,train
173,2017-10-20T06:00:00Z,2017-12-19T00:00:00Z,2017-12-19T06:00:00Z,2018-01-18T00:00:00Z,train
174,2017-10-20T12:00:00Z,2017-12-19T06:00:00Z,2017-12-19T12:00:00Z,2018-01-18T06:00:00Z,train
175,2017-10-20T18:00:00Z,2017-12-19T12:00:00Z,2017-12-19T18:00:00Z,2018-01-18T12:00:00Z,train
176,2017-10-21T00:00:00Z,2017-12-19T18:00:00Z,2017-12-20T00:00:00Z,2018-01-18T18:00:00Z,train
177,2017-10-21T06:00:00Z,2017-12-20T00:00:00Z,2017-12-20T06:00:00Z,2018-01-19T00:00:00Z,train
178,2017-10-21T12:00:00Z,2017-12-20T06:00:00Z,2017-12-20T12:00:00Z,2018-01-19T06:00:00Z,train
179,2017-10-21T18:00:00Z,2017-12-20T12:00:00Z,2017-12-20T18:00:00Z,2018-01-19T12:00:00Z,train
180,2017-10-22T00:00:00Z,2017-12-20T18:00:00Z,2017-12-21T00:00:00Z,2018-01-19T18:00:00Z,train
181,2017-10-22T06:00:00Z,2017-12-21T00:00:00Z,2017-12-21T06:00:00Z,2018-01-20T00:00:00Z,train
182,2017-10-22T12:00:00Z,2017-12-21T06:00:00Z,2017-12-21T12:00:00Z,2018-01-20T06:00:00Z,train
183,2017-10-22T18:00:00Z,2017-12-21T12:00:00Z,2017-12-21T18:00:00Z,2018-01-20T12:00:00Z,train
184,2017-10-23T00:00:00Z,2017-12-21T18:00:00Z,2017-12-22T00:00:00Z,2018-01-20T18:00:00Z,train
185,2017-10-23T06:00:00Z,2017-12-22T00:00:00Z,2017-12-22T06:00:00Z,2018-01-21T00:00:00Z,train
186,2017-10-23T12:00:00Z,2017-12-22T06:00:00Z,2017-12-22T12:00:00Z,2018-01-21T06:00:00Z,train
187,2017-10-23T18:00:00Z,2017-12-22T12:00:00Z,2017-12-22T18:00:00Z,2018-01-21T12:00:00Z,train
188,2017-10-24T00:00:00Z,2017-12-22T18:00:00Z,2017-12-23T00:00:00Z,2018-01-21T18:00:00Z,train
189,2017-10-24T06:00:00Z,2017-12-23T00:00:00Z,2017-12-23T06:00:00Z,2018-01-22T00:00:00Z,train
190,2017-10-24T12:00:00Z,2017-12-23T06:00:00Z,2017-12-23T12:00:00Z,2018-01-22T06:00:00Z,train
191,2017-10-24T18:00:00Z,2017-12-23T12:00:00Z,2017-12-23T18:00:00Z,2018-01-22T12:00:00Z,train
192,2017-10-25T00:00:00Z,2017-12-23T18:00:00Z,2017-12-24T00:00:00Z,2018-01-22T18:00:00Z,train
193,2017-10-25T06:00:00Z,2017-12-24T00:00:00Z,2017-12-24T06:00:00Z,2018-01-23T00:00:00Z,train
194,2017-10-25T12:00:00Z,2017-12-24T06:00:00Z,2017-12-24T12:00:00Z,2018-01-23T06:00:00Z,train
195,2017-10-25T18:00:00Z,2017-12-24T12:00:00Z,2017-12-24T18:00:00Z,2018-01-23T12:00:00Z,train
196,2017-10-26T00:00:00Z,2017-12-24T18:00:00Z,2017-12-25T00:00:00Z,2018-01-23T18:00:00Z,train
197,2017-10-26T06:00:00Z,2017-12-25T00:00:00Z,2017-12-25T06:00:00Z,2018-01-24T00:00:00Z,train
198,2017-10-26T12:00:00Z,2017-12-25T06:00:00Z,2017-12-25T12:00:00Z,2018-01-24T06:00:00Z,train
199,2017-10-26T18:00:00Z,2017-12-25T12:00:00Z,2017-12-25T18:00:00Z,2018-01-24T12:00:00Z,train
200,2017-10-27T00:00:00Z,2017-12-25T18:00:00Z,2017-12-26T00:00:00Z,2018-01-24T18:00:00Z,train
201,2017-10-27T06:00:00Z,2017-12-26T00:00:00Z,2017-12-26T06:00:00Z,2018-01-25T00:00:00Z,train
202,2017-10-27T12:00:00Z,2017-12-26T06:00:00Z,2017-12-26T12:00:00Z,2018-01-25T06:00:00Z,train
203,2017-10-27T18:00:00Z,2017-12-26T12:00:00Z,2017-12-26T18:00:00Z,2018-01-25T12:00:00Z,train
204,2017-10-28T00:00:00Z,2017-12-26T18:00:00Z,2017-12-27T00:00:00Z,2018-01-25T18:00:00Z,train
205,2017-10-28T06:00:00Z,2017-12-27T00:00:00Z,2017-12-27T06:00:00Z,2018-01-26T00:00:00Z,train
206,2017-10-28T12:00:00Z,2017-12-27T06:00:00Z,2017-12-27T12:00:00Z,2018-01-26T06:00:00Z,train
207,2017-10-28T18:00:00Z,2017-12-27T12:00:00Z,2017-12-27T18:00:00Z,2018-01-26T12:00:00Z,train
208,2017-10-29T00:00:00Z,2017-12-27T18:00:00Z,2017-12-28T00:00:00Z,2018-01-26T18:00:00Z,train
209,2017-10-29T06:00:00Z,2017-12-28T00:00:00Z,2017-12-28T06:00:00Z,2018-01-27T00:00:00Z,train
210,2017-10-29T12:00:00Z,2017-12-28T06:00:00Z,2017-12-28T12:00:00Z,2018-01-27T06:00:00Z,train
211,2017-10-29T18:00:00Z,2017-12-28T12:00:00Z,2017-12-28T18:00:00Z,2018-01-27T12:00:00Z,train
212,2017-10-30T00:00:00Z,2017-12-28T18:00:00Z,2017-12-29T00:00:00Z,2018-01-27T18:00:00Z,train
213,2017-10-30T06:00:00Z,2017-12-29T00:00:00Z,2017-12-29T06:00:00Z,2018-01-28T00:00:00Z,train
214,2017-10-30T12:00:00Z,2017-12-29T06:00:00Z,2017-12-29T12:00:00Z,2018-01-28T06:00:00Z,train
215,2017-10-30T18:00:00Z,2017-12-29T12:00:00Z,2017-12-29T18:00:00Z,2018-01-28T12:00:00Z,train
216,2017-10-31T00:00:00Z,2017-12-29T18:00:00Z,2017-12-30T00:00:00Z,2018-01-28T18:00:00Z,train
217,2017-10-31T06:00:00Z,2017-12-30T00:00:00Z,2017-12-30T06:00:00Z,2018-01-29T00:00:00Z,train
218,2017-10-31T12:00:00Z,2017-12-30T06:00:00Z,2017-12-30T12:00:00Z,2018-01-29T06:00:00Z,train
219,2017-10-31T18:00:00Z,2017-12-30T12:00:00Z,2017-12-30T18:00:00Z,2018-01-29T12:00:00Z,train
220,2017-11-01T00:00:00Z,2017-12-30T18:00:00Z,2017-12-31T00:00:00Z,2018-01-29T18:00:00Z,train
221,2017-11-01T06:00:00Z,2017-12-31T00:00:00Z,2017-12-31T06:00:00Z,2018-01-30T00:00:00Z,train
222,2017-11-01T12:00:00Z,2017-12-31T06:00:00Z,2017-12-31T12:00:00Z,2018-01-30T06:00:00Z,train
223,2017-11-01T18:00:00Z,2017-12-31T12:00:00Z,2017-12-31T18:00:00Z,2018-01-30T12:00:00Z,train
224,2017-11-02T00:00:00Z,2017-12-31T18:00:00Z,2018-01-01T00:00:00Z,2018-01-30T18:00:00Z,train
225,2017-11-02T06:00:00Z,2018-01-01T00:00:00Z,2018-01-01T06:00:00Z,2018-01-31T00:00:00Z,train
226,2017-11-02T12:00:00Z,2018-01-01T06:00:00Z,2018-01-01T12:00:00Z,2018-01-31T06:00:00Z,train
227,2017-11-02T18:00:00Z,2018-01-01T12:00:00Z,2018-01-01T18:00:00Z,2018-01-31T12:00:00Z,train
228,2017-11-03T00:00:00Z,2018-01-01T18:00:00Z,2018-01-02T00:00:00Z,2018-01-31T18:00:00Z,train
229,2017-11-03T06:00:00Z,2018-01-02T00:00:00Z,2018-01-02T06:00:00Z,2018-02-01T00:00:00Z,train
230,2017-11-03T12:00:00Z,2018-01-02T06:00:00Z,2018-01-02T12:00:00Z,2018-02-01T06:00:00Z,train
231,2017-11-03T18:00:00Z,2018-01-02T12:00:00Z,2018-01-02T18:00:00Z,2018-02-01T12:00:00Z,train
232,2017-11-04T00:00:00Z,2018-01-02T18:00:00Z,2018-01-03T00:00:00Z,2018-02-01T18:00:00Z,train
233,2017-11-04T06:00:00Z,2018-01-03T00:00:00Z,2018-01-03T06:00:00Z,2018-02-02T00:00:00Z,train
234,2017-11-04T12:00:00Z,2018-01-03T06:00:00Z,2018-01-03T12:00:00Z,2018-02-02T06:00:00Z,train
235,2017-11-04T18:00:00Z,2018-01-03T12:00:00Z,2018-01-03T18:00:00Z,2018-02-02T12:00:00Z,train
236,2017-11-05T00:00:00Z,2018-01-03T18:00:00Z,2018-01-04T00:00:00Z,2018-02-02T18:00:00Z,train
237,2017-11-05T06:00:00Z,2018-01-04T00:00:00Z,2018-01-04T06:00:00Z,2018-02-03T00:00:00Z,train
238,2017-11-05T12:00:00Z,2018-01-04T06:00:00Z,2018-01-04T12:00:00Z,2018-02-03T06:00:00Z,train
239,2017-11-05T18:00:00Z,2018-01-04T12:00:00Z,2018-01-04T18:00:00Z,2018-02-03T12:00:00Z,train
240,2017-11-06T00:00:00Z,2018-01-04T18:00:00Z,2018-01-05T00:00:00Z,2018-02-03T18:00:00Z,train
241,2017-11-06T06:00:00Z,2018-01-05T00:00:00Z,2018-01-05T06:00:00Z,2018-02-04T00:00:00Z,train
242,2017-11-06T12:00:00Z,2018-01-05T06:00:00Z,2018-01-05T12:00:00Z,2018-02-04T06:00:00Z,train
243,2017-11-06T18:00:00Z,2018-01-05T12:00:00Z,2018-01-05T18:00:00Z,2018-02-04T12:00:00Z,train
244,2017-11-07T00:00:00Z,2018-01-05T18:00:00Z,2018-01-06T00:00:00Z,2018-02-04T18:00:00Z,train
245,2017-11-07T06:00:00Z,2018-01-06T00:00:00Z,2018-01-06T06:00:00Z,2018-02-05T00:00:00Z,train
246,2017-11-07T12:00:00Z,2018-01-06T06:00:00Z,2018-01-06T12:00:00Z,2018-02-05T06:00:00Z,train
247,2017-11-07T18:00:00Z,2018-01-06T12:00:00Z,2018-01-06T18:00:00Z,2018-02-05T12:00:00Z,train
248,2017-11-08T00:00:00Z,2018-01-06T18:00:00Z,2018-01-07T00:00:00Z,2018-02-05T18:00:00Z,train
249,2017-11-08T06:00:00Z,2018-01-07T00:00:00Z,2018-01-07T06:00:00Z,2018-02-06T00:00:00Z,train
250,2017-11-08T12:00:00Z,2018-01-07T06:00:00Z,2018-01-07T12:00:00Z,2018-02-06T06:00:00Z,train
251,2017-11-08T18:00:00Z,2018-01-07T12:00:00Z,2018-01-07T18:00:00Z,2018-02-06T12:00:00Z,train
252,2017-11-09T00:00:00Z,2018-01-07T18:00:00Z,2018-01-08T00:00:00Z,2018-02-06T18:00:00Z,train
253,2017-11-09T06:00:00Z,2018-01-08T00:00:00Z,2018-01-08T06:00:00Z,2018-02-07T00:00:00Z,train
254,2017-11-09T12:00:00Z,2018-01-08T06:00:00Z,2018-01-08T12:00:00Z,2018-02-07T06:00:00Z,train
255,2017-11-09T18:00:00Z,2018-01-08T12:00:00Z,2018-01-08T18:00:00Z,2018-02-07T12:00:00Z,train
256,2017-11-10T00:00:00Z,2018-01-08T18:00:00Z,2018-01-09T00:00:00Z,2018-02-07T18:00:00Z,train
257,2018-02-09T12:00:00Z,2018-04-10T06:00:00Z,2018-04-10T12:00:00Z,2018-05-10T06:00:00Z,train
258,2018-02-09T18:00:00Z,2018-04-10T12:00:00Z,2018-04-10T18:00:00Z,2018-05-10T12:00:00Z,train
259,2018-02-10T00:00:00Z,2018-04-10T18:00:00Z,2018-04-11T00:00:00Z,2018-05-10T18:00:00Z,train
260,2018-02-10T06:00:00Z,2018-04-11T00:00:00Z,2018-04-11T06:00:00Z,2018-05-11T00:00:00Z,train
261,2018-02-10T12:00:00Z,2018-04-11T06:00:00Z,2018-04-11T12:00:00Z,2018-05-11T06:00:00Z,train
262,2018-02-10T18:00:00Z,2018-04-11T12:00:00Z,2018-04-11T18:00:00Z,2018-05-11T12:00:00Z,train
263,2018-02-11T00:00:00Z,2018-04-11T18:00:00Z,2018-04-12T00:00:00Z,2018-05-11T18:00:00Z,train
264,2018-02-11T06:00:00Z,2018-04-12T00:00:00Z,2018-04-12T06:00:00Z,2018-05-12T00:00:00Z,train
265,2018-02-11T12:00:00Z,2018-04-12T06:00:00Z,2018-04-12T12:00:00Z,2018-05-12T06:00:00Z,train
266,2018-02-11T18:00:00Z,2018-04-12T12:00:00Z,2018-04-12T18:00:00Z,2018-05-12T12:00:00Z,train
267,2018-02-12T00:00:00Z,2018-04-12T18:00:00Z,2018-04-13T00:00:00Z,2018-05-12T18:00:00Z,train
268,2018-02-12T06:00:00Z,2018-04-13T00:00:00Z,2018-04-13T06:00:00Z,2018-05-13T00:00:00Z,train
269,2018-02-12T12:00:00Z,2018-04-13T06:00:00Z,2018-04-13T12:00:00Z,2018-05-13T06:00:00Z,train
270,2018-02-12T18:00:00Z,2018-04-13T12:00:00Z,2018-04-13T18:00:00Z,2018-05-13T12:00:00Z,train
271,2018-02-13T00:00:00Z,2018-04-13T18:00:00Z,2018-04-14T00:00:00Z,2018-05-13T18:00:00Z,train
272,2018-02-13T06:00:00Z,2018-04-14T00:00:00Z,2018-04-14T06:00:00Z,2018-05-14T00:00:00Z,train
273,2018-02-13T12:00:00Z,2018-04-14T06:00:00Z,2018-04-14T12:00:00Z,2018-05-14T06:00:00Z,train
274,2018-02-13T18:00:00Z,2018-04-14T12:00:00Z,2018-04-14T18:00:00Z,2018-05-14T12:00:00Z,train
275,2018-02-14T00:00:00Z,2018-04-14T18:00:00Z,2018-04-15T00:00:00Z,2018-05-14T18:00:00Z,train
276,2018-02-14T06:00:00Z,2018-04-15T00:00:00Z,2018-04-15T06:00:00Z,2018-05-15T00:00:00Z,train
277,2018-02-14T12:00:00Z,2018-04-15T06:00:00Z,2018-04-15T12:00:00Z,2018-05-15T06:00:00Z,train
278,2018-02-14T18:00:00Z,2018-04-15T12:00:00Z,2018-04-15T18:00:00Z,2018-05-15T12:00:00Z,train
279,2018-02-15T00:00:00Z,2018-04-15T18:00:00Z,2018-04-16T00:00:00Z,2018-05-15T18:00:00Z,train
280,2018-02-15T06:00:00Z,2018-04-16T00:00:00Z,2018-04-16T06:00:00Z,2018-05-16T00:00:00Z,train
281,2018-02-15T12:00:00Z,2018-04-16T06:00:00Z,2018-04-16T12:00:00Z,2018-05-16T06:00:00Z,train
282,2018-02-15T18:00:00Z,2018-04-16T12:00:00Z,2018-04-16T18:00:00Z,2018-05-16T12:00:00Z,train
283,2018-02-16T00:00:00Z,2018-04-16T18:00:00Z,2018-04-17T00:00:00Z,2018-05-16T18:00:00Z,train
284,2018-02-16T06:00:00Z,2018-04-17T00:00:00Z,2018-04-17T06:00:00Z,2018-05-17T00:00:00Z,train
285,2018-02-16T12:00:00Z,2018-04-17T06:00:00Z,2018-04-17T12:00:00Z,2018-05-17T06:00:00Z,train
286,2018-02-16T18:00:00Z,2018-04-17T12:00:00Z,2018-04-17T18:00:00Z,2018-05-17T12:00:00Z,train
287,2018-02-17T00:00:00Z,2018-04-17T18:00:00Z,2018-04-18T00:00:00Z,2018-05-17T18:00:00Z,train
288,2018-02-17T06:00:00Z,2018-04-18T00:00:00Z,2018-04-18T06:00:00Z,2018-05-18T00:00:00Z,train
289,2018-02-17T12:00:00Z,2018-04-18T06:00:00Z,2018-04-18T12:00:00Z,2018-05-18T06:00:00Z,train
290,2018-02-17T18:00:00Z,2018-04-18T12:00:00Z,2018-04-18T18:00:00Z,2018-05-18T12:00:00Z,train
291,2018-02-18T00:00:00Z,2018-04-18T18:00:00Z,2018-04-19T00:00:00Z,2018-05-18T18:00:00Z,train
292,2018-02-18T06:00:00Z,2018-04-19T00:00:00Z,2018-04-19T06:00:00Z,2018-05-19T00:00:00Z,train
293,2018-02-18T12:00:00Z,2018-04-19T06:00:00Z,2018-04-19T12:00:00Z,2018-05-19T06:00:00Z,train
294,2018-02-18T18:00:00Z,2018-04-19T12:00:00Z,2018-04-19T18:00:00Z,2018-05-19T12:00:00Z,train
295,2018-02-19T00:00:00Z,2018-04-19T18:00:00Z,2018-04-20T00:00:00Z,2018-05-19T18:00:00Z,train
296,2018-02-19T06:00:00Z,2018-04-20T00:00:00Z,2018-04-20T06:00:00Z,2018-05-20T00:00:00Z,train
297,2018-02-19T12:00:00Z,2018-04-20T06:00:00Z,2018-04-20T12:00:00Z,2018-05-20T06:00:00Z,train
298,2018-02-19T18:00:00Z,2018-04-20T12:00:00Z,2018-04-20T18:00:00Z,2018-05-20T12:00:00Z,train
299,2018-02-20T00:00:00Z,2018-04-20T18:00:00Z,2018-04-21T00:00:00Z,2018-05-20T18:00:00Z,train
300,2018-02-20T06:00:00Z,2018-04-21T00:00:00Z,2018-04-21T06:00:00Z,2018-05-21T00:00:00Z,train
301,2018-02-20T12:00:00Z,2018-04-21T06:00:00Z,2018-04-21T12:00:00Z,2018-05-21T06:00:00Z,train
302,2018-02-20T18:00:00Z,2018-04-21T12:00:00Z,2018-04-21T18:00:00Z,2018-05-21T12:00:00Z,train
303,2018-02-21T00:00:00Z,2018-04-21T18:00:00Z,2018-04-22T00:00:00Z,2018-05-21T18:00:00Z,train
304,2018-02-21T06:00:00Z,2018-04-22T00:00:00Z,2018-04-22T06:00:00Z,2018-05-22T00:00:00Z,train
305,2018-02-21T12:00:00Z,2018-04-22T06:00:00Z,2018-04-22T12:00:00Z,2018-05-22T06:00:00Z,train
306,2018-02-21T18:00:00Z,2018-04-22T12:00:00Z,2018-04-22T18:00:00Z,2018-05-22T12:00:00Z,train
307,2018-02-22T00:00:00Z,2018-04-22T18:00:00Z,2018-04-23T00:00:00Z,2018-05-22T18:00:00Z,train
308,2018-02-22T06:00:00Z,2018-04-23T00:00:00Z,2018-04-23T06:00:00Z,2018-05-23T00:00:00Z,train
309,2018-02-22T12:00:00Z,2018-04-23T06:00:00Z,2018-04-23T12:00:00Z,2018-05-23T06:00:00Z,train
310,2018-02-22T18:00:00Z,2018-04-23T12:00:00Z,2018-04-23T18:00:00Z,2018-05-23T12:00:00Z,train
311,2018-02-23T00:00:00Z,2018-04-23T18:00:00Z,2018-04-24T00:00:00Z,2018-05-23T18:00:00Z,train
312,2018-02-23T06:00:00Z,2018-04-24T00:00:00Z,2018-04-24T06:00:00Z,2018-05-24T00:00:00Z,train
313,2018-02-23T12:00:00Z,2018-04-24T06:00:00Z,2018-04-24T12:00:00Z,2018-05-24T06:00:00Z,train
314,2018-02-23T18:00:00Z,2018-04-24T12:00:00Z,2018-04-24T18:00:00Z,2018-05-24T12:00:00Z,train
315,2018-02-24T00:00:00Z,2018-04-24T18:00:00Z,2018-04-25T00:00:00Z,2018-05-24T18:00:00Z,train
316,2018-02-24T06:00:00Z,2018-04-25T00:00:00Z,2018-04-25T06:00:00Z,2018-05-25T00:00:00Z,train
317,2018-02-24T12:00:00Z,2018-04-25T06:00:00Z,2018-04-25T12:00:00Z,2018-05-25T06:00:00Z,train
318,2018-02-24T18:00:00Z,2018-04-25T12:00:00Z,2018-04-25T18:00:00Z,2018-05-25T12:00:00Z,train
319,2018-02-25T00:00:00Z,2018-04-25T18:00:00Z,2018-04-26T00:00:00Z,2018-05-25T18:00:00Z,train
320,2018-02-25T06:00:00Z,2018-04-26T00:00:00Z,2018-04-26T06:00:00Z,2018-05-26T00:00:00Z,train
321,2018-02-25T12:00:00Z,2018-04-26T06:00:00Z,2018-04-26T12:00:00Z,2018-05-26T06:00:00Z,train
322,2018-02-25T18:00:00Z,2018-04-26T12:00:00Z,2018-04-26T18:00:00Z,2018-05-26T12:00:00Z,train
323,2018-02-26T00:00:00Z,2018-04-26T18:00:00Z,2018-04-27T00:00:00Z,2018-05-26T18:00:00Z,train
324,2018-02-26T06:00:00Z,2018-04-27T00:00:00Z,2018-04-27T06:00:00Z,2018-05-27T00:00:00Z,train
325,2018-02-26T12:00:00Z,2018-04-27T06:00:00Z,2018-04-27T12:00:00Z,2018-05-27T06:00:00Z,train
326,2018-02-26T18:00:00Z,2018-04-27T12:00:00Z,2018-04-27T18:00:00Z,2018-05-27T12:00:00Z,train
327,2018-02-27T00:00:00Z,2018-04-27T18:00:00Z,2018-04-28T00:00:00Z,2018-05-27T18:00:00Z,train
328,2018-02-27T06:00:00Z,2018-04-28T00:00:00Z,2018-04-28T06:00:00Z,2018-05-28T00:00:00Z,train
329,2018-02-27T12:00:00Z,2018-04-28T06:00:00Z,2018-04-28T12:00:00Z,2018-05-28T06:00:00Z,train
330,2018-02-27T18:00:00Z,2018-04-28T12:00:00Z,2018-04-28T18:00:00Z,2018-05-28T12:00:00Z,train
331,2018-02-28T00:00:00Z,2018-04-28T18:00:00Z,2018-04-29T00:00:00Z,2018-05-28T18:00:00Z,train
332,2018-02-28T06:00:00Z,2018-04-29T00:00:00Z,2018-04-29T06:00:00Z,2018-05-29T00:00:00Z,train
333,2018-02-28T12:00:00Z,2018-04-29T06:00:00Z,2018-04-29T12:00:00Z,2018-05-29T06:00:00Z,train
334,2018-02-28T18:00:00Z,2018-04-29T12:00:00Z,2018-04-29T18:00:00Z,2018-05-29T12:00:00Z,train
335,2018-03-01T00:00:00Z,2018-04-29T18:00:00Z,2018-04-30T00:00:00Z,2018-05-29T18:00:00Z,train
336,2018-03-01T06:00:00Z,2018-04-30T00:00:00Z,2018-04-30T06:00:00Z,2018-05-30T00:00:00Z,train
337,2018-03-01T12:00:00Z,2018-04-30T06:00:00Z,2018-04-30T12:00:00Z,2018-05-30T06:00:00Z,train
338,2018-03-01T18:00:00Z,2018-04-30T12:00:00Z,2018-04-30T18:00:00Z,2018-05-30T12:00:00Z,train
339,2018-03-02T00:00:00Z,2018-04-30T18:00:00Z,2018-05-01T00:00:00Z,2018-05-30T18:00:00Z,train
340,2018-03-02T06:00:00Z,2018-05-01T00:00:00Z,2018-05-01T06:00:00Z,2018-05-31T00:00:00Z,train
341,2018-03-02T12:00:00Z,2018-05-01T06:00:00Z,2018-05-01T12:00:00Z,2018-05-31T06:00:00Z,train
342,2018-03-02T18:00:00Z,2018-05-01T12:00:00Z,2018-05-01T18:00:00Z,2018-05-31T12:00:00Z,train
343,2018-03-03T00:00:00Z,2018-05-01T18:00:00Z,2018-05-02T00:00:00Z,2018-05-31T18:00:00Z,train
344,2018-03-03T06:00:00Z,2018-05-02T00:00:00Z,2018-05-02T06:00:00Z,2018-06-01T00:00:00Z,train
345,2018-03-03T12:00:00Z,2018-05-02T06:00:00Z,2018-05-02T12:00:00Z,2018-06-01T06:00:00Z,train
346,2018-03-03T18:00:00Z,2018-05-02T12:00:00Z,2018-05-02T18:00:00Z,2018-06-01T12:00:00Z,train
347,2018-03-04T00:00:00Z,2018-05-02T18:00:00Z,2018-05-03T00:00:00Z,2018-06-01T18:00:00Z,train
348,2018-03-04T06:00:00Z,2018-05-03T00:00:00Z,2018-05-03T06:00:00Z,2018-06-02T00:00:00Z,train
349,2018-03-04T12:00:00Z,2018-05-03T06:00:00Z,2018-05-03T12:00:00Z,2018-06-02T06:00:00Z,train
350,2018-03-04T18:00:00Z,2018-05-03T12:00:00Z,2018-05-03T18:00:00Z,2018-06-02T12:00:00Z,train
351,2018-03-05T00:00:00Z,2018-05-03T18:00:00Z,2018-05-04T00:00:00Z,2018-06-02T18:00:00Z,train
352,2018-03-05T06:00:00Z,2018-05-04T00:00:00Z,2018-05-04T06:00:00Z,2018-06-03T00:00:00Z,train
353,2018-03-05T12:00:00Z,2018-05-04T06:00:00Z,2018-05-04T12:00:00Z,2018-06-03T06:00:00Z,train
354,2018-03-05T18:00:00Z,2018-05-04T12:00:00Z,2018-05-04T18:00:00Z,2018-06-03T12:00:00Z,train
355,2018-03-06T00:00:00Z,2018-05-04T18:00:00Z,2018-05-05T00:00:00Z,2018-06-03T18:00:00Z,train
356,2018-03-06T06:00:00Z,2018-05-05T00:00:00Z,2018-05-05T06:00:00Z,2018-06-04T00:00:00Z,train
357,2018-03-06T12:00:00Z,2018-05-05T06:00:00Z,2018-05-05T12:00:00Z,2018-06-04T06:00:00Z,train
358,2018-03-06T18:00:00Z,2018-05-05T12:00:00Z,2018-05-05T18:00:00Z,2018-06-04T12:00:00Z,train
359,2018-03-07T00:00:00Z,2018-05-05T18:00:00Z,2018-05-06T00:00:00Z,2018-06-04T18:00:00Z,train
360,2018-03-07T06:00:00Z,2018-05-06T00:00:00Z,2018-05-06T06:00:00Z,2018-06-05T00:00:00Z,train
361,2018-03-07T12:00:00Z,2018-05-06T06:00:00Z,2018-05-06T12:00:00Z,2018-06-05T06:00:00Z,train
362,2018-03-07T18:00:00Z,2018-05-06T12:00:00Z,2018-05-06T18:00:00Z,2018-06-05T12:00:00Z,train
363,2018-03-08T00:00:00Z,2018-05-06T18:00:00Z,2018-05-07T00:00:00Z,2018-06-05T18:00:00Z,train
364,2018-03-08T06:00:00Z,2018-05-07T00:00:00Z,2018-05-07T06:00:00Z,2018-06-06T00:00:00Z,train
365,2018-03-08T12:00:00Z,2018-05-07T06:00:00Z,2018-05-07T12:00:00Z,2018-06-06T06:00:00Z,train
366,2018-03-08T18:00:00Z,2018-05-07T12:00:00Z,2018-05-07T18:00:00Z,2018-06-06T12:00:00Z,train
367,2018-03-09T00:00:00Z,2018-05-07T18:00:00Z,2018-05-08T00:00:00Z,2018-06-06T18:00:00Z,train
368,2018-03-09T06:00:00Z,2018-05-08T00:00:00Z,2018-05-08T06:00:00Z,2018-06-07T00:00:00Z,train
369,2018-03-09T12:00:00Z,2018-05-08T06:00:00Z,2018-05-08T12:00:00Z,2018-06-07T06:00:00Z,train
370,2018-03-09T18:00:00Z,2018-05-08T12:00:00Z,2018-05-08T18:00:00Z,2018-06-07T12:00:00Z,train
371,2018-03-10T00:00:00Z,2018-05-08T18:00:00Z,2018-05-09T00:00:00Z,2018-06-07T18:00:00Z,train
372,2018-03-10T06:00:00Z,2018-05-09T00:00:00Z,2018-05-09T06:00:00Z,2018-06-08T00:00:00Z,train
373,2018-03-10T12:00:00Z,2018-05-09T06:00:00Z,2018-05-09T12:00:00Z,2018-06-08T06:00:00Z,train
374,2018-03-10T18:00:00Z,2018-05-09T12:00:00Z,2018-05-09T18:00:00Z,2018-06-08T12:00:00Z,train
375,2018-03-11T00:00:00Z,2018-05-09T18:00:00Z,2018-05-10T00:00:00Z,2018-06-08T18:00:00Z,train
376,2018-03-11T06:00:00Z,2018-05-10T00:00:00Z,2018-05-10T06:00:00Z,2018-06-09T00:00:00Z,train
377,2018-03-11T12:00:00Z,2018-05-10T06:00:00Z,2018-05-10T12:00:00Z,2018-06-09T06:00:00Z,train
378,2018-03-11T18:00:00Z,2018-05-10T12:00:00Z,2018-05-10T18:00:00Z,2018-06-09T12:00:00Z,train
379,2018-03-12T00:00:00Z,2018-05-10T18:00:00Z,2018-05-11T00:00:00Z,2018-06-09T18:00:00Z,train
380,2018-03-12T06:00:00Z,2018-05-11T00:00:00Z,2018-05-11T06:00:00Z,2018-06-10T00:00:00Z,train
381,2018-03-12T12:00:00Z,2018-05-11T06:00:00Z,2018-05-11T12:00:00Z,2018-06-10T06:00:00Z,train
382,2018-03-12T18:00:00Z,2018-05-11T12:00:00Z,2018-05-11T18:00:00Z,2018-06-10T12:00:00Z,train
383,2018-03-13T00:00:00Z,2018-05-11T18:00:00Z,2018-05-12T00:00:00Z,2018-06-10T18:00:00Z,train
384,2018-03-13T06:00:00Z,2018-05-12T00:00:00Z,2018-05-12T06:00:00Z,2018-06-11T00:00:00Z,train
385,2018-03-13T12:00:00Z,2018-05-12T06:00:00Z,2018-05-12T12:00:00Z,2018-06-11T06:00:00Z,train
386,2018-03-13T18:00:00Z,2018-05-12T12:00:00Z,2018-05-12T18:00:00Z,2018-06-11T12:00:00Z,train
387,2018-03-14T00:00:00Z,2018-05-12T18:00:00Z,2018-05-13T00:00:00Z,2018-06-11T18:00:00Z,train
388,2018-03-14T06:00:00Z,2018-05-13T00:00:00Z,2018-05-13T06:00:00Z,2018-06-12T00:00:00Z,train
389,2018-03-14T12:00:00Z,2018-05-13T06:00:00Z,2018-05-13T12:00:00Z,2018-06-12T06:00:00Z,train
390,2018-03-14T18:00:00Z,2018-05-13T12:00:00Z,2018-05-13T18:00:00Z,2018-06-12T12:00:00Z,train
391,2018-03-15T00:00:00Z,2018-05-13T18:00:00Z,2018-05-14T00:00:00Z,2018-06-12T18:00:00Z,train
392,2018-03-15T06:00:00Z,2018-05-14T00:00:00Z,2018-05-14T06:00:00Z,2018-06-13T00:00:00Z,train
393,2018-03-15T12:00:00Z,2018-05-14T06:00:00Z,2018-05-14T12:00:00Z,2018-06-13T06:00:00Z,train
394,2018-03-15T18:00:00Z,2018-05-14T12:00:00Z,2018-05-14T18:00:00Z,2018-06-13T12:00:00Z,train
395,2018-03-16T00:00:00Z,2018-05-14T18:00:00Z,2018-05-15T00:00:00Z,2018-06-13T18:00:00Z,train
396,2018-03-16T06:00:00Z,2018-05-15T00:00:00Z,2018-05-15T06:00:00Z,2018-06-14T00:00:00Z,train
397,2018-03-16T12:00:00Z,2018-05-15T06:00:00Z,2018-05-15T12:00:00Z,2018-06-14T06:00:00Z,train
398,2018-03-16T18:00:00Z,2018-05-15T12:00:00Z,2018-05-15T18:00:00Z,2018-06-14T12:00:00Z,train
399,2018-03-17T00:00:00Z,2018-05-15T18:00:00Z,2018-05-16T00:00:00Z,2018-06-14T18:00:00Z,train
400,2018-03-17T06:00:00Z,2018-05-16T00:00:00Z,2018-05-16T06:00:00Z,2018-06-15T00:00:00Z,train
401,2018-03-17T12:00:00Z,2018-05-16T06:00:00Z,2018-05-16T12:00:00Z,2018-06-15T06:00:00Z,train
402,2018-03-17T18:00:00Z,2018-05-16T12:00:00Z,2018-05-16T18:00:00Z,2018-06-15T12:00:00Z,train
403,2018-03-18T00:00:00Z,2018-05-16T18:00:00Z,2018-05-17T00:00:00Z,2018-06-15T18:00:00Z,train
404,2018-03-18T06:00:00Z,2018-05-17T00:00:00Z,2018-05-17T06:00:00Z,2018-06-16T00:00:00Z,train
405,2018-03-18T12:00:00Z,2018-05-17T06:00:00Z,2018-05-17T12:00:00Z,2018-06-16T06:00:00Z,train
406,2018-03-18T18:00:00Z,2018-05-17T12:00:00Z,2018-05-17T18:00:00Z,2018-06-16T12:00:00Z,train
407,2018-03-19T00:00:00Z,2018-05-17T18:00:00Z,2018-05-18T00:00:00Z,2018-06-16T18:00:00Z,train
408,2018-03-19T06:00:00Z,2018-05-18T00:00:00Z,2018-05-18T06:00:00Z,2018-06-17T00:00:00Z,train
409,2018-03-19T12:00:00Z,2018-05-18T06:00:00Z,2018-05-18T12:00:00Z,2018-06-17T06:00:00Z,train
410,2018-03-19T18:00:00Z,2018-05-18T12:00:00Z,2018-05-18T18:00:00Z,2018-06-17T12:00:00Z,train
411,2018-03-20T00:00:00Z,2018-05-18T18:00:00Z,2018-05-19T00:00:00Z,2018-06-17T18:00:00Z,train
412,2018-03-20T06:00:00Z,2018-05-19T00:00:00Z,2018-05-19T06:00:00Z,2018-06-18T00:00:00Z,train
413,2018-03-20T12:00:00Z,2018-05-19T06:00:00Z,2018-05-19T12:00:00Z,2018-06-18T06:00:00Z,train
414,2018-03-20T18:00:00Z,2018-05-19T12:00:00Z,2018-05-19T18:00:00Z,2018-06-18T12:00:00Z,train
415,2018-03-21T00:00:00Z,2018-05-19T18:00:00Z,2018-05-20T00:00:00Z,2018-06-18T18:00:00Z,train
416,2018-03-21T06:00:00Z,2018-05-20T00:00:00Z,2018-05-20T06:00:00Z,2018-06-19T00:00:00Z,train
417,2018-03-21T12:00:00Z,2018-05-20T06:00:00Z,2018-05-20T12:00:00Z,2018-06-19T06:00:00Z,train
418,2018-03-21T18:00:00Z,2018-05-20T12:00:00Z,2018-05-20T18:00:00Z,2018-06-19T12:00:00Z,train
419,2018-03-22T00:00:00Z,2018-05-20T18:00:00Z,2018-05-21T00:00:00Z,2018-06-19T18:00:00Z,train
420,2018-03-22T06:00:00Z,2018-05-21T00:00:00Z,2018-05-21T06:00:00Z,2018-06-20T00:00:00Z,train
421,2018-03-22T12:00:00Z,2018-05-21T06:00:00Z,2018-05-21T12:00:00Z,2018-06-20T06:00:00Z,train
422,2018-03-22T18:00:00Z,2018-05-21T12:00:00Z,2018-05-21T18:00:00Z,2018-06-20T12:00:00Z,train
423,2018-03-23T00:00:00Z,2018-05-21T18:00:00Z,2018-05-22T00:00:00Z,2018-06-20T18:00:00Z,train
424,2018-03-23T06:00:00Z,2018-05-22T00:00:00Z,2018-05-22T06:00:00Z,2018-06-21T00:00:00Z,train
425,2018-03-23T12:00:00Z,2018-05-22T06:00:00Z,2018-05-22T12:00:00Z,2018-06-21T06:00:00Z,train
426,2018-03-23T18:00:00Z,2018-05-22T12:00:00Z,2018-05-22T18:00:00Z,2018-06-21T12:00:00Z,train
427,2018-03-24T00:00:00Z,2018-05-22T18:00:00Z,2018-05-23T00:00:00Z,2018-06-21T18:00:00Z,train
428,2018-03-24T06:00:00Z,2018-05-23T00:00:00Z,2018-05-23T06:00:00Z,2018-06-22T00:00:00Z,train
429,2018-03-24T12:00:00Z,2018-05-23T06:00:00Z,2018-05-23T12:00:00Z,2018-06-22T06:00:00Z,train
430,2018-03-24T18:00:00Z,2018-05-23T12:00:00Z,2018-05-23T18:00:00Z,2018-06-22T12:00:00Z,train
431,2018-03-25T00:00:00Z,2018-05-23T18:00:00Z,2018-05-24T00:00:00Z,2018-06-22T18:00:00Z,train
432,2018-03-25T06:00:00Z,2018-05-24T00:00:00Z,2018-05-24T06:00:00Z,2018-06-23T00:00:00Z,train
433,2018-03-25T12:00:00Z,2018-05-24T06:00:00Z,2018-05-24T12:00:00Z,2018-06-23T06:00:00Z,train
434,2018-03-25T18:00:00Z,2018-05-24T12:00:00Z,2018-05-24T18:00:00Z,2018-06-23T12:00:00Z,train
435,2018-03-26T00:00:00Z,2018-05-24T18:00:00Z,2018-05-25T00:00:00Z,2018-06-23T18:00:00Z,train
436,2018-03-26T06:00:00Z,2018-05-25T00:00:00Z,2018-05-25T06:00:00Z,2018-06-24T00:00:00Z,train
437,2018-03-26T12:00:00Z,2018-05-25T06:00:00Z,2018-05-25T12:00:00Z,2018-06-24T06:00:00Z,train
438,2018-03-26T18:00:00Z,2018-05-25T12:00:00Z,2018-05-25T18:00:00Z,2018-06-24T12:00:00Z,train
439,2018-03-27T00:00:00Z,2018-05-25T18:00:00Z,2018-05-26T00:00:00Z,2018-06-24T18:00:00Z,train
440,2018-03-27T06:00:00Z,2018-05-26T00:00:00Z,2018-05-26T06:00:00Z,2018-06-25T00:00:00Z,train
441,2018-03-27T12:00:00Z,2018-05-26T06:00:00Z,2018-05-26T12:00:00Z,2018-06-25T06:00:00Z,train
442,2018-03-27T18:00:00Z,2018-05-26T12:00:00Z,2018-05-26T18:00:00Z,2018-06-25T12:00:00Z,train
443,2018-03-28T00:00:00Z,2018-05-26T18:00:00Z,2018-05-27T00:00:00Z,2018-06-25T18:00:00Z,train
444,2018-07-04T12:00:00Z,2018-09-02T06:00:00Z,2018-09-02T12:00:00Z,2018-10-02T06:00:00Z,train
445,2018-07-04T18:00:00Z,2018-09-02T12:00:00Z,2018-09-02T18:00:00Z,2018-10-02T12:00:00Z,train
446,2018-07-05T00:00:00Z,2018-09-02T18:00:00Z,2018-09-03T00:00:00Z,2018-10-02T18:00:00Z,train
447,2018-07-05T06:00:00Z,2018-09-03T00:00:00Z,2018-09-03T06:00:00Z,2018-10-03T00:00:00Z,train
448,2018-07-05T12:00:00Z,2018-09-03T06:00:00Z,2018-09-03T12:00:00Z,2018-10-03T06:00:00Z,train
449,2018-07-05T18:00:00Z,2018-09-03T12:00:00Z,2018-09-03T18:00:00Z,2018-10-03T12:00:00Z,train
450,2018-07-06T00:00:00Z,2018-09-03T18:00:00Z,2018-09-04T00:00:00Z,2018-10-03T18:00:00Z,train
451,2018-07-06T06:00:00Z,2018-09-04T00:00:00Z,2018-09-04T06:00:00Z,2018-10-04T00:00:00Z,train
452,2018-07-06T12:00:00Z,2018-09-04T06:00:00Z,2018-09-04T12:00:00Z,2018-10-04T06:00:00Z,train
453,2018-07-06T18:00:00Z,2018-09-04T12:00:00Z,2018-09-04T18:00:00Z,2018-10-04T12:00:00Z,train
454,2018-07-07T00:00:00Z,2018-09-04T18:00:00Z,2018-09-05T00:00:00Z,2018-10-04T18:00:00Z,train
455,2018-07-07T06:00:00Z,2018-09-05T00:00:00Z,2018-09-05T06:00:00Z,2018-10-05T00:00:00Z,train
456,2018-07-07T12:00:00Z,2018-09-05T06:00:00Z,2018-09-05T12:00:00Z,2018-10-05T06:00:00Z,train
457,2018-07-07T18:00:00Z,2018-09-05T12:00:00Z,2018-09-05T18:00:00Z,2018-10-05T12:00:00Z,train
458,2018-07-08T00:00:00Z,2018-09-05T18:00:00Z,2018-09-06T00:00:00Z,2018-10-05T18:00:00Z,train
459,2018-07-08T06:00:00Z,2018-09-06T00:00:00Z,2018-09-06T06:00:00Z,2018-10-06T00:00:00Z,train
460,2018-07-08T12:00:00Z,2018-09-06T06:00:00Z,2018-09-06T12:00:00Z,2018-10-06T06:00:00Z,train
461,2018-07-08T18:00:00Z,2018-09-06T12:00:00Z,2018-09-06T18:00:00Z,2018-10-06T12:00:00Z,train
462,2018-07-09T00:00:00Z,2018-09-06T18:00:00Z,2018-09-07T00:00:00Z,2018-10-06T18:00:00Z,train
463,2018-07-09T06:00:00Z,2018-09-07T00:00:00Z,2018-09-07T06:00:00Z,2018-10-07T00:00:00Z,train
464,2018-07-09T12:00:00Z,2018-09-07T06:00:00Z,2018-09-07T12:00:00Z,2018-10-07T06:00:00Z,train
465,2018-07-09T18:00:00Z,2018-09-07T12:00:00Z,2018-09-07T18:00:00Z,2018-10-07T12:00:00Z,train
466,2018-07-10T00:00:00Z,2018-09-07T18:00:00Z,2018-09-08T00:00:00Z,2018-10-07T18:00:00Z,train
467,2018-07-10T06:00:00Z,2018-09-08T00:00:00Z,2018-09-08T06:00:00Z,2018-10-08T00:00:00Z,train
468,2018-07-10T12:00:00Z,2018-09-08T06:00:00Z,2018-09-08T12:00:00Z,2018-10-08T06:00:00Z,train
469,2018-07-10T18:00:00Z,2018-09-08T12:00:00Z,2018-09-08T18:00:00Z,2018-10-08T12:00:00Z,train
470,2018-07-11T00:00:00Z,2018-09-08T18:00:00Z,2018-09-09T00:00:00Z,2018-10-08T18:00:00Z,train
471,2018-07-11T06:00:00Z,2018-09-09T00:00:00Z,2018-09-09T06:00:00Z,2018-10-09T00:00:00Z,train
472,2018-07-11T12:00:00Z,2018-09-09T06:00:00Z,2018-09-09T12:00:00Z,2018-10-09T06:00:00Z,train
473,2018-07-11T18:00:00Z,2018-09-09T12:00:00Z,2018-09-09T18:00:00Z,2018-10-09T12:00:00Z,train
474,2018-07-12T00:00:00Z,2018-09-09T18:00:00Z,2018-09-10T00:00:00Z,2018-10-09T18:00:00Z,train
475,2018-07-12T06:00:00Z,2018-09-10T00:00:00Z,2018-09-10T06:00:00Z,2018-10-10T00:00:00Z,train
476,2018-07-12T12:00:00Z,2018-09-10T06:00:00Z,2018-09-10T12:00:00Z,2018-10-10T06:00:00Z,train
477,2018-07-12T18:00:00Z,2018-09-10T12:00:00Z,2018-09-10T18:00:00Z,2018-10-10T12:00:00Z,train
478,2018-07-13T00:00:00Z,2018-09-10T18:00:00Z,2018-09-11T00:00:00Z,2018-10-10T18:00:00Z,train
479,2018-07-13T06:00:00Z,2018-09-11T00:00:00Z,2018-09-11T06:00:00Z,2018-10-11T00:00:00Z,train
480,2018-07-13T12:00:00Z,2018-09-11T06:00:00Z,2018-09-11T12:00:00Z,2018-10-11T06:00:00Z,train
481,2018-07-13T18:00:00Z,2018-09-11T12:00:00Z,2018-09-11T18:00:00Z,2018-10-11T12:00:00Z,train
482,2018-07-14T00:00:00Z,2018-09-11T18:00:00Z,2018-09-12T00:00:00Z,2018-10-11T18:00:00Z,train
483,2018-07-14T06:00:00Z,2018-09-12T00:00:00Z,2018-09-12T06:00:00Z,2018-10-12T00:00:00Z,train
484,2018-07-14T12:00:00Z,2018-09-12T06:00:00Z,2018-09-12T12:00:00Z,2018-10-12T06:00:00Z,train
485,2018-07-14T18:00:00Z,2018-09-12T12:00:00Z,2018-09-12T18:00:00Z,2018-10-12T12:00:00Z,train
486,2018-07-15T00:00:00Z,2018-09-12T18:00:00Z,2018-09-13T00:00:00Z,2018-10-12T18:00:00Z,train
487,2018-07-15T06:00:00Z,2018-09-13T00:00:00Z,2018-09-13T06:00:00Z,2018-10-13T00:00:00Z,train
488,2018-07-15T12:00:00Z,2018-09-13T06:00:00Z,2018-09-13T12:00:00Z,2018-10-13T06:00:00Z,train
489,2018-07-15T18:00:00Z,2018-09-13T12:00:00Z,2018-09-13T18:00:00Z,2018-10-13T12:00:00Z,train
490,2018-07-16T00:00:00Z,2018-09-13T18:00:00Z,2018-09-14T00:00:00Z,2018-10-13T18:00:00Z,train
491,2018-07-16T06:00:00Z,2018-09-14T00:00:00Z,2018-09-14T06:00:00Z,2018-10-14T00:00:00Z,train
492,2018-07-16T12:00:00Z,2018-09-14T06:00:00Z,2018-09-14T12:00:00Z,2018-10-14T06:00:00Z,train
493,2018-07-16T18:00:00Z,2018-09-14T12:00:00Z,2018-09-14T18:00:00Z,2018-10-14T12:00:00Z,train
494,2018-07-17T00:00:00Z,2018-09-14T18:00:00Z,2018-09-15T00:00:00Z,2018-10-14T18:00:00Z,train
495,2018-07-17T06:00:00Z,2018-09-15T00:00:00Z,2018-09-15T06:00:00Z,2018-10-15T00:00:00Z,train
496,2018-07-17T12:00:00Z,2018-09-15T06:00:00Z,2018-09-15T12:00:00Z,2018-10-15T06:00:00Z,train
497,2018-07-17T18:00:00Z,2018-09-15T12:00:00Z,2018-09-15T18:00:00Z,2018-10-15T12:00:00Z,train
498,2018-07-18T00:00:00Z,2018-09-15T18:00:00Z,2018-09-16T00:00:00Z,2018-10-15T18:00:00Z,train
499,2018-07-18T06:00:00Z,2018-09-16T00:00:00Z,2018-09-16T06:00:00Z,2018-10-16T00:00:00Z,train
500,2018-07-18T12:00:00Z,2018-09-16T06:00:00Z,2018-09-16T12:00:00Z,2018-10-16T06:00:00Z,train
501,2018-07-18T18:00:00Z,2018-09-16T12:00:00Z,2018-09-16T18:00:00Z,2018-10-16T12:00:00Z,train
502,2018-07-19T00:00:00Z,2018-09-16T18:00:00Z,2018-09-17T00:00:00Z,2018-10-16T18:00:00Z,train
503,2018-07-19T06:00:00Z,2018-09-17T00:00:00Z,2018-09-17T06:00:00Z,2018-10-17T00:00:00Z,train
504,2018-07-19T12:00:00Z,2018-09-17T06:00:00Z,2018-09-17T12:00:00Z,2018-10-17T06:00:00Z,train
505,2018-07-19T18:00:00Z,2018-09-17T12:00:00Z,2018-09-17T18:00:00Z,2018-10-17T12:00:00Z,train
506,2018-07-20T00:00:00Z,2018-09-17T18:00:00Z,2018-09-18T00:00:00Z,2018-10-17T18:00:00Z,train
507,2018-07-20T06:00:00Z,2018-09-18T00:00:00Z,2018-09-18T06:00:00Z,2018-10-18T00:00:00Z,train
508,2018-07-20T12:00:00Z,2018-09-18T06:00:00Z,2018-09-18T12:00:00Z,2018-10-18T06:00:00Z,train
509,2018-07-20T18:00:00Z,2018-09-18T12:00:00Z,2018-09-18T18:00:00Z,2018-10-18T12:00:00Z,train
510,2018-07-21T00:00:00Z,2018-09-18T18:00:00Z,2018-09-19T00:00:00Z,2018-10-18T18:00:00Z,train
511,2018-07-21T06:00:00Z,2018-09-19T00:00:00Z,2018-09-19T06:00:00Z,2018-10-19T00:00:00Z,train
512,2018-07-21T12:00:00Z,2018-09-19T06:00:00Z,2018-09-19T12:00:00Z,2018-10-19T06:00:00Z,train
513,2018-07-21T18:00:00Z,2018-09-19T12:00:00Z,2018-09-19T18:00:00Z,2018-10-19T12:00:00Z,train
514,2018-07-22T00:00:00Z,2018-09-19T18:00:00Z,2018-09-20T00:00:00Z,2018-10-19T18:00:00Z,train
515,2018-07-22T06:00:00Z,2018-09-20T00:00:00Z,2018-09-20T06:00:00Z,2018-10-20T00:00:00Z,train
516,2018-07-22T12:00:00Z,2018-09-20T06:00:00Z,2018-09-20T12:00:00Z,2018-10-20T06:00:00Z,train
517,2018-07-22T18:00:00Z,2018-09-20T12:00:00Z,2018-09-20T18:00:00Z,2018-10-20T12:00:00Z,train
518,2018-07-23T00:00:00Z,2018-09-20T18:00:00Z,2018-09-21T00:00:00Z,2018-10-20T18:00:00Z,train
519,2018-07-23T06:00:00Z,2018-09-21T00:00:00Z,2018-09-21T06:00:00Z,2018-10-21T00:00:00Z,train
520,2018-07-23T12:00:00Z,2018-09-21T06:00:00Z,2018-09-21T12:00:00Z,2018-10-21T06:00:00Z,train
521,2018-07-23T18:00:00Z,2018-09-21T12:00:00Z,2018-09-21T18:00:00Z,2018-10-21T12:00:00Z,train
522,2018-07-24T00:00:00Z,2018-09-21T18:00:00Z,2018-09-22T00:00:00Z,2018-10-21T18:00:00Z,train
523,2018-07-24T06:00:00Z,2018-09-22T00:00:00Z,2018-09-22T06:00:00Z,2018-10-22T00:00:00Z,train
524,2018-07-24T12:00:00Z,2018-09-22T06:00:00Z,2018-09-22T12:00:00Z,2018-10-22T06:00:00Z,train
525,2018-07-24T18:00:00Z,2018-09-22T12:00:00Z,2018-09-22T18:00:00Z,2018-10-22T12:00:00Z,train
526,2018-07-25T00:00:00Z,2018-09-22T18:00:00Z,2018-09-23T00:00:00Z,2018-10-22T18:00:00Z,train
527,2018-07-25T06:00:00Z,2018-09-23T00:00:00Z,2018-09-23T06:00:00Z,2018-10-23T00:00:00Z,train
528,2018-07-25T12:00:00Z,2018-09-23T06:00:00Z,2018-09-23T12:00:00Z,2018-10-23T06:00:00Z,train
529,2018-07-25T18:00:00Z,2018-09-23T12:00:00Z,2018-09-23T18:00:00Z,2018-10-23T12:00:00Z,train
530,2018-07-26T00:00:00Z,2018-09-23T18:00:00Z,2018-09-24T00:00:00Z,2018-10-23T18:00:00Z,train
531,2018-07-26T06:00:00Z,2018-09-24T00:00:00Z,2018-09-24T06:00:00Z,2018-10-24T00:00:00Z,train
532,2018-07-26T12:00:00Z,2018-09-24T06:00:00Z,2018-09-24T12:00:00Z,2018-10-24T06:00:00Z,train
533,2018-07-26T18:00:00Z,2018-09-24T12:00:00Z,2018-09-24T18:00:00Z,2018-10-24T12:00:00Z,train
534,2018-07-27T00:00:00Z,2018-09-24T18:00:00Z,2018-09-25T00:00:00Z,2018-10-24T18:00:00Z,train
535,2018-07-27T06:00:00Z,2018-09-25T00:00:00Z,2018-09-25T06:00:00Z,2018-10-25T00:00:00Z,train
536,2018-07-27T12:00:00Z,2018-09-25T06:00:00Z,2018-09-25T12:00:00Z,2018-10-25T06:00:00Z,train
537,2018-07-27T18:00:00Z,2018-09-25T12:00:00Z,2018-09-25T18:00:00Z,2018-10-25T12:00:00Z,train
538,2018-07-28T00:00:00Z,2018-09-25T18:00:00Z,2018-09-26T00:00:00Z,2018-10-25T18:00:00Z,train
539,2018-07-28T06:00:00Z,2018-09-26T00:00:00Z,2018-09-26T06:00:00Z,2018-10-26T00:00:00Z,train
540,2018-07-28T12:00:00Z,2018-09-26T06:00:00Z,2018-09-26T12:00:00Z,2018-10-26T06:00:00Z,train
541,2018-07-28T18:00:00Z,2018-09-26T12:00:00Z,2018-09-26T18:00:00Z,2018-10-26T12:00:00Z,train
542,2018-07-29T00:00:00Z,2018-09-26T18:00:00Z,2018-09-27T00:00:00Z,2018-10-26T18:00:00Z,train
543,2018-07-29T06:00:00Z,2018-09-27T00:00:00Z,2018-09-27T06:00:00Z,2018-10-27T00:00:00Z,train
544,2018-07-29T12:00:00Z,2018-09-27T06:00:00Z,2018-09-27T12:00:00Z,2018-10-27T06:00:00Z,train
545,2018-07-29T18:00:00Z,2018-09-27T12:00:00Z,2018-09-27T18:00:00Z,2018-10-27T12:00:00Z,train
546,2018-07-30T00:00:00Z,2018-09-27T18:00:00Z,2018-09-28T00:00:00Z,2018-10-27T18:00:00Z,train
547,2018-07-30T06:00:00Z,2018-09-28T00:00:00Z,2018-09-28T06:00:00Z,2018-10-28T00:00:00Z,train
548,2018-07-30T12:00:00Z,2018-09-28T06:00:00Z,2018-09-28T12:00:00Z,2018-10-28T06:00:00Z,train
549,2018-07-30T18:00:00Z,2018-09-28T12:00:00Z,2018-09-28T18:00:00Z,2018-10-28T12:00:00Z,train
550,2018-07-31T00:00:00Z,2018-09-28T18:00:00Z,2018-09-29T00:00:00Z,2018-10-28T18:00:00Z,train
551,2018-07-31T06:00:00Z,2018-09-29T00:00:00Z,2018-09-29T06:00:00Z,2018-10-29T00:00:00Z,train
552,2018-07-31T12:00:00Z,2018-09-29T06:00:00Z,2018-09-29T12:00:00Z,2018-10-29T06:00:00Z,train
553,2018-07-31T18:00:00Z,2018-09-29T12:00:00Z,2018-09-29T18:00:00Z,2018-10-29T12:00:00Z,train
554,2018-08-01T00:00:00Z,2018-09-29T18:00:00Z,2018-09-30T00:00:00Z,2018-10-29T18:00:00Z,train
555,2018-08-01T06:00:00Z,2018-09-30T00:00:00Z,2018-09-30T06:00:00Z,2018-10-30T00:00:00Z,train
556,2018-08-01T12:00:00Z,2018-09-30T06:00:00Z,2018-09-30T12:00:00Z,2018-10-30T06:00:00Z,train
557,2018-08-01T18:00:00Z,2018-09-30T12:00:00Z,2018-09-30T18:00:00Z,2018-10-30T12:00:00Z,train
558,2018-08-02T00:00:00Z,2018-09-30T18:00:00Z,2018-10-01T00:00:00Z,2018-10-30T18:00:00Z,train
559,2018-08-02T06:00:00Z,2018-10-01T00:00:00Z,2018-10-01T06:00:00Z,2018-10-31T00:00:00Z,train
560,2018-08-02T12:00:00Z,2018-10-01T06:00:00Z,2018-10-01T12:00:00Z,2018-10-31T06:00:00Z,train
561,2018-08-02T18:00:00Z,2018-10-01T12:00:00Z,2018-10-01T18:00:00Z,2018-10-31T12:00:00Z,train
562,2018-08-03T00:00:00Z,2018-10-01T18:00:00Z,2018-10-02T00:00:00Z,2018-10-31T18:00:00Z,train
563,2018-08-03T06:00:00Z,2018-10-02T00:00:00Z,2018-10-02T06:00:00Z,2018-11-01T00:00:00Z,train
564,2018-08-03T12:00:00Z,2018-10-02T06:00:00Z,2018-10-02T12:00:00Z,2018-11-01T06:00:00Z,train
565,2018-08-03T18:00:00Z,2018-10-02T12:00:00Z,2018-10-02T18:00:00Z,2018-11-01T12:00:00Z,train
566,2018-08-04T00:00:00Z,2018-10-02T18:00:00Z,2018-10-03T00:00:00Z,2018-11-01T18:00:00Z,train
567,2018-08-04T06:00:00Z,2018-10-03T00:00:00Z,2018-10-03T06:00:00Z,2018-11-02T00:00:00Z,train
568,2018-08-04T12:00:00Z,2018-10-03T06:00:00Z,2018-10-03T12:00:00Z,2018-11-02T06:00:00Z,train
569,2018-08-04T18:00:00Z,2018-10-03T12:00:00Z,2018-10-03T18:00:00Z,2018-11-02T12:00:00Z,train
570,2018-08-05T00:00:00Z,2018-10-03T18:00:00Z,2018-10-04T00:00:00Z,2018-11-02T18:00:00Z,train
571,2018-08-05T06:00:00Z,2018-10-04T00:00:00Z,2018-10-04T06:00:00Z,2018-11-03T00:00:00Z,train
572,2018-08-05T12:00:00Z,2018-10-04T06:00:00Z,2018-10-04T12:00:00Z,2018-11-03T06:00:00Z,train
573,2018-08-05T18:00:00Z,2018-10-04T12:00:00Z,2018-10-04T18:00:00Z,2018-11-03T12:00:00Z,train
574,2018-08-06T00:00:00Z,2018-10-04T18:00:00Z,2018-10-05T00:00:00Z,2018-11-03T18:00:00Z,train
575,2018-08-06T06:00:00Z,2018-10-05T00:00:00Z,2018-10-05T06:00:00Z,2018-11-04T00:00:00Z,train
576,2018-08-06T12:00:00Z,2018-10-05T06:00:00Z,2018-10-05T12:00:00Z,2018-11-04T06:00:00Z,train
577,2018-08-06T18:00:00Z,2018-10-05T12:00:00Z,2018-10-05T18:00:00Z,2018-11-04T12:00:00Z,train
578,2018-08-07T00:00:00Z,2018-10-05T18:00:00Z,2018-10-06T00:00:00Z,2018-11-04T18:00:00Z,train
579,2018-08-07T06:00:00Z,2018-10-06T00:00:00Z,2018-10-06T06:00:00Z,2018-11-05T00:00:00Z,train
580,2018-08-07T12:00:00Z,2018-10-06T06:00:00Z,2018-10-06T12:00:00Z,2018-11-05T06:00:00Z,train
581,2018-08-07T18:00:00Z,2018-10-06T12:00:00Z,2018-10-06T18:00:00Z,2018-11-05T12:00:00Z,train
582,2018-08-08T00:00:00Z,2018-10-06T18:00:00Z,2018-10-07T00:00:00Z,2018-11-05T18:00:00Z,train
583,2018-08-08T06:00:00Z,2018-10-07T00:00:00Z,2018-10-07T06:00:00Z,2018-11-06T00:00:00Z,train
584,2018-08-08T12:00:00Z,2018-10-07T06:00:00Z,2018-10-07T12:00:00Z,2018-11-06T06:00:00Z,train
585,2018-08-08T18:00:00Z,2018-10-07T12:00:00Z,2018-10-07T18:00:00Z,2018-11-06T12:00:00Z,train
586,2018-08-09T00:00:00Z,2018-10-07T18:00:00Z,2018-10-08T00:00:00Z,2018-11-06T18:00:00Z,train
587,2018-08-09T06:00:00Z,2018-10-08T00:00:00Z,2018-10-08T06:00:00Z,2018-11-07T00:00:00Z,train
588,2018-08-09T12:00:00Z,2018-10-08T06:00:00Z,2018-10-08T12:00:00Z,2018-11-07T06:00:00Z,train
589,2018-08-09T18:00:00Z,2018-10-08T12:00:00Z,2018-10-08T18:00:00Z,2018-11-07T12:00:00Z,train
590,2018-08-10T00:00:00Z,2018-10-08T18:00:00Z,2018-10-09T00:00:00Z,2018-11-07T18:00:00Z,train
591,2018-08-10T06:00:00Z,2018-10-09T00:00:00Z,2018-10-09T06:00:00Z,2018-11-08T00:00:00Z,train
592,2018-08-10T12:00:00Z,2018-10-09T06:00:00Z,2018-10-09T12:00:00Z,2018-11-08T06:00:00Z,train
593,2018-08-10T18:00:00Z,2018-10-09T12:00:00Z,2018-10-09T18:00:00Z,2018-11-08T12:00:00Z,train
594,2018-08-11T00:00:00Z,2018-10-09T18:00:00Z,2018-10-10T00:00:00Z,2018-11-08T18:00:00Z,train
595,2018-08-11T06:00:00Z,2018-10-10T00:00:00Z,2018-10-10T06:00:00Z,2018-11-09T00:00:00Z,train
596,2018-08-11T12:00:00Z,2018-10-10T06:00:00Z,2018-10-10T12:00:00Z,2018-11-09T06:00:00Z,train
597,2018-08-11T18:00:00Z,2018-10-10T12:00:00Z,2018-10-10T18:00:00Z,2018-11-09T12:00:00Z,train
598,2018-08-12T00:00:00Z,2018-10-10T18:00:00Z,2018-10-11T00:00:00Z,2018-11-09T18:00:00Z,train
599,2018-08-12T06:00:00Z,2018-10-11T00:00:00Z,2018-10-11T06:00:00Z,2018-11-10T00:00:00Z,train
600,2018-08-12T12:00:00Z,2018-10-11T06:00:00Z,2018-10-11T12:00:00Z,2018-11-10T06:00:00Z,train
601,2018-08-12T18:00:00Z,2018-10-11T12:00:00Z,2018-10-11T18:00:00Z,2018-11-10T12:00:00Z,train
602,2018-08-13T00:00:00Z,2018-10-11T18:00:00Z,2018-10-12T00:00:00Z,2018-11-10T18:00:00Z,train
603,2018-08-13T06:00:00Z,2018-10-12T00:00:00Z,2018-10-12T06:00:00Z,2018-11-11T00:00:00Z,train
604,2018-08-13T12:00:00Z,2018-10-12T06:00:00Z,2018-10-12T12:00:00Z,2018-11-11T06:00:00Z,train
605,2018-08-13T18:00:00Z,2018-10-12T12:00:00Z,2018-10-12T18:00:00Z,2018-11-11T12:00:00Z,train
606,2018-08-14T00:00:00Z,2018-10-12T18:00:00Z,2018-10-13T00:00:00Z,2018-11-11T18:00:00Z,train
607,2018-08-14T06:00:00Z,2018-10-13T00:00:00Z,2018-10-13T06:00:00Z,2018-11-12T00:00:00Z,train
608,2018-08-14T12:00:00Z,2018-10-13T06:00:00Z,2018-10-13T12:00:00Z,2018-11-12T06:00:00Z,train
609,2018-08-14T18:00:00Z,2018-10-13T12:00:00Z,2018-10-13T18:00:00Z,2018-11-12T12:00:00Z,train
610,2018-08-15T00:00:00Z,2018-10-13T18:00:00Z,2018-10-14T00:00:00Z,2018-11-12T18:00:00Z,train
611,2018-08-15T06:00:00Z,2018-10-14T00:00:00Z,2018-10-14T06:00:00Z,2018-11-13T00:00:00Z,train
612,2018-08-15T12:00:00Z,2018-10-14T06:00:00Z,2018-10-14T12:00:00Z,2018-11-13T06:00:00Z,train
613,2018-08-15T18:00:00Z,2018-10-14T12:00:00Z,2018-10-14T18:00:00Z,2018-11-13T12:00:00Z,train
614,2018-08-16T00:00:00Z,2018-10-14T18:00:00Z,2018-10-15T00:00:00Z,2018-11-13T18:00:00Z,train
615,2018-11-14T12:00:00Z,2019-01-13T06:00:00Z,2019-01-13T12:00:00Z,2019-02-12T06:00:00Z,train
616,2018-11-14T18:00:00Z,2019-01-13T12:00:00Z,2019-01-13T18:00:00Z,2019-02-12T12:00:00Z,train
617,2018-11-15T00:00:00Z,2019-01-13T18:00:00Z,2019-01-14T00:00:00Z,2019-02-12T18:00:00Z,train
618,2018-11-15T06:00:00Z,2019-01-14T00:00:00Z,2019-01-14T06:00:00Z,2019-02-13T00:00:00Z,train
619,2018-11-15T12:00:00Z,2019-01-14T06:00:00Z,2019-01-14T12:00:00Z,2019-02-13T06:00:00Z,train
620,2018-11-15T18:00:00Z,2019-01-14T12:00:00Z,2019-01-14T18:00:00Z,2019-02-13T12:00:00Z,train
621,2018-11-16T00:00:00Z,2019-01-14T18:00:00Z,2019-01-15T00:00:00Z,2019-02-13T18:00:00Z,train
622,2018-11-16T06:00:00Z,2019-01-15T00:00:00Z,2019-01-15T06:00:00Z,2019-02-14T00:00:00Z,train
623,2018-11-16T12:00:00Z,2019-01-15T06:00:00Z,2019-01-15T12:00:00Z,2019-02-14T06:00:00Z,train
624,2018-11-16T18:00:00Z,2019-01-15T12:00:00Z,2019-01-15T18:00:00Z,2019-02-14T12:00:00Z,train
625,2018-11-17T00:00:00Z,2019-01-15T18:00:00Z,2019-01-16T00:00:00Z,2019-02-14T18:00:00Z,train
626,2018-11-17T06:00:00Z,2019-01-16T00:00:00Z,2019-01-16T06:00:00Z,2019-02-15T00:00:00Z,train
627,2018-11-17T12:00:00Z,2019-01-16T06:00:00Z,2019-01-16T12:00:00Z,2019-02-15T06:00:00Z,train
628,2018-11-17T18:00:00Z,2019-01-16T12:00:00Z,2019-01-16T18:00:00Z,2019-02-15T12:00:00Z,train
629,2018-11-18T00:00:00Z,2019-01-16T18:00:00Z,2019-01-17T00:00:00Z,2019-02-15T18:00:00Z,train
630,2018-11-18T06:00:00Z,2019-01-17T00:00:00Z,2019-01-17T06:00:00Z,2019-02-16T00:00:00Z,train
631,2018-11-18T12:00:00Z,2019-01-17T06:00:00Z,2019-01-17T12:00:00Z,2019-02-16T06:00:00Z,train
632,2018-11-18T18:00:00Z,2019-01-17T12:00:00Z,2019-01-17T18:00:00Z,2019-02-16T12:00:00Z,train
633,2018-11-19T00:00:00Z,2019-01-17T18:00:00Z,2019-01-18T00:00:00Z,2019-02-16T18:00:00Z,train
634,2018-11-19T06:00:00Z,2019-01-18T00:00:00Z,2019-01-18T06:00:00Z,2019-02-17T00:00:00Z,train
635,2018-11-19T12:00:00Z,2019-01-18T06:00:00Z,2019-01-18T12:00:00Z,2019-02-17T06:00:00Z,train
636,2018-11-19T18:00:00Z,2019-01-18T12:00:00Z,2019-01-18T18:00:00Z,2019-02-17T12:00:00Z,train
637,2018-11-20T00:00:00Z,2019-01-18T18:00:00Z,2019-01-19T00:00:00Z,2019-02-17T18:00:00Z,train
638,2018-11-20T06:00:00Z,2019-01-19T00:00:00Z,2019-01-19T06:00:00Z,2019-02-18T00:00:00Z,train
639,2018-11-20T12:00:00Z,2019-01-19T06:00:00Z,2019-01-19T12:00:00Z,2019-02-18T06:00:00Z,train
640,2018-11-20T18:00:00Z,2019-01-19T12:00:00Z,2019-01-19T18:00:00Z,2019-02-18T12:00:00Z,train
641,2018-11-21T00:00:00Z,2019-01-19T18:00:00Z,2019-01-20T00:00:00Z,2019-02-18T18:00:00Z,train
642,2018-11-21T06:00:00Z,2019-01-20T00:00:00Z,2019-01-20T06:00:00Z,2019-02-19T00:00:00Z,train
643,2018-11-21T12:00:00Z,2019-01-20T06:00:00Z,2019-01-20T12:00:00Z,2019-02-19T06:00:00Z,train
644,2018-11-21T18:00:00Z,2019-01-20T12:00:00Z,2019-01-20T18:00:00Z,2019-02-19T12:00:00Z,train
645,2018-11-22T00:00:00Z,2019-01-20T18:00:00Z,2019-01-21T00:00:00Z,2019-02-19T18:00:00Z,train
646,2018-11-22T06:00:00Z,2019-01-21T00:00:00Z,2019-01-21T06:00:00Z,2019-02-20T00:00:00Z,train
647,2018-11-22T12:00:00Z,2019-01-21T06:00:00Z,2019-01-21T12:00:00Z,2019-02-20T06:00:00Z,train
648,2018-11-22T18:00:00Z,2019-01-21T12:00:00Z,2019-01-21T18:00:00Z,2019-02-20T12:00:00Z,train
649,2018-11-23T00:00:00Z,2019-01-21T18:00:00Z,2019-01-22T00:00:00Z,2019-02-20T18:00:00Z,train
650,2018-11-23T06:00:00Z,2019-01-22T00:00:00Z,2019-01-22T06:00:00Z,2019-02-21T00:00:00Z,train
651,2018-11-23T12:00:00Z,2019-01-22T06:00:00Z,2019-01-22T12:00:00Z,2019-02-21T06:00:00Z,train
652,2018-11-23T18:00:00Z,2019-01-22T12:00:00Z,2019-01-22T18:00:00Z,2019-02-21T12:00:00Z,train
653,2018-11-24T00:00:00Z,2019-01-22T18:00:00Z,2019-01-23T00:00:00Z,2019-02-21T18:00:00Z,train
654,2018-11-24T06:00:00Z,2019-01-23T00:00:00Z,2019-01-23T06:00:00Z,2019-02-22T00:00:00Z,train
655,2018-11-24T12:00:00Z,2019-01-23T06:00:00Z,2019-01-23T12:00:00Z,2019-02-22T06:00:00Z,train
656,2018-11-24T18:00:00Z,2019-01-23T12:00:00Z,2019-01-23T18:00:00Z,2019-02-22T12:00:00Z,train
657,2018-11-25T00:00:00Z,2019-01-23T18:00:00Z,2019-01-24T00:00:00Z,2019-02-22T18:00:00Z,train
658,2018-11-25T06:00:00Z,2019-01-24T00:00:00Z,2019-01-24T06:00:00Z,2019-02-23T00:00:00Z,train
659,2018-11-25T12:00:00Z,2019-01-24T06:00:00Z,2019-01-24T12:00:00Z,2019-02-23T06:00:00Z,train
660,2018-11-25T18:00:00Z,2019-01-24T12:00:00Z,2019-01-24T18:00:00Z,2019-02-23T12:00:00Z,train
661,2018-11-26T00:00:00Z,2019-01-24T18:00:00Z,2019-01-25T00:00:00Z,2019-02-23T18:00:00Z,train
662,2018-11-26T06:00:00Z,2019-01-25T00:00:00Z,2019-01-25T06:00:00Z,2019-02-24T00:00:00Z,train
663,2018-11-26T12:00:00Z,2019-01-25T06:00:00Z,2019-01-25T12:00:00Z,2019-02-24T06:00:00Z,train
664,2018-11-26T18:00:00Z,2019-01-25T12:00:00Z,2019-01-25T18:00:00Z,2019-02-24T12:00:00Z,train
665,2018-11-27T00:00:00Z,2019-01-25T18:00:00Z,2019-01-26T00:00:00Z,2019-02-24T18:00:00Z,train
666,2018-11-27T06:00:00Z,2019-01-26T00:00:00Z,2019-01-26T06:00:00Z,2019-02-25T00:00:00Z,train
667,2018-11-27T12:00:00Z,2019-01-26T06:00:00Z,2019-01-26T12:00:00Z,2019-02-25T06:00:00Z,train
668,2018-11-27T18:00:00Z,2019-01-26T12:00:00Z,2019-01-26T18:00:00Z,2019-02-25T12:00:00Z,train
669,2018-11-28T00:00:00Z,2019-01-26T18:00:00Z,2019-01-27T00:00:00Z,2019-02-25T18:00:00Z,train
670,2018-11-28T06:00:00Z,2019-01-27T00:00:00Z,2019-01-27T06:00:00Z,2019-02-26T00:00:00Z,train
671,2018-11-28T12:00:00Z,2019-01-27T06:00:00Z,2019-01-27T12:00:00Z,2019-02-26T06:00:00Z,train
672,2018-11-28T18:00:00Z,2019-01-27T12:00:00Z,2019-01-27T18:00:00Z,2019-02-26T12:00:00Z,train
673,2018-11-29T00:00:00Z,2019-01-27T18:00:00Z,2019-01-28T00:00:00Z,2019-02-26T18:00:00Z,train
674,2018-11-29T06:00:00Z,2019-01-28T00:00:00Z,2019-01-28T06:00:00Z,2019-02-27T00:00:00Z,train
675,2018-11-29T12:00:00Z,2019-01-28T06:00:00Z,2019-01-28T12:00:00Z,2019-02-27T06:00:00Z,train
676,2018-11-29T18:00:00Z,2019-01-28T12:00:00Z,2019-01-28T18:00:00Z,2019-02-27T12:00:00Z,train
677,2018-11-30T00:00:00Z,2019-01-28T18:00:00Z,2019-01-29T00:00:00Z,2019-02-27T18:00:00Z,train
678,2018-11-30T06:00:00Z,2019-01-29T00:00:00Z,2019-01-29T06:00:00Z,2019-02-28T00:00:00Z,train
679,2018-11-30T12:00:00Z,2019-01-29T06:00:00Z,2019-01-29T12:00:00Z,2019-02-28T06:00:00Z,train
680,2018-11-30T18:00:00Z,2019-01-29T12:00:00Z,2019-01-29T18:00:00Z,2019-02-28T12:00:00Z,train
681,2018-12-01T00:00:00Z,2019-01-29T18:00:00Z,2019-01-30T00:00:00Z,2019-02-28T18:00:00Z,train
682,2018-12-01T06:00:00Z,2019-01-30T00:00:00Z,2019-01-30T06:00:00Z,2019-03-01T00:00:00Z,train
683,2018-12-01T12:00:00Z,2019-01-30T06:00:00Z,2019-01-30T12:00:00Z,2019-03-01T06:00:00Z,train
684,2018-12-01T18:00:00Z,2019-01-30T12:00:00Z,2019-01-30T18:00:00Z,2019-03-01T12:00:00Z,train
685,2018-12-02T00:00:00Z,2019-01-30T18:00:00Z,2019-01-31T00:00:00Z,2019-03-01T18:00:00Z,train
686,2018-12-02T06:00:00Z,2019-01-31T00:00:00Z,2019-01-31T06:00:00Z,2019-03-02T00:00:00Z,train
687,2018-12-02T12:00:00Z,2019-01-31T06:00:00Z,2019-01-31T12:00:00Z,2019-03-02T06:00:00Z,train
688,2018-12-02T18:00:00Z,2019-01-31T12:00:00Z,2019-01-31T18:00:00Z,2019-03-02T12:00:00Z,train
689,2018-12-03T00:00:00Z,2019-01-31T18:00:00Z,2019-02-01T00:00:00Z,2019-03-02T18:00:00Z,train
690,2018-12-03T06:00:00Z,2019-02-01T00:00:00Z,2019-02-01T06:00:00Z,2019-03-03T00:00:00Z,train
691,2018-12-03T12:00:00Z,2019-02-01T06:00:00Z,2019-02-01T12:00:00Z,2019-03-03T06:00:00Z,train
692,2018-12-03T18:00:00Z,2019-02-01T12:00:00Z,2019-02-01T18:00:00Z,2019-03-03T12:00:00Z,train
693,2018-12-04T00:00:00Z,2019-02-01T18:00:00Z,2019-02-02T00:00:00Z,2019-03-03T18:00:00Z,train
694,2018-12-04T06:00:00Z,2019-02-02T00:00:00Z,2019-02-02T06:00:00Z,2019-03-04T00:00:00Z,train
695,2018-12-04T12:00:00Z,2019-02-02T06:00:00Z,2019-02-02T12:00:00Z,2019-03-04T06:00:00Z,train
696,2018-12-04T18:00:00Z,2019-02-02T12:00:00Z,2019-02-02T18:00:00Z,2019-03-04T12:00:00Z,train
697,2018-12-05T00:00:00Z,2019-02-02T18:00:00Z,2019-02-03T00:00:00Z,2019-03-04T18:00:00Z,train
698,2018-12-05T06:00:00Z,2019-02-03T00:00:00Z,2019-02-03T06:00:00Z,2019-03-05T00:00:00Z,train
699,2018-12-05T12:00:00Z,2019-02-03T06:00:00Z,2019-02-03T12:00:00Z,2019-03-05T06:00:00Z,train
700,2018-12-05T18:00:00Z,2019-02-03T12:00:00Z,2019-02-03T18:00:00Z,2019-03-05T12:00:00Z,train
701,2018-12-06T00:00:00Z,2019-02-03T18:00:00Z,2019-02-04T00:00:00Z,2019-03-05T18:00:00Z,train
702,2018-12-06T06:00:00Z,2019-02-04T00:00:00Z,2019-02-04T06:00:00Z,2019-03-06T00:00:00Z,train
703,2018-12-06T12:00:00Z,2019-02-04T06:00:00Z,2019-02-04T12:00:00Z,2019-03-06T06:00:00Z,train
704,2018-12-06T18:00:00Z,2019-02-04T12:00:00Z,2019-02-04T18:00:00Z,2019-03-06T12:00:00Z,train
705,2018-12-07T00:00:00Z,2019-02-04T18:00:00Z,2019-02-05T00:00:00Z,2019-03-06T18:00:00Z,train
706,2018-12-07T06:00:00Z,2019-02-05T00:00:00Z,2019-02-05T06:00:00Z,2019-03-07T00:00:00Z,train
707,2018-12-07T12:00:00Z,2019-02-05T06:00:00Z,2019-02-05T12:00:00Z,2019-03-07T06:00:00Z,train
708,2018-12-07T18:00:00Z,2019-02-05T12:00:00Z,2019-02-05T18:00:00Z,2019-03-07T12:00:00Z,train
709,2018-12-08T00:00:00Z,2019-02-05T18:00:00Z,2019-02-06T00:00:00Z,2019-03-07T18:00:00Z,train
710,2018-12-08T06:00:00Z,2019-02-06T00:00:00Z,2019-02-06T06:00:00Z,2019-03-08T00:00:00Z,train
711,2018-12-08T12:00:00Z,2019-02-06T06:00:00Z,2019-02-06T12:00:00Z,2019-03-08T06:00:00Z,train
712,2018-12-08T18:00:00Z,2019-02-06T12:00:00Z,2019-02-06T18:00:00Z,2019-03-08T12:00:00Z,train
713,2018-12-09T00:00:00Z,2019-02-06T18:00:00Z,2019-02-07T00:00:00Z,2019-03-08T18:00:00Z,train
714,2018-12-09T06:00:00Z,2019-02-07T00:00:00Z,2019-02-07T06:00:00Z,2019-03-09T00:00:00Z,train
715,2018-12-09T12:00:00Z,2019-02-07T06:00:00Z,2019-02-07T12:00:00Z,2019-03-09T06:00:00Z,train
716,2018-12-09T18:00:00Z,2019-02-07T12:00:00Z,2019-02-07T18:00:00Z,2019-03-09T12:00:00Z,train
717,2018-12-10T00:00:00Z,2019-02-07T18:00:00Z,2019-02-08T00:00:00Z,2019-03-09T18:00:00Z,train
718,2018-12-10T06:00:00Z,2019-02-08T00:00:00Z,2019-02-08T06:00:00Z,2019-03-10T00:00:00Z,train
719,2018-12-10T12:00:00Z,2019-02-08T06:00:00Z,2019-02-08T12:00:00Z,2019-03-10T06:00:00Z,train
720,2018-12-10T18:00:00Z,2019-02-08T12:00:00Z,2019-02-08T18:00:00Z,2019-03-10T12:00:00Z,train
721,2018-12-11T00:00:00Z,2019-02-08T18:00:00Z,2019-02-09T00:00:00Z,2019-03-10T18:00:00Z,train
722,2018-12-11T06:00:00Z,2019-02-09T00:00:00Z,2019-02-09T06:00:00Z,2019-03-11T00:00:00Z,train
723,2018-12-11T12:00:00Z,2019-02-09T06:00:00Z,2019-02-09T12:00:00Z,2019-03-11T06:00:00Z,train
724,2018-12-11T18:00:00Z,2019-02-09T12:00:00Z,2019-02-09T18:00:00Z,2019-03-11T12:00:00Z,train
725,2018-12-12T00:00:00Z,2019-02-09T18:00:00Z,2019-02-10T00:00:00Z,2019-03-11T18:00:00Z,train
726,2019-05-15T18:00:00Z,2019-07-14T12:00:00Z,2019-07-14T18:00:00Z,2019-08-13T12:00:00Z,train
727,2019-05-16T00:00:00Z,2019-07-14T18:00:00Z,2019-07-15T00:00:00Z,2019-08-13T18:00:00Z,train
728,2019-05-16T06:00:00Z,2019-07-15T00:00:00Z,2019-07-15T06:00:00Z,2019-08-14T00:00:00Z,train
729,2019-05-16T12:00:00Z,2019-07-15T06:00:00Z,2019-07-15T12:00:00Z,2019-08-14T06:00:00Z,train
730,2019-05-16T18:00:00Z,2019-07-15T12:00:00Z,2019-07-15T18:00:00Z,2019-08-14T12:00:00Z,train
731,2019-05-17T00:00:00Z,2019-07-15T18:00:00Z,2019-07-16T00:00:00Z,2019-08-14T18:00:00Z,train
732,2019-08-15T12:00:00Z,2019-10-14T06:00:00Z,2019-10-14T12:00:00Z,2019-11-13T06:00:00Z,train
733,2019-08-15T18:00:00Z,2019-10-14T12:00:00Z,2019-10-14T18:00:00Z,2019-11-13T12:00:00Z,train
734,2019-08-16T00:00:00Z,2019-10-14T18:00:00Z,2019-10-15T00:00:00Z,2019-11-13T18:00:00Z,train
735,2019-08-16T06:00:00Z,2019-10-15T00:00:00Z,2019-10-15T06:00:00Z,2019-11-14T00:00:00Z,train
736,2019-08-16T12:00:00Z,2019-10-15T06:00:00Z,2019-10-15T12:00:00Z,2019-11-14T06:00:00Z,train
737,2019-08-16T18:00:00Z,2019-10-15T12:00:00Z,2019-10-15T18:00:00Z,2019-11-14T12:00:00Z,train
738,2019-08-17T00:00:00Z,2019-10-15T18:00:00Z,2019-10-16T00:00:00Z,2019-11-14T18:00:00Z,train
739,2019-08-17T06:00:00Z,2019-10-16T00:00:00Z,2019-10-16T06:00:00Z,2019-11-15T00:00:00Z,train
740,2019-08-17T12:00:00Z,2019-10-16T06:00:00Z,2019-10-16T12:00:00Z,2019-11-15T06:00:00Z,train
741,2019-08-17T18:00:00Z,2019-10-16T12:00:00Z,2019-10-16T18:00:00Z,2019-11-15T12:00:00Z,train
742,2019-08-18T00:00:00Z,2019-10-16T18:00:00Z,2019-10-17T00:00:00Z,2019-11-15T18:00:00Z,train
743,2019-08-18T06:00:00Z,2019-10-17T00:00:00Z,2019-10-17T06:00:00Z,2019-11-16T00:00:00Z,train
744,2019-08-18T12:00:00Z,2019-10-17T06:00:00Z,2019-10-17T12:00:00Z,2019-11-16T06:00:00Z,train
745,2019-08-18T18:00:00Z,2019-10-17T12:00:00Z,2019-10-17T18:00:00Z,2019-11-16T12:00:00Z,train
746,2019-08-19T00:00:00Z,2019-10-17T18:00:00Z,2019-10-18T00:00:00Z,2019-11-16T18:00:00Z,train
747,2019-08-19T06:00:00Z,2019-10-18T00:00:00Z,2019-10-18T06:00:00Z,2019-11-17T00:00:00Z,train
748,2019-08-19T12:00:00Z,2019-10-18T06:00:00Z,2019-10-18T12:00:00Z,2019-11-17T06:00:00Z,train
749,2019-08-19T18:00:00Z,2019-10-18T12:00:00Z,2019-10-18T18:00:00Z,2019-11-17T12:00:00Z,train
750,2019-08-20T00:00:00Z,2019-10-18T18:00:00Z,2019-10-19T00:00:00Z,2019-11-17T18:00:00Z,train
751,2019-08-20T06:00:00Z,2019-10-19T00:00:00Z,2019-10-19T06:00:00Z,2019-11-18T00:00:00Z,train
752,2019-08-20T12:00:00Z,2019-10-19T06:00:00Z,2019-10-19T12:00:00Z,2019-11-18T06:00:00Z,train
753,2019-08-20T18:00:00Z,2019-10-19T12:00:00Z,2019-10-19T18:00:00Z,2019-11-18T12:00:00Z,train
754,2019-08-21T00:00:00Z,2019-10-19T18:00:00Z,2019-10-20T00:00:00Z,2019-11-18T18:00:00Z,train
755,2019-08-21T06:00:00Z,2019-10-20T00:00:00Z,2019-10-20T06:00:00Z,2019-11-19T00:00:00Z,train
756,2019-08-21T12:00:00Z,2019-10-20T06:00:00Z,2019-10-20T12:00:00Z,2019-11-19T06:00:00Z,train
757,2019-08-21T18:00:00Z,2019-10-20T12:00:00Z,2019-10-20T18:00:00Z,2019-11-19T12:00:00Z,train
758,2019-08-22T00:00:00Z,2019-10-20T18:00:00Z,2019-10-21T00:00:00Z,2019-11-19T18:00:00Z,train
759,2019-08-22T06:00:00Z,2019-10-21T00:00:00Z,2019-10-21T06:00:00Z,2019-11-20T00:00:00Z,train
760,2019-08-22T12:00:00Z,2019-10-21T06:00:00Z,2019-10-21T12:00:00Z,2019-11-20T06:00:00Z,train
761,2019-08-22T18:00:00Z,2019-10-21T12:00:00Z,2019-10-21T18:00:00Z,2019-11-20T12:00:00Z,train
762,2019-08-23T00:00:00Z,2019-10-21T18:00:00Z,2019-10-22T00:00:00Z,2019-11-20T18:00:00Z,train
763,2019-08-23T06:00:00Z,2019-10-22T00:00:00Z,2019-10-22T06:00:00Z,2019-11-21T00:00:00Z,train
764,2019-08-23T12:00:00Z,2019-10-22T06:00:00Z,2019-10-22T12:00:00Z,2019-11-21T06:00:00Z,train
765,2019-08-23T18:00:00Z,2019-10-22T12:00:00Z,2019-10-22T18:00:00Z,2019-11-21T12:00:00Z,train
766,2019-08-24T00:00:00Z,2019-10-22T18:00:00Z,2019-10-23T00:00:00Z,2019-11-21T18:00:00Z,train
767,2019-08-24T06:00:00Z,2019-10-23T00:00:00Z,2019-10-23T06:00:00Z,2019-11-22T00:00:00Z,train
768,2019-08-24T12:00:00Z,2019-10-23T06:00:00Z,2019-10-23T12:00:00Z,2019-11-22T06:00:00Z,train
769,2019-08-24T18:00:00Z,2019-10-23T12:00:00Z,2019-10-23T18:00:00Z,2019-11-22T12:00:00Z,train
770,2019-08-25T00:00:00Z,2019-10-23T18:00:00Z,2019-10-24T00:00:00Z,2019-11-22T18:00:00Z,train
771,2019-08-25T06:00:00Z,2019-10-24T00:00:00Z,2019-10-24T06:00:00Z,2019-11-23T00:00:00Z,train
772,2019-08-25T12:00:00Z,2019-10-24T06:00:00Z,2019-10-24T12:00:00Z,2019-11-23T06:00:00Z,train
773,2019-08-25T18:00:00Z,2019-10-24T12:00:00Z,2019-10-24T18:00:00Z,2019-11-23T12:00:00Z,train
774,2019-08-26T00:00:00Z,2019-10-24T18:00:00Z,2019-10-25T00:00:00Z,2019-11-23T18:00:00Z,train
775,2019-08-26T06:00:00Z,2019-10-25T00:00:00Z,2019-10-25T06:00:00Z,2019-11-24T00:00:00Z,train
776,2019-08-26T12:00:00Z,2019-10-25T06:00:00Z,2019-10-25T12:00:00Z,2019-11-24T06:00:00Z,train
777,2019-08-26T18:00:00Z,2019-10-25T12:00:00Z,2019-10-25T18:00:00Z,2019-11-24T12:00:00Z,train
778,2019-08-27T00:00:00Z,2019-10-25T18:00:00Z,2019-10-26T00:00:00Z,2019-11-24T18:00:00Z,train
779,2019-08-27T06:00:00Z,2019-10-26T00:00:00Z,2019-10-26T06:00:00Z,2019-11-25T00:00:00Z,train
780,2019-08-27T12:00:00Z,2019-10-26T06:00:00Z,2019-10-26T12:00:00Z,2019-11-25T06:00:00Z,train
781,2019-08-27T18:00:00Z,2019-10-26T12:00:00Z,2019-10-26T18:00:00Z,2019-11-25T12:00:00Z,train
782,2019-08-28T00:00:00Z,2019-10-26T18:00:00Z,2019-10-27T00:00:00Z,2019-11-25T18:00:00Z,train
783,2019-08-28T06:00:00Z,2019-10-27T00:00:00Z,2019-10-27T06:00:00Z,2019-11-26T00:00:00Z,train
784,2019-08-28T12:00:00Z,2019-10-27T06:00:00Z,2019-10-27T12:00:00Z,2019-11-26T06:00:00Z,train
785,2019-08-28T18:00:00Z,2019-10-27T12:00:00Z,2019-10-27T18:00:00Z,2019-11-26T12:00:00Z,train
786,2019-08-29T00:00:00Z,2019-10-27T18:00:00Z,2019-10-28T00:00:00Z,2019-11-26T18:00:00Z,train
787,2019-08-29T06:00:00Z,2019-10-28T00:00:00Z,2019-10-28T06:00:00Z,2019-11-27T00:00:00Z,train
788,2019-08-29T12:00:00Z,2019-10-28T06:00:00Z,2019-10-28T12:00:00Z,2019-11-27T06:00:00Z,train
789,2019-08-29T18:00:00Z,2019-10-28T12:00:00Z,2019-10-28T18:00:00Z,2019-11-27T12:00:00Z,train
790,2019-08-30T00:00:00Z,2019-10-28T18:00:00Z,2019-10-29T00:00:00Z,2019-11-27T18:00:00Z,train
791,2019-08-30T06:00:00Z,2019-10-29T00:00:00Z,2019-10-29T06:00:00Z,2019-11-28T00:00:00Z,train
792,2019-08-30T12:00:00Z,2019-10-29T06:00:00Z,2019-10-29T12:00:00Z,2019-11-28T06:00:00Z,train
793,2019-08-30T18:00:00Z,2019-10-29T12:00:00Z,2019-10-29T18:00:00Z,2019-11-28T12:00:00Z,train
794,2019-08-31T00:00:00Z,2019-10-29T18:00:00Z,2019-10-30T00:00:00Z,2019-11-28T18:00:00Z,train
795,2019-08-31T06:00:00Z,2019-10-30T00:00:00Z,2019-10-30T06:00:00Z,2019-11-29T00:00:00Z,train
796,2019-08-31T12:00:00Z,2019-10-30T06:00:00Z,2019-10-30T12:00:00Z,2019-11-29T06:00:00Z,train
797,2019-08-31T18:00:00Z,2019-10-30T12:00:00Z,2019-10-30T18:00:00Z,2019-11-29T12:00:00Z,train
798,2019-09-01T00:00:00Z,2019-10-30T18:00:00Z,2019-10-31T00:00:00Z,2019-11-29T18:00:00Z,train
799,2019-09-01T06:00:00Z,2019-10-31T00:00:00Z,2019-10-31T06:00:00Z,2019-11-30T00:00:00Z,train
800,2019-09-01T12:00:00Z,2019-10-31T06:00:00Z,2019-10-31T12:00:00Z,2019-11-30T06:00:00Z,train
801,2019-09-01T18:00:00Z,2019-10-31T12:00:00Z,2019-10-31T18:00:00Z,2019-11-30T12:00:00Z,train
802,2019-09-02T00:00:00Z,2019-10-31T18:00:00Z,2019-11-01T00:00:00Z,2019-11-30T18:00:00Z,train
803,2019-09-02T06:00:00Z,2019-11-01T00:00:00Z,2019-11-01T06:00:00Z,2019-12-01T00:00:00Z,train
804,2019-09-02T12:00:00Z,2019-11-01T06:00:00Z,2019-11-01T12:00:00Z,2019-12-01T06:00:00Z,train
805,2019-09-02T18:00:00Z,2019-11-01T12:00:00Z,2019-11-01T18:00:00Z,2019-12-01T12:00:00Z,train
806,2019-09-03T00:00:00Z,2019-11-01T18:00:00Z,2019-11-02T00:00:00Z,2019-12-01T18:00:00Z,train
807,2019-09-03T06:00:00Z,2019-11-02T00:00:00Z,2019-11-02T06:00:00Z,2019-12-02T00:00:00Z,train
808,2019-09-03T12:00:00Z,2019-11-02T06:00:00Z,2019-11-02T12:00:00Z,2019-12-02T06:00:00Z,train
809,2019-09-03T18:00:00Z,2019-11-02T12:00:00Z,2019-11-02T18:00:00Z,2019-12-02T12:00:00Z,train
810,2019-09-04T00:00:00Z,2019-11-02T18:00:00Z,2019-11-03T00:00:00Z,2019-12-02T18:00:00Z,train
811,2019-09-04T06:00:00Z,2019-11-03T00:00:00Z,2019-11-03T06:00:00Z,2019-12-03T00:00:00Z,train
812,2019-09-04T12:00:00Z,2019-11-03T06:00:00Z,2019-11-03T12:00:00Z,2019-12-03T06:00:00Z,train
813,2019-09-04T18:00:00Z,2019-11-03T12:00:00Z,2019-11-03T18:00:00Z,2019-12-03T12:00:00Z,train
814,2019-09-05T00:00:00Z,2019-11-03T18:00:00Z,2019-11-04T00:00:00Z,2019-12-03T18:00:00Z,train
815,2019-09-05T06:00:00Z,2019-11-04T00:00:00Z,2019-11-04T06:00:00Z,2019-12-04T00:00:00Z,train
816,2019-09-05T12:00:00Z,2019-11-04T06:00:00Z,2019-11-04T12:00:00Z,2019-12-04T06:00:00Z,train
817,2019-09-05T18:00:00Z,2019-11-04T12:00:00Z,2019-11-04T18:00:00Z,2019-12-04T12:00:00Z,train
818,2019-09-06T00:00:00Z,2019-11-04T18:00:00Z,2019-11-05T00:00:00Z,2019-12-04T18:00:00Z,train
819,2019-09-06T06:00:00Z,2019-11-05T00:00:00Z,2019-11-05T06:00:00Z,2019-12-05T00:00:00Z,train
820,2019-09-06T12:00:00Z,2019-11-05T06:00:00Z,2019-11-05T12:00:00Z,2019-12-05T06:00:00Z,train
821,2019-09-06T18:00:00Z,2019-11-05T12:00:00Z,2019-11-05T18:00:00Z,2019-12-05T12:00:00Z,train
822,2019-09-07T00:00:00Z,2019-11-05T18:00:00Z,2019-11-06T00:00:00Z,2019-12-05T18:00:00Z,train
823,2019-09-07T06:00:00Z,2019-11-06T00:00:00Z,2019-11-06T06:00:00Z,2019-12-06T00:00:00Z,train
824,2019-09-07T12:00:00Z,2019-11-06T06:00:00Z,2019-11-06T12:00:00Z,2019-12-06T06:00:00Z,train
825,2019-09-07T18:00:00Z,2019-11-06T12:00:00Z,2019-11-06T18:00:00Z,2019-12-06T12:00:00Z,train
826,2019-09-08T00:00:00Z,2019-11-06T18:00:00Z,2019-11-07T00:00:00Z,2019-12-06T18:00:00Z,train
827,2019-09-08T06:00:00Z,2019-11-07T00:00:00Z,2019-11-07T06:00:00Z,2019-12-07T00:00:00Z,train
828,2019-09-08T12:00:00Z,2019-11-07T06:00:00Z,2019-11-07T12:00:00Z,2019-12-07T06:00:00Z,train
829,2019-09-08T18:00:00Z,2019-11-07T12:00:00Z,2019-11-07T18:00:00Z,2019-12-07T12:00:00Z,train
830,2019-09-09T00:00:00Z,2019-11-07T18:00:00Z,2019-11-08T00:00:00Z,2019-12-07T18:00:00Z,train
831,2019-09-09T06:00:00Z,2019-11-08T00:00:00Z,2019-11-08T06:00:00Z,2019-12-08T00:00:00Z,train
832,2019-09-09T12:00:00Z,2019-11-08T06:00:00Z,2019-11-08T12:00:00Z,2019-12-08T06:00:00Z,train
833,2019-09-09T18:00:00Z,2019-11-08T12:00:00Z,2019-11-08T18:00:00Z,2019-12-08T12:00:00Z,train
834,2019-09-10T00:00:00Z,2019-11-08T18:00:00Z,2019-11-09T00:00:00Z,2019-12-08T18:00:00Z,train
835,2019-09-10T06:00:00Z,2019-11-09T00:00:00Z,2019-11-09T06:00:00Z,2019-12-09T00:00:00Z,train
836,2019-09-10T12:00:00Z,2019-11-09T06:00:00Z,2019-11-09T12:00:00Z,2019-12-09T06:00:00Z,train
837,2019-09-10T18:00:00Z,2019-11-09T12:00:00Z,2019-11-09T18:00:00Z,2019-12-09T12:00:00Z,train
838,2019-09-11T00:00:00Z,2019-11-09T18:00:00Z,2019-11-10T00:00:00Z,2019-12-09T18:00:00Z,train
839,2019-09-11T06:00:00Z,2019-11-10T00:00:00Z,2019-11-10T06:00:00Z,2019-12-10T00:00:00Z,train
840,2019-09-11T12:00:00Z,2019-11-10T06:00:00Z,2019-11-10T12:00:00Z,2019-12-10T06:00:00Z,train
841,2019-09-11T18:00:00Z,2019-11-10T12:00:00Z,2019-11-10T18:00:00Z,2019-12-10T12:00:00Z,train
842,2019-09-12T00:00:00Z,2019-11-10T18:00:00Z,2019-11-11T00:00:00Z,2019-12-10T18:00:00Z,train
843,2019-09-12T06:00:00Z,2019-11-11T00:00:00Z,2019-11-11T06:00:00Z,2019-12-11T00:00:00Z,train
844,2019-09-12T12:00:00Z,2019-11-11T06:00:00Z,2019-11-11T12:00:00Z,2019-12-11T06:00:00Z,train
845,2019-09-12T18:00:00Z,2019-11-11T12:00:00Z,2019-11-11T18:00:00Z,2019-12-11T12:00:00Z,train
846,2019-09-13T00:00:00Z,2019-11-11T18:00:00Z,2019-11-12T00:00:00Z,2019-12-11T18:00:00Z,train
847,2019-09-13T06:00:00Z,2019-11-12T00:00:00Z,2019-11-12T06:00:00Z,2019-12-12T00:00:00Z,train
848,2019-09-13T12:00:00Z,2019-11-12T06:00:00Z,2019-11-12T12:00:00Z,2019-12-12T06:00:00Z,train
849,2019-09-13T18:00:00Z,2019-11-12T12:00:00Z,2019-11-12T18:00:00Z,2019-12-12T12:00:00Z,train
850,2019-09-14T00:00:00Z,2019-11-12T18:00:00Z,2019-11-13T00:00:00Z,2019-12-12T18:00:00Z,train
851,2019-09-14T06:00:00Z,2019-11-13T00:00:00Z,2019-11-13T06:00:00Z,2019-12-13T00:00:00Z,train
852,2019-09-14T12:00:00Z,2019-11-13T06:00:00Z,2019-11-13T12:00:00Z,2019-12-13T06:00:00Z,train
853,2019-09-14T18:00:00Z,2019-11-13T12:00:00Z,2019-11-13T18:00:00Z,2019-12-13T12:00:00Z,train
854,2019-09-15T00:00:00Z,2019-11-13T18:00:00Z,2019-11-14T00:00:00Z,2019-12-13T18:00:00Z,train
855,2019-09-15T06:00:00Z,2019-11-14T00:00:00Z,2019-11-14T06:00:00Z,2019-12-14T00:00:00Z,train
856,2019-09-15T12:00:00Z,2019-11-14T06:00:00Z,2019-11-14T12:00:00Z,2019-12-14T06:00:00Z,train
857,2019-09-15T18:00:00Z,2019-11-14T12:00:00Z,2019-11-14T18:00:00Z,2019-12-14T12:00:00Z,train
858,2019-09-16T00:00:00Z,2019-11-14T18:00:00Z,2019-11-15T00:00:00Z,2019-12-14T18:00:00Z,train
859,2019-09-16T06:00:00Z,2019-11-15T00:00:00Z,2019-11-15T06:00:00Z,2019-12-15T00:00:00Z,train
860,2019-09-16T12:00:00Z,2019-11-15T06:00:00Z,2019-11-15T12:00:00Z,2019-12-15T06:00:00Z,train
861,2019-09-16T18:00:00Z,2019-11-15T12:00:00Z,2019-11-15T18:00:00Z,2019-12-15T12:00:00Z,train
862,2019-09-17T00:00:00Z,2019-11-15T18:00:00Z,2019-11-16T00:00:00Z,2019-12-15T18:00:00Z,train
863,2019-09-17T06:00:00Z,2019-11-16T00:00:00Z,2019-11-16T06:00:00Z,2019-12-16T00:00:00Z,train
864,2019-09-17T12:00:00Z,2019-11-16T06:00:00Z,2019-11-16T12:00:00Z,2019-12-16T06:00:00Z,train
865,2019-09-17T18:00:00Z,2019-11-16T12:00:00Z,2019-11-16T18:00:00Z,2019-12-16T12:00:00Z,train
866,2019-09-18T00:00:00Z,2019-11-16T18:00:00Z,2019-11-17T00:00:00Z,2019-12-16T18:00:00Z,train
867,2019-09-18T06:00:00Z,2019-11-17T00:00:00Z,2019-11-17T06:00:00Z,2019-12-17T00:00:00Z,train
868,2019-09-18T12:00:00Z,2019-11-17T06:00:00Z,2019-11-17T12:00:00Z,2019-12-17T06:00:00Z,train
869,2019-09-18T18:00:00Z,2019-11-17T12:00:00Z,2019-11-17T18:00:00Z,2019-12-17T12:00:00Z,train
870,2019-09-19T00:00:00Z,2019-11-17T18:00:00Z,2019-11-18T00:00:00Z,2019-12-17T18:00:00Z,train
871,2019-09-19T06:00:00Z,2019-11-18T00:00:00Z,2019-11-18T06:00:00Z,2019-12-18T00:00:00Z,train
872,2019-09-19T12:00:00Z,2019-11-18T06:00:00Z,2019-11-18T12:00:00Z,2019-12-18T06:00:00Z,train
873,2019-09-19T18:00:00Z,2019-11-18T12:00:00Z,2019-11-18T18:00:00Z,2019-12-18T12:00:00Z,train
874,2019-09-20T00:00:00Z,2019-11-18T18:00:00Z,2019-11-19T00:00:00Z,2019-12-18T18:00:00Z,train
875,2019-09-20T06:00:00Z,2019-11-19T00:00:00Z,2019-11-19T06:00:00Z,2019-12-19T00:00:00Z,train
876,2019-09-20T12:00:00Z,2019-11-19T06:00:00Z,2019-11-19T12:00:00Z,2019-12-19T06:00:00Z,train
877,2019-09-20T18:00:00Z,2019-11-19T12:00:00Z,2019-11-19T18:00:00Z,2019-12-19T12:00:00Z,train
878,2019-09-21T00:00:00Z,2019-11-19T18:00:00Z,2019-11-20T00:00:00Z,2019-12-19T18:00:00Z,train
879,2019-09-21T06:00:00Z,2019-11-20T00:00:00Z,2019-11-20T06:00:00Z,2019-12-20T00:00:00Z,train
880,2019-09-21T12:00:00Z,2019-11-20T06:00:00Z,2019-11-20T12:00:00Z,2019-12-20T06:00:00Z,train
881,2019-09-21T18:00:00Z,2019-11-20T12:00:00Z,2019-11-20T18:00:00Z,2019-12-20T12:00:00Z,train
882,2019-09-22T00:00:00Z,2019-11-20T18:00:00Z,2019-11-21T00:00:00Z,2019-12-20T18:00:00Z,train
883,2019-09-22T06:00:00Z,2019-11-21T00:00:00Z,2019-11-21T06:00:00Z,2019-12-21T00:00:00Z,train
884,2019-09-22T12:00:00Z,2019-11-21T06:00:00Z,2019-11-21T12:00:00Z,2019-12-21T06:00:00Z,train
885,2019-09-22T18:00:00Z,2019-11-21T12:00:00Z,2019-11-21T18:00:00Z,2019-12-21T12:00:00Z,train
886,2019-09-23T00:00:00Z,2019-11-21T18:00:00Z,2019-11-22T00:00:00Z,2019-12-21T18:00:00Z,train
887,2019-09-23T06:00:00Z,2019-11-22T00:00:00Z,2019-11-22T06:00:00Z,2019-12-22T00:00:00Z,train
888,2019-09-23T12:00:00Z,2019-11-22T06:00:00Z,2019-11-22T12:00:00Z,2019-12-22T06:00:00Z,train
889,2019-09-23T18:00:00Z,2019-11-22T12:00:00Z,2019-11-22T18:00:00Z,2019-12-22T12:00:00Z,train
890,2019-09-24T00:00:00Z,2019-11-22T18:00:00Z,2019-11-23T00:00:00Z,2019-12-22T18:00:00Z,train
891,2019-09-24T06:00:00Z,2019-11-23T00:00:00Z,2019-11-23T06:00:00Z,2019-12-23T00:00:00Z,train
892,2019-09-24T12:00:00Z,2019-11-23T06:00:00Z,2019-11-23T12:00:00Z,2019-12-23T06:00:00Z,train
893,2019-09-24T18:00:00Z,2019-11-23T12:00:00Z,2019-11-23T18:00:00Z,2019-12-23T12:00:00Z,train
894,2019-09-25T00:00:00Z,2019-11-23T18:00:00Z,2019-11-24T00:00:00Z,2019-12-23T18:00:00Z,train
895,2019-09-25T06:00:00Z,2019-11-24T00:00:00Z,2019-11-24T06:00:00Z,2019-12-24T00:00:00Z,train
896,2019-09-25T12:00:00Z,2019-11-24T06:00:00Z,2019-11-24T12:00:00Z,2019-12-24T06:00:00Z,train
897,2019-09-25T18:00:00Z,2019-11-24T12:00:00Z,2019-11-24T18:00:00Z,2019-12-24T12:00:00Z,train
898,2019-09-26T00:00:00Z,2019-11-24T18:00:00Z,2019-11-25T00:00:00Z,2019-12-24T18:00:00Z,train
899,2019-09-26T06:00:00Z,2019-11-25T00:00:00Z,2019-11-25T06:00:00Z,2019-12-25T00:00:00Z,train
900,2019-09-26T12:00:00Z,2019-11-25T06:00:00Z,2019-11-25T12:00:00Z,2019-12-25T06:00:00Z,train
901,2019-09-26T18:00:00Z,2019-11-25T12:00:00Z,2019-11-25T18:00:00Z,2019-12-25T12:00:00Z,train
902,2019-09-27T00:00:00Z,2019-11-25T18:00:00Z,2019-11-26T00:00:00Z,2019-12-25T18:00:00Z,train
903,2019-09-27T06:00:00Z,2019-11-26T00:00:00Z,2019-11-26T06:00:00Z,2019-12-26T00:00:00Z,train
904,2019-09-27T12:00:00Z,2019-11-26T06:00:00Z,2019-11-26T12:00:00Z,2019-12-26T06:00:00Z,train
905,2019-09-27T18:00:00Z,2019-11-26T12:00:00Z,2019-11-26T18:00:00Z,2019-12-26T12:00:00Z,train
906,2019-09-28T00:00:00Z,2019-11-26T18:00:00Z,2019-11-27T00:00:00Z,2019-12-26T18:00:00Z,train
907,2019-09-28T06:00:00Z,2019-11-27T00:00:00Z,2019-11-27T06:00:00Z,2019-12-27T00:00:00Z,train
908,2019-09-28T12:00:00Z,2019-11-27T06:00:00Z,2019-11-27T12:00:00Z,2019-12-27T06:00:00Z,train
909,2019-09-28T18:00:00Z,2019-11-27T12:00:00Z,2019-11-27T18:00:00Z,2019-12-27T12:00:00Z,train
910,2019-09-29T00:00:00Z,2019-11-27T18:00:00Z,2019-11-28T00:00:00Z,2019-12-27T18:00:00Z,train
911,2019-09-29T06:00:00Z,2019-11-28T00:00:00Z,2019-11-28T06:00:00Z,2019-12-28T00:00:00Z,train
912,2019-09-29T12:00:00Z,2019-11-28T06:00:00Z,2019-11-28T12:00:00Z,2019-12-28T06:00:00Z,train
913,2019-09-29T18:00:00Z,2019-11-28T12:00:00Z,2019-11-28T18:00:00Z,2019-12-28T12:00:00Z,train
914,2019-09-30T00:00:00Z,2019-11-28T18:00:00Z,2019-11-29T00:00:00Z,2019-12-28T18:00:00Z,train
915,2019-09-30T06:00:00Z,2019-11-29T00:00:00Z,2019-11-29T06:00:00Z,2019-12-29T00:00:00Z,train
916,2019-09-30T12:00:00Z,2019-11-29T06:00:00Z,2019-11-29T12:00:00Z,2019-12-29T06:00:00Z,train
917,2019-09-30T18:00:00Z,2019-11-29T12:00:00Z,2019-11-29T18:00:00Z,2019-12-29T12:00:00Z,train
918,2019-10-01T00:00:00Z,2019-11-29T18:00:00Z,2019-11-30T00:00:00Z,2019-12-29T18:00:00Z,train
919,2019-10-01T06:00:00Z,2019-11-30T00:00:00Z,2019-11-30T06:00:00Z,2019-12-30T00:00:00Z,train
920,2019-10-01T12:00:00Z,2019-11-30T06:00:00Z,2019-11-30T12:00:00Z,2019-12-30T06:00:00Z,train
921,2019-10-01T18:00:00Z,2019-11-30T12:00:00Z,2019-11-30T18:00:00Z,2019-12-30T12:00:00Z,train
922,2019-10-02T00:00:00Z,2019-11-30T18:00:00Z,2019-12-01T00:00:00Z,2019-12-30T18:00:00Z,train
923,2019-10-02T06:00:00Z,2019-12-01T00:00:00Z,2019-12-01T06:00:00Z,2019-12-31T00:00:00Z,train
924,2019-10-02T12:00:00Z,2019-12-01T06:00:00Z,2019-12-01T12:00:00Z,2019-12-31T06:00:00Z,train
925,2019-10-02T18:00:00Z,2019-12-01T12:00:00Z,2019-12-01T18:00:00Z,2019-12-31T12:00:00Z,train
926,2019-10-03T00:00:00Z,2019-12-01T18:00:00Z,2019-12-02T00:00:00Z,2019-12-31T18:00:00Z,train
927,2019-10-03T06:00:00Z,2019-12-02T00:00:00Z,2019-12-02T06:00:00Z,2020-01-01T00:00:00Z,train
928,2019-10-03T12:00:00Z,2019-12-02T06:00:00Z,2019-12-02T12:00:00Z,2020-01-01T06:00:00Z,train
929,2019-10-03T18:00:00Z,2019-12-02T12:00:00Z,2019-12-02T18:00:00Z,2020-01-01T12:00:00Z,train
930,2019-10-04T00:00:00Z,2019-12-02T18:00:00Z,2019-12-03T00:00:00Z,2020-01-01T18:00:00Z,train
931,2019-10-04T06:00:00Z,2019-12-03T00:00:00Z,2019-12-03T06:00:00Z,2020-01-02T00:00:00Z,train
932,2019-10-04T12:00:00Z,2019-12-03T06:00:00Z,2019-12-03T12:00:00Z,2020-01-02T06:00:00Z,train
933,2019-10-04T18:00:00Z,2019-12-03T12:00:00Z,2019-12-03T18:00:00Z,2020-01-02T12:00:00Z,train
934,2019-10-05T00:00:00Z,2019-12-03T18:00:00Z,2019-12-04T00:00:00Z,2020-01-02T18:00:00Z,train
935,2019-10-05T06:00:00Z,2019-12-04T00:00:00Z,2019-12-04T06:00:00Z,2020-01-03T00:00:00Z,train
936,2019-10-05T12:00:00Z,2019-12-04T06:00:00Z,2019-12-04T12:00:00Z,2020-01-03T06:00:00Z,train
937,2019-10-05T18:00:00Z,2019-12-04T12:00:00Z,2019-12-04T18:00:00Z,2020-01-03T12:00:00Z,train
938,2019-10-06T00:00:00Z,2019-12-04T18:00:00Z,2019-12-05T00:00:00Z,2020-01-03T18:00:00Z,train
939,2019-10-06T06:00:00Z,2019-12-05T00:00:00Z,2019-12-05T06:00:00Z,2020-01-04T00:00:00Z,train
940,2019-10-06T12:00:00Z,2019-12-05T06:00:00Z,2019-12-05T12:00:00Z,2020-01-04T06:00:00Z,train
941,2019-10-06T18:00:00Z,2019-12-05T12:00:00Z,2019-12-05T18:00:00Z,2020-01-04T12:00:00Z,train
942,2019-10-07T00:00:00Z,2019-12-05T18:00:00Z,2019-12-06T00:00:00Z,2020-01-04T18:00:00Z,train
943,2019-10-07T06:00:00Z,2019-12-06T00:00:00Z,2019-12-06T06:00:00Z,2020-01-05T00:00:00Z,train
944,2019-10-07T12:00:00Z,2019-12-06T06:00:00Z,2019-12-06T12:00:00Z,2020-01-05T06:00:00Z,train
945,2019-10-07T18:00:00Z,2019-12-06T12:00:00Z,2019-12-06T18:00:00Z,2020-01-05T12:00:00Z,train
946,2019-10-08T00:00:00Z,2019-12-06T18:00:00Z,2019-12-07T00:00:00Z,2020-01-05T18:00:00Z,train
947,2019-10-08T06:00:00Z,2019-12-07T00:00:00Z,2019-12-07T06:00:00Z,2020-01-06T00:00:00Z,train
948,2019-10-08T12:00:00Z,2019-12-07T06:00:00Z,2019-12-07T12:00:00Z,2020-01-06T06:00:00Z,train
949,2019-10-08T18:00:00Z,2019-12-07T12:00:00Z,2019-12-07T18:00:00Z,2020-01-06T12:00:00Z,train
950,2019-10-09T00:00:00Z,2019-12-07T18:00:00Z,2019-12-08T00:00:00Z,2020-01-06T18:00:00Z,train
951,2019-10-09T06:00:00Z,2019-12-08T00:00:00Z,2019-12-08T06:00:00Z,2020-01-07T00:00:00Z,train
952,2019-10-09T12:00:00Z,2019-12-08T06:00:00Z,2019-12-08T12:00:00Z,2020-01-07T06:00:00Z,train
953,2019-10-09T18:00:00Z,2019-12-08T12:00:00Z,2019-12-08T18:00:00Z,2020-01-07T12:00:00Z,train
954,2019-10-10T00:00:00Z,2019-12-08T18:00:00Z,2019-12-09T00:00:00Z,2020-01-07T18:00:00Z,train
955,2019-10-10T06:00:00Z,2019-12-09T00:00:00Z,2019-12-09T06:00:00Z,2020-01-08T00:00:00Z,train
956,2019-10-10T12:00:00Z,2019-12-09T06:00:00Z,2019-12-09T12:00:00Z,2020-01-08T06:00:00Z,train
957,2019-10-10T18:00:00Z,2019-12-09T12:00:00Z,2019-12-09T18:00:00Z,2020-01-08T12:00:00Z,train
958,2019-10-11T00:00:00Z,2019-12-09T18:00:00Z,2019-12-10T00:00:00Z,2020-01-08T18:00:00Z,train
959,2019-10-11T06:00:00Z,2019-12-10T00:00:00Z,2019-12-10T06:00:00Z,2020-01-09T00:00:00Z,train
960,2019-10-11T12:00:00Z,2019-12-10T06:00:00Z,2019-12-10T12:00:00Z,2020-01-09T06:00:00Z,train
961,2019-10-11T18:00:00Z,2019-12-10T12:00:00Z,2019-12-10T18:00:00Z,2020-01-09T12:00:00Z,train
962,2019-10-12T00:00:00Z,2019-12-10T18:00:00Z,2019-12-11T00:00:00Z,2020-01-09T18:00:00Z,train
963,2019-10-12T06:00:00Z,2019-12-11T00:00:00Z,2019-12-11T06:00:00Z,2020-01-10T00:00:00Z,train
964,2019-10-12T12:00:00Z,2019-12-11T06:00:00Z,2019-12-11T12:00:00Z,2020-01-10T06:00:00Z,train
965,2019-10-12T18:00:00Z,2019-12-11T12:00:00Z,2019-12-11T18:00:00Z,2020-01-10T12:00:00Z,train
966,2019-10-13T00:00:00Z,2019-12-11T18:00:00Z,2019-12-12T00:00:00Z,2020-01-10T18:00:00Z,train
967,2019-10-13T06:00:00Z,2019-12-12T00:00:00Z,2019-12-12T06:00:00Z,2020-01-11T00:00:00Z,train
968,2019-10-13T12:00:00Z,2019-12-12T06:00:00Z,2019-12-12T12:00:00Z,2020-01-11T06:00:00Z,train
969,2019-10-13T18:00:00Z,2019-12-12T12:00:00Z,2019-12-12T18:00:00Z,2020-01-11T12:00:00Z,train
970,2019-10-14T00:00:00Z,2019-12-12T18:00:00Z,2019-12-13T00:00:00Z,2020-01-11T18:00:00Z,train
971,2019-10-14T06:00:00Z,2019-12-13T00:00:00Z,2019-12-13T06:00:00Z,2020-01-12T00:00:00Z,train
972,2019-10-14T12:00:00Z,2019-12-13T06:00:00Z,2019-12-13T12:00:00Z,2020-01-12T06:00:00Z,train
973,2019-10-14T18:00:00Z,2019-12-13T12:00:00Z,2019-12-13T18:00:00Z,2020-01-12T12:00:00Z,train
974,2019-10-15T00:00:00Z,2019-12-13T18:00:00Z,2019-12-14T00:00:00Z,2020-01-12T18:00:00Z,train
975,2019-10-15T06:00:00Z,2019-12-14T00:00:00Z,2019-12-14T06:00:00Z,2020-01-13T00:00:00Z,train
976,2019-10-15T12:00:00Z,2019-12-14T06:00:00Z,2019-12-14T12:00:00Z,2020-01-13T06:00:00Z,train
977,2019-10-15T18:00:00Z,2019-12-14T12:00:00Z,2019-12-14T18:00:00Z,2020-01-13T12:00:00Z,train
978,2019-10-16T00:00:00Z,2019-12-14T18:00:00Z,2019-12-15T00:00:00Z,2020-01-13T18:00:00Z,train
979,2019-10-16T06:00:00Z,2019-12-15T00:00:00Z,2019-12-15T06:00:00Z,2020-01-14T00:00:00Z,train
980,2019-10-16T12:00:00Z,2019-12-15T06:00:00Z,2019-12-15T12:00:00Z,2020-01-14T06:00:00Z,train
981,2019-10-16T18:00:00Z,2019-12-15T12:00:00Z,2019-12-15T18:00:00Z,2020-01-14T12:00:00Z,train
982,2019-10-17T00:00:00Z,2019-12-15T18:00:00Z,2019-12-16T00:00:00Z,2020-01-14T18:00:00Z,train
983,2019-10-17T06:00:00Z,2019-12-16T00:00:00Z,2019-12-16T06:00:00Z,2020-01-15T00:00:00Z,train
984,2019-10-17T12:00:00Z,2019-12-16T06:00:00Z,2019-12-16T12:00:00Z,2020-01-15T06:00:00Z,train
985,2019-10-17T18:00:00Z,2019-12-16T12:00:00Z,2019-12-16T18:00:00Z,2020-01-15T12:00:00Z,train
986,2019-10-18T00:00:00Z,2019-12-16T18:00:00Z,2019-12-17T00:00:00Z,2020-01-15T18:00:00Z,train
987,2019-10-18T06:00:00Z,2019-12-17T00:00:00Z,2019-12-17T06:00:00Z,2020-01-16T00:00:00Z,train
988,2019-10-18T12:00:00Z,2019-12-17T06:00:00Z,2019-12-17T12:00:00Z,2020-01-16T06:00:00Z,train
989,2019-10-18T18:00:00Z,2019-12-17T12:00:00Z,2019-12-17T18:00:00Z,2020-01-16T12:00:00Z,train
990,2019-10-19T00:00:00Z,2019-12-17T18:00:00Z,2019-12-18T00:00:00Z,2020-01-16T18:00:00Z,train
991,2019-10-19T06:00:00Z,2019-12-18T00:00:00Z,2019-12-18T06:00:00Z,2020-01-17T00:00:00Z,train
992,2019-10-19T12:00:00Z,2019-12-18T06:00:00Z,2019-12-18T12:00:00Z,2020-01-17T06:00:00Z,train
993,2019-10-19T18:00:00Z,2019-12-18T12:00:00Z,2019-12-18T18:00:00Z,2020-01-17T12:00:00Z,train
994,2019-10-20T00:00:00Z,2019-12-18T18:00:00Z,2019-12-19T00:00:00Z,2020-01-17T18:00:00Z,train
995,2019-10-20T06:00:00Z,2019-12-19T00:00:00Z,2019-12-19T06:00:00Z,2020-01-18T00:00:00Z,train
996,2019-10-20T12:00:00Z,2019-12-19T06:00:00Z,2019-12-19T12:00:00Z,2020-01-18T06:00:00Z,train
997,2019-10-20T18:00:00Z,2019-12-19T12:00:00Z,2019-12-19T18:00:00Z,2020-01-18T12:00:00Z,train
998,2019-10-21T00:00:00Z,2019-12-19T18:00:00Z,2019-12-20T00:00:00Z,2020-01-18T18:00:00Z,train
999,2019-10-21T06:00:00Z,2019-12-20T00:00:00Z,2019-12-20T06:00:00Z,2020-01-19T00:00:00Z,train
1000,2019-10-21T12:00:00Z,2019-12-20T06:00:00Z,2019-12-20T12:00:00Z,2020-01-19T06:00:00Z,train
1001,2019-10-21T18:00:00Z,2019-12-20T12:00:00Z,2019-12-20T18:00:00Z,2020-01-19T12:00:00Z,train
1002,2019-10-22T00:00:00Z,2019-12-20T18:00:00Z,2019-12-21T00:00:00Z,2020-01-19T18:00:00Z,train
1003,2019-10-22T06:00:00Z,2019-12-21T00:00:00Z,2019-12-21T06:00:00Z,2020-01-20T00:00:00Z,train
1004,2019-10-22T12:00:00Z,2019-12-21T06:00:00Z,2019-12-21T12:00:00Z,2020-01-20T06:00:00Z,train
1005,2019-10-22T18:00:00Z,2019-12-21T12:00:00Z,2019-12-21T18:00:00Z,2020-01-20T12:00:00Z,train
1006,2019-10-23T00:00:00Z,2019-12-21T18:00:00Z,2019-12-22T00:00:00Z,2020-01-20T18:00:00Z,train
1007,2019-10-23T06:00:00Z,2019-12-22T00:00:00Z,2019-12-22T06:00:00Z,2020-01-21T00:00:00Z,train
1008,2019-10-23T12:00:00Z,2019-12-22T06:00:00Z,2019-12-22T12:00:00Z,2020-01-21T06:00:00Z,train
1009,2019-10-23T18:00:00Z,2019-12-22T12:00:00Z,2019-12-22T18:00:00Z,2020-01-21T12:00:00Z,train
1010,2019-10-24T00:00:00Z,2019-12-22T18:00:00Z,2019-12-23T00:00:00Z,2020-01-21T18:00:00Z,train
1011,2019-10-24T06:00:00Z,2019-12-23T00:00:00Z,2019-12-23T06:00:00Z,2020-01-22T00:00:00Z,train
1012,2019-10-24T12:00:00Z,2019-12-23T06:00:00Z,2019-12-23T12:00:00Z,2020-01-22T06:00:00Z,train
1013,2019-10-24T18:00:00Z,2019-12-23T12:00:00Z,2019-12-23T18:00:00Z,2020-01-22T12:00:00Z,train
1014,2019-10-25T00:00:00Z,2019-12-23T18:00:00Z,2019-12-24T00:00:00Z,2020-01-22T18:00:00Z,train
1015,2019-10-25T06:00:00Z,2019-12-24T00:00:00Z,2019-12-24T06:00:00Z,2020-01-23T00:00:00Z,train
1016,2019-10-25T12:00:00Z,2019-12-24T06:00:00Z,2019-12-24T12:00:00Z,2020-01-23T06:00:00Z,train
1017,2019-10-25T18:00:00Z,2019-12-24T12:00:00Z,2019-12-24T18:00:00Z,2020-01-23T12:00:00Z,train
1018,2019-10-26T00:00:00Z,2019-12-24T18:00:00Z,2019-12-25T00:00:00Z,2020-01-23T18:00:00Z,train
1019,2019-10-26T06:00:00Z,2019-12-25T00:00:00Z,2019-12-25T06:00:00Z,2020-01-24T00:00:00Z,train
1020,2019-10-26T12:00:00Z,2019-12-25T06:00:00Z,2019-12-25T12:00:00Z,2020-01-24T06:00:00Z,train
1021,2019-10-26T18:00:00Z,2019-12-25T12:00:00Z,2019-12-25T18:00:00Z,2020-01-24T12:00:00Z,train
1022,2019-10-27T00:00:00Z,2019-12-25T18:00:00Z,2019-12-26T00:00:00Z,2020-01-24T18:00:00Z,train
1023,2019-10-27T06:00:00Z,2019-12-26T00:00:00Z,2019-12-26T06:00:00Z,2020-01-25T00:00:00Z,train
1024,2019-10-27T12:00:00Z,2019-12-26T06:00:00Z,2019-12-26T12:00:00Z,2020-01-25T06:00:00Z,train
1025,2019-10-27T18:00:00Z,2019-12-26T12:00:00Z,2019-12-26T18:00:00Z,2020-01-25T12:00:00Z,train
1026,2019-10-28T00:00:00Z,2019-12-26T18:00:00Z,2019-12-27T00:00:00Z,2020-01-25T18:00:00Z,train
1027,2019-10-28T06:00:00Z,2019-12-27T00:00:00Z,2019-12-27T06:00:00Z,2020-01-26T00:00:00Z,train
1028,2019-10-28T12:00:00Z,2019-12-27T06:00:00Z,2019-12-27T12:00:00Z,2020-01-26T06:00:00Z,train
1029,2019-10-28T18:00:00Z,2019-12-27T12:00:00Z,2019-12-27T18:00:00Z,2020-01-26T12:00:00Z,train
1030,2019-10-29T00:00:00Z,2019-12-27T18:00:00Z,2019-12-28T00:00:00Z,2020-01-26T18:00:00Z,train
1031,2019-10-29T06:00:00Z,2019-12-28T00:00:00Z,2019-12-28T06:00:00Z,2020-01-27T00:00:00Z,train
1032,2019-10-29T12:00:00Z,2019-12-28T06:00:00Z,2019-12-28T12:00:00Z,2020-01-27T06:00:00Z,train
1033,2019-10-29T18:00:00Z,2019-12-28T12:00:00Z,2019-12-28T18:00:00Z,2020-01-27T12:00:00Z,train
1034,2019-10-30T00:00:00Z,2019-12-28T18:00:00Z,2019-12-29T00:00:00Z,2020-01-27T18:00:00Z,train
1035,2019-10-30T06:00:00Z,2019-12-29T00:00:00Z,2019-12-29T06:00:00Z,2020-01-28T00:00:00Z,train
1036,2019-10-30T12:00:00Z,2019-12-29T06:00:00Z,2019-12-29T12:00:00Z,2020-01-28T06:00:00Z,train
1037,2019-10-30T18:00:00Z,2019-12-29T12:00:00Z,2019-12-29T18:00:00Z,2020-01-28T12:00:00Z,train
1038,2019-10-31T00:00:00Z,2019-12-29T18:00:00Z,2019-12-30T00:00:00Z,2020-01-28T18:00:00Z,train
1039,2019-10-31T06:00:00Z,2019-12-30T00:00:00Z,2019-12-30T06:00:00Z,2020-01-29T00:00:00Z,train
1040,2019-10-31T12:00:00Z,2019-12-30T06:00:00Z,2019-12-30T12:00:00Z,2020-01-29T06:00:00Z,train
1041,2019-10-31T18:00:00Z,2019-12-30T12:00:00Z,2019-12-30T18:00:00Z,2020-01-29T12:00:00Z,train
1042,2019-11-01T00:00:00Z,2019-12-30T18:00:00Z,2019-12-31T00:00:00Z,2020-01-29T18:00:00Z,train
1043,2019-11-01T06:00:00Z,2019-12-31T00:00:00Z,2019-12-31T06:00:00Z,2020-01-30T00:00:00Z,train
1044,2019-11-01T12:00:00Z,2019-12-31T06:00:00Z,2019-12-31T12:00:00Z,2020-01-30T06:00:00Z,train
1045,2019-11-01T18:00:00Z,2019-12-31T12:00:00Z,2019-12-31T18:00:00Z,2020-01-30T12:00:00Z,train
1046,2019-11-02T00:00:00Z,2019-12-31T18:00:00Z,2020-01-01T00:00:00Z,2020-01-30T18:00:00Z,train
1047,2019-11-02T06:00:00Z,2020-01-01T00:00:00Z,2020-01-01T06:00:00Z,2020-01-31T00:00:00Z,train
1048,2019-11-02T12:00:00Z,2020-01-01T06:00:00Z,2020-01-01T12:00:00Z,2020-01-31T06:00:00Z,train
1049,2019-11-02T18:00:00Z,2020-01-01T12:00:00Z,2020-01-01T18:00:00Z,2020-01-31T12:00:00Z,train
1050,2019-11-03T00:00:00Z,2020-01-01T18:00:00Z,2020-01-02T00:00:00Z,2020-01-31T18:00:00Z,train
1051,2019-11-03T06:00:00Z,2020-01-02T00:00:00Z,2020-01-02T06:00:00Z,2020-02-01T00:00:00Z,train
1052,2019-11-03T12:00:00Z,2020-01-02T06:00:00Z,2020-01-02T12:00:00Z,2020-02-01T06:00:00Z,train
1053,2019-11-03T18:00:00Z,2020-01-02T12:00:00Z,2020-01-02T18:00:00Z,2020-02-01T12:00:00Z,train
1054,2019-11-04T00:00:00Z,2020-01-02T18:00:00Z,2020-01-03T00:00:00Z,2020-02-01T18:00:00Z,train
1055,2019-11-04T06:00:00Z,2020-01-03T00:00:00Z,2020-01-03T06:00:00Z,2020-02-02T00:00:00Z,train
1056,2019-11-04T12:00:00Z,2020-01-03T06:00:00Z,2020-01-03T12:00:00Z,2020-02-02T06:00:00Z,train
1057,2019-11-04T18:00:00Z,2020-01-03T12:00:00Z,2020-01-03T18:00:00Z,2020-02-02T12:00:00Z,train
1058,2019-11-05T00:00:00Z,2020-01-03T18:00:00Z,2020-01-04T00:00:00Z,2020-02-02T18:00:00Z,train
1059,2019-11-05T06:00:00Z,2020-01-04T00:00:00Z,2020-01-04T06:00:00Z,2020-02-03T00:00:00Z,train
1060,2019-11-05T12:00:00Z,2020-01-04T06:00:00Z,2020-01-04T12:00:00Z,2020-02-03T06:00:00Z,train
1061,2019-11-05T18:00:00Z,2020-01-04T12:00:00Z,2020-01-04T18:00:00Z,2020-02-03T12:00:00Z,train
1062,2019-11-06T00:00:00Z,2020-01-04T18:00:00Z,2020-01-05T00:00:00Z,2020-02-03T18:00:00Z,train
1063,2019-11-06T06:00:00Z,2020-01-05T00:00:00Z,2020-01-05T06:00:00Z,2020-02-04T00:00:00Z,train
1064,2019-11-06T12:00:00Z,2020-01-05T06:00:00Z,2020-01-05T12:00:00Z,2020-02-04T06:00:00Z,train
1065,2019-11-06T18:00:00Z,2020-01-05T12:00:00Z,2020-01-05T18:00:00Z,2020-02-04T12:00:00Z,train
1066,2019-11-07T00:00:00Z,2020-01-05T18:00:00Z,2020-01-06T00:00:00Z,2020-02-04T18:00:00Z,train
1067,2019-11-07T06:00:00Z,2020-01-06T00:00:00Z,2020-01-06T06:00:00Z,2020-02-05T00:00:00Z,train
1068,2019-11-07T12:00:00Z,2020-01-06T06:00:00Z,2020-01-06T12:00:00Z,2020-02-05T06:00:00Z,train
1069,2019-11-07T18:00:00Z,2020-01-06T12:00:00Z,2020-01-06T18:00:00Z,2020-02-05T12:00:00Z,train
1070,2019-11-08T00:00:00Z,2020-01-06T18:00:00Z,2020-01-07T00:00:00Z,2020-02-05T18:00:00Z,train
1071,2019-11-08T06:00:00Z,2020-01-07T00:00:00Z,2020-01-07T06:00:00Z,2020-02-06T00:00:00Z,train
1072,2019-11-08T12:00:00Z,2020-01-07T06:00:00Z,2020-01-07T12:00:00Z,2020-02-06T06:00:00Z,train
1073,2019-11-08T18:00:00Z,2020-01-07T12:00:00Z,2020-01-07T18:00:00Z,2020-02-06T12:00:00Z,train
1074,2019-11-09T00:00:00Z,2020-01-07T18:00:00Z,2020-01-08T00:00:00Z,2020-02-06T18:00:00Z,train
1075,2019-11-09T06:00:00Z,2020-01-08T00:00:00Z,2020-01-08T06:00:00Z,2020-02-07T00:00:00Z,train
1076,2019-11-09T12:00:00Z,2020-01-08T06:00:00Z,2020-01-08T12:00:00Z,2020-02-07T06:00:00Z,train
1077,2019-11-09T18:00:00Z,2020-01-08T12:00:00Z,2020-01-08T18:00:00Z,2020-02-07T12:00:00Z,train
1078,2019-11-10T00:00:00Z,2020-01-08T18:00:00Z,2020-01-09T00:00:00Z,2020-02-07T18:00:00Z,train
1079,2019-11-10T06:00:00Z,2020-01-09T00:00:00Z,2020-01-09T06:00:00Z,2020-02-08T00:00:00Z,train
1080,2019-11-10T12:00:00Z,2020-01-09T06:00:00Z,2020-01-09T12:00:00Z,2020-02-08T06:00:00Z,train
1081,2019-11-10T18:00:00Z,2020-01-09T12:00:00Z,2020-01-09T18:00:00Z,2020-02-08T12:00:00Z,train
1082,2019-11-11T00:00:00Z,2020-01-09T18:00:00Z,2020-01-10T00:00:00Z,2020-02-08T18:00:00Z,train
1083,2019-11-11T06:00:00Z,2020-01-10T00:00:00Z,2020-01-10T06:00:00Z,2020-02-09T00:00:00Z,train
1084,2019-11-11T12:00:00Z,2020-01-10T06:00:00Z,2020-01-10T12:00:00Z,2020-02-09T06:00:00Z,train
1085,2019-11-11T18:00:00Z,2020-01-10T12:00:00Z,2020-01-10T18:00:00Z,2020-02-09T12:00:00Z,train
1086,2019-11-12T00:00:00Z,2020-01-10T18:00:00Z,2020-01-11T00:00:00Z,2020-02-09T18:00:00Z,train
1087,2019-11-12T06:00:00Z,2020-01-11T00:00:00Z,2020-01-11T06:00:00Z,2020-02-10T00:00:00Z,train
1088,2019-11-12T12:00:00Z,2020-01-11T06:00:00Z,2020-01-11T12:00:00Z,2020-02-10T06:00:00Z,train
1089,2019-11-12T18:00:00Z,2020-01-11T12:00:00Z,2020-01-11T18:00:00Z,2020-02-10T12:00:00Z,train
1090,2019-11-13T00:00:00Z,2020-01-11T18:00:00Z,2020-01-12T00:00:00Z,2020-02-10T18:00:00Z,train
1091,2019-11-13T06:00:00Z,2020-01-12T00:00:00Z,2020-01-12T06:00:00Z,2020-02-11T00:00:00Z,train
1092,2019-11-13T12:00:00Z,2020-01-12T06:00:00Z,2020-01-12T12:00:00Z,2020-02-11T06:00:00Z,train
1093,2019-11-13T18:00:00Z,2020-01-12T12:00:00Z,2020-01-12T18:00:00Z,2020-02-11T12:00:00Z,train
1094,2019-11-14T00:00:00Z,2020-01-12T18:00:00Z,2020-01-13T00:00:00Z,2020-02-11T18:00:00Z,train
1095,2019-11-14T06:00:00Z,2020-01-13T00:00:00Z,2020-01-13T06:00:00Z,2020-02-12T00:00:00Z,train
1096,2019-11-14T12:00:00Z,2020-01-13T06:00:00Z,2020-01-13T12:00:00Z,2020-02-12T06:00:00Z,train
1097,2019-11-14T18:00:00Z,2020-01-13T12:00:00Z,2020-01-13T18:00:00Z,2020-02-12T12:00:00Z,train
1098,2019-11-15T00:00:00Z,2020-01-13T18:00:00Z,2020-01-14T00:00:00Z,2020-02-12T18:00:00Z,train
1099,2019-11-15T06:00:00Z,2020-01-14T00:00:00Z,2020-01-14T06:00:00Z,2020-02-13T00:00:00Z,train
1100,2019-11-15T12:00:00Z,2020-01-14T06:00:00Z,2020-01-14T12:00:00Z,2020-02-13T06:00:00Z,train
1101,2019-11-15T18:00:00Z,2020-01-14T12:00:00Z,2020-01-14T18:00:00Z,2020-02-13T12:00:00Z,train
1102,2019-11-16T00:00:00Z,2020-01-14T18:00:00Z,2020-01-15T00:00:00Z,2020-02-13T18:00:00Z,train
1103,2019-11-16T06:00:00Z,2020-01-15T00:00:00Z,2020-01-15T06:00:00Z,2020-02-14T00:00:00Z,train
1104,2019-11-16T12:00:00Z,2020-01-15T06:00:00Z,2020-01-15T12:00:00Z,2020-02-14T06:00:00Z,train
1105,2019-11-16T18:00:00Z,2020-01-15T12:00:00Z,2020-01-15T18:00:00Z,2020-02-14T12:00:00Z,train
1106,2019-11-17T00:00:00Z,2020-01-15T18:00:00Z,2020-01-16T00:00:00Z,2020-02-14T18:00:00Z,train
1107,2019-11-17T06:00:00Z,2020-01-16T00:00:00Z,2020-01-16T06:00:00Z,2020-02-15T00:00:00Z,train
1108,2019-11-17T12:00:00Z,2020-01-16T06:00:00Z,2020-01-16T12:00:00Z,2020-02-15T06:00:00Z,train
1109,2019-11-17T18:00:00Z,2020-01-16T12:00:00Z,2020-01-16T18:00:00Z,2020-02-15T12:00:00Z,train
1110,2019-11-18T00:00:00Z,2020-01-16T18:00:00Z,2020-01-17T00:00:00Z,2020-02-15T18:00:00Z,train
1111,2019-11-18T06:00:00Z,2020-01-17T00:00:00Z,2020-01-17T06:00:00Z,2020-02-16T00:00:00Z,train
1112,2019-11-18T12:00:00Z,2020-01-17T06:00:00Z,2020-01-17T12:00:00Z,2020-02-16T06:00:00Z,train
1113,2019-11-18T18:00:00Z,2020-01-17T12:00:00Z,2020-01-17T18:00:00Z,2020-02-16T12:00:00Z,train
1114,2019-11-19T00:00:00Z,2020-01-17T18:00:00Z,2020-01-18T00:00:00Z,2020-02-16T18:00:00Z,train
1115,2019-11-19T06:00:00Z,2020-01-18T00:00:00Z,2020-01-18T06:00:00Z,2020-02-17T00:00:00Z,train
1116,2019-11-19T12:00:00Z,2020-01-18T06:00:00Z,2020-01-18T12:00:00Z,2020-02-17T06:00:00Z,train
1117,2019-11-19T18:00:00Z,2020-01-18T12:00:00Z,2020-01-18T18:00:00Z,2020-02-17T12:00:00Z,train
1118,2019-11-20T00:00:00Z,2020-01-18T18:00:00Z,2020-01-19T00:00:00Z,2020-02-17T18:00:00Z,train
1119,2019-11-20T06:00:00Z,2020-01-19T00:00:00Z,2020-01-19T06:00:00Z,2020-02-18T00:00:00Z,train
1120,2019-11-20T12:00:00Z,2020-01-19T06:00:00Z,2020-01-19T12:00:00Z,2020-02-18T06:00:00Z,train
1121,2019-11-20T18:00:00Z,2020-01-19T12:00:00Z,2020-01-19T18:00:00Z,2020-02-18T12:00:00Z,train
1122,2019-11-21T00:00:00Z,2020-01-19T18:00:00Z,2020-01-20T00:00:00Z,2020-02-18T18:00:00Z,train
1123,2019-11-21T06:00:00Z,2020-01-20T00:00:00Z,2020-01-20T06:00:00Z,2020-02-19T00:00:00Z,train
1124,2020-02-19T18:00:00Z,2020-04-19T12:00:00Z,2020-04-19T18:00:00Z,2020-05-19T12:00:00Z,train
1125,2020-02-20T00:00:00Z,2020-04-19T18:00:00Z,2020-04-20T00:00:00Z,2020-05-19T18:00:00Z,train
1126,2020-02-20T06:00:00Z,2020-04-20T00:00:00Z,2020-04-20T06:00:00Z,2020-05-20T00:00:00Z,train
1127,2020-02-20T12:00:00Z,2020-04-20T06:00:00Z,2020-04-20T12:00:00Z,2020-05-20T06:00:00Z,train
1128,2020-02-20T18:00:00Z,2020-04-20T12:00:00Z,2020-04-20T18:00:00Z,2020-05-20T12:00:00Z,train
1129,2020-02-21T00:00:00Z,2020-04-20T18:00:00Z,2020-04-21T00:00:00Z,2020-05-20T18:00:00Z,train
1130,2020-02-21T06:00:00Z,2020-04-21T00:00:00Z,2020-04-21T06:00:00Z,2020-05-21T00:00:00Z,train
1131,2020-02-21T12:00:00Z,2020-04-21T06:00:00Z,2020-04-21T12:00:00Z,2020-05-21T06:00:00Z,train
1132,2020-02-21T18:00:00Z,2020-04-21T12:00:00Z,2020-04-21T18:00:00Z,2020-05-21T12:00:00Z,train
1133,2020-02-22T00:00:00Z,2020-04-21T18:00:00Z,2020-04-22T00:00:00Z,2020-05-21T18:00:00Z,train
1134,2020-02-22T06:00:00Z,2020-04-22T00:00:00Z,2020-04-22T06:00:00Z,2020-05-22T00:00:00Z,train
1135,2020-02-22T12:00:00Z,2020-04-22T06:00:00Z,2020-04-22T12:00:00Z,2020-05-22T06:00:00Z,train
1136,2020-02-22T18:00:00Z,2020-04-22T12:00:00Z,2020-04-22T18:00:00Z,2020-05-22T12:00:00Z,train
1137,2020-02-23T00:00:00Z,2020-04-22T18:00:00Z,2020-04-23T00:00:00Z,2020-05-22T18:00:00Z,train
1138,2020-02-23T06:00:00Z,2020-04-23T00:00:00Z,2020-04-23T06:00:00Z,2020-05-23T00:00:00Z,train
1139,2020-02-23T12:00:00Z,2020-04-23T06:00:00Z,2020-04-23T12:00:00Z,2020-05-23T06:00:00Z,train
1140,2020-02-23T18:00:00Z,2020-04-23T12:00:00Z,2020-04-23T18:00:00Z,2020-05-23T12:00:00Z,train
1141,2020-02-24T00:00:00Z,2020-04-23T18:00:00Z,2020-04-24T00:00:00Z,2020-05-23T18:00:00Z,train
1142,2020-02-24T06:00:00Z,2020-04-24T00:00:00Z,2020-04-24T06:00:00Z,2020-05-24T00:00:00Z,train
1143,2020-02-24T12:00:00Z,2020-04-24T06:00:00Z,2020-04-24T12:00:00Z,2020-05-24T06:00:00Z,train
1144,2020-02-24T18:00:00Z,2020-04-24T12:00:00Z,2020-04-24T18:00:00Z,2020-05-24T12:00:00Z,train
1145,2020-02-25T00:00:00Z,2020-04-24T18:00:00Z,2020-04-25T00:00:00Z,2020-05-24T18:00:00Z,train
1146,2020-02-25T06:00:00Z,2020-04-25T00:00:00Z,2020-04-25T06:00:00Z,2020-05-25T00:00:00Z,train
1147,2020-02-25T12:00:00Z,2020-04-25T06:00:00Z,2020-04-25T12:00:00Z,2020-05-25T06:00:00Z,train
1148,2020-02-25T18:00:00Z,2020-04-25T12:00:00Z,2020-04-25T18:00:00Z,2020-05-25T12:00:00Z,train
1149,2020-02-26T00:00:00Z,2020-04-25T18:00:00Z,2020-04-26T00:00:00Z,2020-05-25T18:00:00Z,train
1150,2020-02-26T06:00:00Z,2020-04-26T00:00:00Z,2020-04-26T06:00:00Z,2020-05-26T00:00:00Z,train
1151,2020-02-26T12:00:00Z,2020-04-26T06:00:00Z,2020-04-26T12:00:00Z,2020-05-26T06:00:00Z,train
1152,2020-02-26T18:00:00Z,2020-04-26T12:00:00Z,2020-04-26T18:00:00Z,2020-05-26T12:00:00Z,train
1153,2020-02-27T00:00:00Z,2020-04-26T18:00:00Z,2020-04-27T00:00:00Z,2020-05-26T18:00:00Z,train
1154,2020-02-27T06:00:00Z,2020-04-27T00:00:00Z,2020-04-27T06:00:00Z,2020-05-27T00:00:00Z,train
1155,2020-02-27T12:00:00Z,2020-04-27T06:00:00Z,2020-04-27T12:00:00Z,2020-05-27T06:00:00Z,train
1156,2020-02-27T18:00:00Z,2020-04-27T12:00:00Z,2020-04-27T18:00:00Z,2020-05-27T12:00:00Z,train
1157,2020-02-28T00:00:00Z,2020-04-27T18:00:00Z,2020-04-28T00:00:00Z,2020-05-27T18:00:00Z,train
1158,2020-02-28T06:00:00Z,2020-04-28T00:00:00Z,2020-04-28T06:00:00Z,2020-05-28T00:00:00Z,train
1159,2020-02-28T12:00:00Z,2020-04-28T06:00:00Z,2020-04-28T12:00:00Z,2020-05-28T06:00:00Z,train
1160,2020-02-28T18:00:00Z,2020-04-28T12:00:00Z,2020-04-28T18:00:00Z,2020-05-28T12:00:00Z,train
1161,2020-02-29T00:00:00Z,2020-04-28T18:00:00Z,2020-04-29T00:00:00Z,2020-05-28T18:00:00Z,train
1162,2020-02-29T06:00:00Z,2020-04-29T00:00:00Z,2020-04-29T06:00:00Z,2020-05-29T00:00:00Z,train
1163,2020-02-29T12:00:00Z,2020-04-29T06:00:00Z,2020-04-29T12:00:00Z,2020-05-29T06:00:00Z,train
1164,2020-02-29T18:00:00Z,2020-04-29T12:00:00Z,2020-04-29T18:00:00Z,2020-05-29T12:00:00Z,train
1165,2020-03-01T00:00:00Z,2020-04-29T18:00:00Z,2020-04-30T00:00:00Z,2020-05-29T18:00:00Z,train
1166,2020-03-01T06:00:00Z,2020-04-30T00:00:00Z,2020-04-30T06:00:00Z,2020-05-30T00:00:00Z,train
1167,2020-03-01T12:00:00Z,2020-04-30T06:00:00Z,2020-04-30T12:00:00Z,2020-05-30T06:00:00Z,train
1168,2020-03-01T18:00:00Z,2020-04-30T12:00:00Z,2020-04-30T18:00:00Z,2020-05-30T12:00:00Z,train
1169,2020-03-02T00:00:00Z,2020-04-30T18:00:00Z,2020-05-01T00:00:00Z,2020-05-30T18:00:00Z,train
1170,2020-03-02T06:00:00Z,2020-05-01T00:00:00Z,2020-05-01T06:00:00Z,2020-05-31T00:00:00Z,train
1171,2020-03-02T12:00:00Z,2020-05-01T06:00:00Z,2020-05-01T12:00:00Z,2020-05-31T06:00:00Z,train
1172,2020-03-02T18:00:00Z,2020-05-01T12:00:00Z,2020-05-01T18:00:00Z,2020-05-31T12:00:00Z,train
1173,2020-03-03T00:00:00Z,2020-05-01T18:00:00Z,2020-05-02T00:00:00Z,2020-05-31T18:00:00Z,train
1174,2020-03-03T06:00:00Z,2020-05-02T00:00:00Z,2020-05-02T06:00:00Z,2020-06-01T00:00:00Z,train
1175,2020-03-03T12:00:00Z,2020-05-02T06:00:00Z,2020-05-02T12:00:00Z,2020-06-01T06:00:00Z,train
1176,2020-03-03T18:00:00Z,2020-05-02T12:00:00Z,2020-05-02T18:00:00Z,2020-06-01T12:00:00Z,train
1177,2020-03-04T00:00:00Z,2020-05-02T18:00:00Z,2020-05-03T00:00:00Z,2020-06-01T18:00:00Z,train
1178,2020-03-04T06:00:00Z,2020-05-03T00:00:00Z,2020-05-03T06:00:00Z,2020-06-02T00:00:00Z,train
1179,2020-03-04T12:00:00Z,2020-05-03T06:00:00Z,2020-05-03T12:00:00Z,2020-06-02T06:00:00Z,train
1180,2020-03-04T18:00:00Z,2020-05-03T12:00:00Z,2020-05-03T18:00:00Z,2020-06-02T12:00:00Z,train
1181,2020-03-05T00:00:00Z,2020-05-03T18:00:00Z,2020-05-04T00:00:00Z,2020-06-02T18:00:00Z,train
1182,2020-03-05T06:00:00Z,2020-05-04T00:00:00Z,2020-05-04T06:00:00Z,2020-06-03T00:00:00Z,train
1183,2020-03-05T12:00:00Z,2020-05-04T06:00:00Z,2020-05-04T12:00:00Z,2020-06-03T06:00:00Z,train
1184,2020-03-05T18:00:00Z,2020-05-04T12:00:00Z,2020-05-04T18:00:00Z,2020-06-03T12:00:00Z,train
1185,2020-03-06T00:00:00Z,2020-05-04T18:00:00Z,2020-05-05T00:00:00Z,2020-06-03T18:00:00Z,train
1186,2020-03-06T06:00:00Z,2020-05-05T00:00:00Z,2020-05-05T06:00:00Z,2020-06-04T00:00:00Z,train
1187,2020-03-06T12:00:00Z,2020-05-05T06:00:00Z,2020-05-05T12:00:00Z,2020-06-04T06:00:00Z,train
1188,2020-03-06T18:00:00Z,2020-05-05T12:00:00Z,2020-05-05T18:00:00Z,2020-06-04T12:00:00Z,train
1189,2020-03-07T00:00:00Z,2020-05-05T18:00:00Z,2020-05-06T00:00:00Z,2020-06-04T18:00:00Z,train
1190,2020-03-07T06:00:00Z,2020-05-06T00:00:00Z,2020-05-06T06:00:00Z,2020-06-05T00:00:00Z,train
1191,2020-03-07T12:00:00Z,2020-05-06T06:00:00Z,2020-05-06T12:00:00Z,2020-06-05T06:00:00Z,train
1192,2020-03-07T18:00:00Z,2020-05-06T12:00:00Z,2020-05-06T18:00:00Z,2020-06-05T12:00:00Z,train
1193,2020-03-08T00:00:00Z,2020-05-06T18:00:00Z,2020-05-07T00:00:00Z,2020-06-05T18:00:00Z,train
1194,2020-03-08T06:00:00Z,2020-05-07T00:00:00Z,2020-05-07T06:00:00Z,2020-06-06T00:00:00Z,train
1195,2020-03-08T12:00:00Z,2020-05-07T06:00:00Z,2020-05-07T12:00:00Z,2020-06-06T06:00:00Z,train
1196,2020-03-08T18:00:00Z,2020-05-07T12:00:00Z,2020-05-07T18:00:00Z,2020-06-06T12:00:00Z,train
1197,2020-03-09T00:00:00Z,2020-05-07T18:00:00Z,2020-05-08T00:00:00Z,2020-06-06T18:00:00Z,train
1198,2020-03-09T06:00:00Z,2020-05-08T00:00:00Z,2020-05-08T06:00:00Z,2020-06-07T00:00:00Z,train
1199,2020-03-09T12:00:00Z,2020-05-08T06:00:00Z,2020-05-08T12:00:00Z,2020-06-07T06:00:00Z,train
1200,2020-03-09T18:00:00Z,2020-05-08T12:00:00Z,2020-05-08T18:00:00Z,2020-06-07T12:00:00Z,train
1201,2020-03-10T00:00:00Z,2020-05-08T18:00:00Z,2020-05-09T00:00:00Z,2020-06-07T18:00:00Z,train
1202,2020-03-10T06:00:00Z,2020-05-09T00:00:00Z,2020-05-09T06:00:00Z,2020-06-08T00:00:00Z,train
1203,2020-03-10T12:00:00Z,2020-05-09T06:00:00Z,2020-05-09T12:00:00Z,2020-06-08T06:00:00Z,train
1204,2020-03-10T18:00:00Z,2020-05-09T12:00:00Z,2020-05-09T18:00:00Z,2020-06-08T12:00:00Z,train
1205,2020-03-11T00:00:00Z,2020-05-09T18:00:00Z,2020-05-10T00:00:00Z,2020-06-08T18:00:00Z,train
1206,2020-03-11T06:00:00Z,2020-05-10T00:00:00Z,2020-05-10T06:00:00Z,2020-06-09T00:00:00Z,train
1207,2020-03-11T12:00:00Z,2020-05-10T06:00:00Z,2020-05-10T12:00:00Z,2020-06-09T06:00:00Z,train
1208,2020-03-11T18:00:00Z,2020-05-10T12:00:00Z,2020-05-10T18:00:00Z,2020-06-09T12:00:00Z,train
1209,2020-03-12T00:00:00Z,2020-05-10T18:00:00Z,2020-05-11T00:00:00Z,2020-06-09T18:00:00Z,train
1210,2020-03-12T06:00:00Z,2020-05-11T00:00:00Z,2020-05-11T06:00:00Z,2020-06-10T00:00:00Z,train
1211,2020-03-12T12:00:00Z,2020-05-11T06:00:00Z,2020-05-11T12:00:00Z,2020-06-10T06:00:00Z,train
1212,2020-03-12T18:00:00Z,2020-05-11T12:00:00Z,2020-05-11T18:00:00Z,2020-06-10T12:00:00Z,train
1213,2020-03-13T00:00:00Z,2020-05-11T18:00:00Z,2020-05-12T00:00:00Z,2020-06-10T18:00:00Z,train
1214,2020-03-13T06:00:00Z,2020-05-12T00:00:00Z,2020-05-12T06:00:00Z,2020-06-11T00:00:00Z,train
1215,2020-03-13T12:00:00Z,2020-05-12T06:00:00Z,2020-05-12T12:00:00Z,2020-06-11T06:00:00Z,train
1216,2020-03-13T18:00:00Z,2020-05-12T12:00:00Z,2020-05-12T18:00:00Z,2020-06-11T12:00:00Z,train
1217,2020-03-14T00:00:00Z,2020-05-12T18:00:00Z,2020-05-13T00:00:00Z,2020-06-11T18:00:00Z,train
1218,2020-03-14T06:00:00Z,2020-05-13T00:00:00Z,2020-05-13T06:00:00Z,2020-06-12T00:00:00Z,train
1219,2020-03-14T12:00:00Z,2020-05-13T06:00:00Z,2020-05-13T12:00:00Z,2020-06-12T06:00:00Z,train
1220,2020-03-14T18:00:00Z,2020-05-13T12:00:00Z,2020-05-13T18:00:00Z,2020-06-12T12:00:00Z,train
1221,2020-03-15T00:00:00Z,2020-05-13T18:00:00Z,2020-05-14T00:00:00Z,2020-06-12T18:00:00Z,train
1222,2020-03-15T06:00:00Z,2020-05-14T00:00:00Z,2020-05-14T06:00:00Z,2020-06-13T00:00:00Z,train
1223,2020-03-15T12:00:00Z,2020-05-14T06:00:00Z,2020-05-14T12:00:00Z,2020-06-13T06:00:00Z,train
1224,2020-03-15T18:00:00Z,2020-05-14T12:00:00Z,2020-05-14T18:00:00Z,2020-06-13T12:00:00Z,train
1225,2020-03-16T00:00:00Z,2020-05-14T18:00:00Z,2020-05-15T00:00:00Z,2020-06-13T18:00:00Z,train
1226,2020-03-16T06:00:00Z,2020-05-15T00:00:00Z,2020-05-15T06:00:00Z,2020-06-14T00:00:00Z,train
1227,2020-03-16T12:00:00Z,2020-05-15T06:00:00Z,2020-05-15T12:00:00Z,2020-06-14T06:00:00Z,train
1228,2020-03-16T18:00:00Z,2020-05-15T12:00:00Z,2020-05-15T18:00:00Z,2020-06-14T12:00:00Z,train
1229,2020-03-17T00:00:00Z,2020-05-15T18:00:00Z,2020-05-16T00:00:00Z,2020-06-14T18:00:00Z,train
1230,2020-03-17T06:00:00Z,2020-05-16T00:00:00Z,2020-05-16T06:00:00Z,2020-06-15T00:00:00Z,train
1231,2020-03-17T12:00:00Z,2020-05-16T06:00:00Z,2020-05-16T12:00:00Z,2020-06-15T06:00:00Z,train
1232,2020-03-17T18:00:00Z,2020-05-16T12:00:00Z,2020-05-16T18:00:00Z,2020-06-15T12:00:00Z,train
1233,2020-03-18T00:00:00Z,2020-05-16T18:00:00Z,2020-05-17T00:00:00Z,2020-06-15T18:00:00Z,train
1234,2020-03-18T06:00:00Z,2020-05-17T00:00:00Z,2020-05-17T06:00:00Z,2020-06-16T00:00:00Z,train
1235,2020-03-18T12:00:00Z,2020-05-17T06:00:00Z,2020-05-17T12:00:00Z,2020-06-16T06:00:00Z,train
1236,2020-03-18T18:00:00Z,2020-05-17T12:00:00Z,2020-05-17T18:00:00Z,2020-06-16T12:00:00Z,train
1237,2020-03-19T00:00:00Z,2020-05-17T18:00:00Z,2020-05-18T00:00:00Z,2020-06-16T18:00:00Z,train
1238,2020-03-19T06:00:00Z,2020-05-18T00:00:00Z,2020-05-18T06:00:00Z,2020-06-17T00:00:00Z,train
1239,2020-03-19T12:00:00Z,2020-05-18T06:00:00Z,2020-05-18T12:00:00Z,2020-06-17T06:00:00Z,train
1240,2020-03-19T18:00:00Z,2020-05-18T12:00:00Z,2020-05-18T18:00:00Z,2020-06-17T12:00:00Z,train
1241,2020-03-20T00:00:00Z,2020-05-18T18:00:00Z,2020-05-19T00:00:00Z,2020-06-17T18:00:00Z,train
1242,2020-03-20T06:00:00Z,2020-05-19T00:00:00Z,2020-05-19T06:00:00Z,2020-06-18T00:00:00Z,train
1243,2020-03-20T12:00:00Z,2020-05-19T06:00:00Z,2020-05-19T12:00:00Z,2020-06-18T06:00:00Z,train
1244,2020-03-20T18:00:00Z,2020-05-19T12:00:00Z,2020-05-19T18:00:00Z,2020-06-18T12:00:00Z,train
1245,2020-03-21T00:00:00Z,2020-05-19T18:00:00Z,2020-05-20T00:00:00Z,2020-06-18T18:00:00Z,train
1246,2020-03-21T06:00:00Z,2020-05-20T00:00:00Z,2020-05-20T06:00:00Z,2020-06-19T00:00:00Z,train
1247,2020-03-21T12:00:00Z,2020-05-20T06:00:00Z,2020-05-20T12:00:00Z,2020-06-19T06:00:00Z,train
1248,2020-03-21T18:00:00Z,2020-05-20T12:00:00Z,2020-05-20T18:00:00Z,2020-06-19T12:00:00Z,train
1249,2020-03-22T00:00:00Z,2020-05-20T18:00:00Z,2020-05-21T00:00:00Z,2020-06-19T18:00:00Z,train
1250,2020-03-22T06:00:00Z,2020-05-21T00:00:00Z,2020-05-21T06:00:00Z,2020-06-20T00:00:00Z,train
1251,2020-03-22T12:00:00Z,2020-05-21T06:00:00Z,2020-05-21T12:00:00Z,2020-06-20T06:00:00Z,train
1252,2020-03-22T18:00:00Z,2020-05-21T12:00:00Z,2020-05-21T18:00:00Z,2020-06-20T12:00:00Z,train
1253,2020-03-23T00:00:00Z,2020-05-21T18:00:00Z,2020-05-22T00:00:00Z,2020-06-20T18:00:00Z,train
1254,2020-03-23T06:00:00Z,2020-05-22T00:00:00Z,2020-05-22T06:00:00Z,2020-06-21T00:00:00Z,train
1255,2020-03-23T12:00:00Z,2020-05-22T06:00:00Z,2020-05-22T12:00:00Z,2020-06-21T06:00:00Z,train
1256,2020-03-23T18:00:00Z,2020-05-22T12:00:00Z,2020-05-22T18:00:00Z,2020-06-21T12:00:00Z,train
1257,2020-03-24T00:00:00Z,2020-05-22T18:00:00Z,2020-05-23T00:00:00Z,2020-06-21T18:00:00Z,train
1258,2020-03-24T06:00:00Z,2020-05-23T00:00:00Z,2020-05-23T06:00:00Z,2020-06-22T00:00:00Z,train
1259,2020-03-24T12:00:00Z,2020-05-23T06:00:00Z,2020-05-23T12:00:00Z,2020-06-22T06:00:00Z,train
1260,2020-03-24T18:00:00Z,2020-05-23T12:00:00Z,2020-05-23T18:00:00Z,2020-06-22T12:00:00Z,train
1261,2020-03-25T00:00:00Z,2020-05-23T18:00:00Z,2020-05-24T00:00:00Z,2020-06-22T18:00:00Z,train
1262,2020-03-25T06:00:00Z,2020-05-24T00:00:00Z,2020-05-24T06:00:00Z,2020-06-23T00:00:00Z,train
1263,2020-03-25T12:00:00Z,2020-05-24T06:00:00Z,2020-05-24T12:00:00Z,2020-06-23T06:00:00Z,train
1264,2020-03-25T18:00:00Z,2020-05-24T12:00:00Z,2020-05-24T18:00:00Z,2020-06-23T12:00:00Z,train
1265,2020-03-26T00:00:00Z,2020-05-24T18:00:00Z,2020-05-25T00:00:00Z,2020-06-23T18:00:00Z,train
1266,2020-03-26T06:00:00Z,2020-05-25T00:00:00Z,2020-05-25T06:00:00Z,2020-06-24T00:00:00Z,train
1267,2020-03-26T12:00:00Z,2020-05-25T06:00:00Z,2020-05-25T12:00:00Z,2020-06-24T06:00:00Z,train
1268,2020-03-26T18:00:00Z,2020-05-25T12:00:00Z,2020-05-25T18:00:00Z,2020-06-24T12:00:00Z,train
1269,2020-03-27T00:00:00Z,2020-05-25T18:00:00Z,2020-05-26T00:00:00Z,2020-06-24T18:00:00Z,train
1270,2020-03-27T06:00:00Z,2020-05-26T00:00:00Z,2020-05-26T06:00:00Z,2020-06-25T00:00:00Z,train
1271,2020-03-27T12:00:00Z,2020-05-26T06:00:00Z,2020-05-26T12:00:00Z,2020-06-25T06:00:00Z,train
1272,2020-03-27T18:00:00Z,2020-05-26T12:00:00Z,2020-05-26T18:00:00Z,2020-06-25T12:00:00Z,train
1273,2020-03-28T00:00:00Z,2020-05-26T18:00:00Z,2020-05-27T00:00:00Z,2020-06-25T18:00:00Z,train
1274,2020-03-28T06:00:00Z,2020-05-27T00:00:00Z,2020-05-27T06:00:00Z,2020-06-26T00:00:00Z,train
1275,2020-03-28T12:00:00Z,2020-05-27T06:00:00Z,2020-05-27T12:00:00Z,2020-06-26T06:00:00Z,train
1276,2020-03-28T18:00:00Z,2020-05-27T12:00:00Z,2020-05-27T18:00:00Z,2020-06-26T12:00:00Z,train
1277,2020-03-29T00:00:00Z,2020-05-27T18:00:00Z,2020-05-28T00:00:00Z,2020-06-26T18:00:00Z,train
1278,2020-03-29T06:00:00Z,2020-05-28T00:00:00Z,2020-05-28T06:00:00Z,2020-06-27T00:00:00Z,train
1279,2020-03-29T12:00:00Z,2020-05-28T06:00:00Z,2020-05-28T12:00:00Z,2020-06-27T06:00:00Z,train
1280,2020-03-29T18:00:00Z,2020-05-28T12:00:00Z,2020-05-28T18:00:00Z,2020-06-27T12:00:00Z,train
1281,2020-03-30T00:00:00Z,2020-05-28T18:00:00Z,2020-05-29T00:00:00Z,2020-06-27T18:00:00Z,train
1282,2020-03-30T06:00:00Z,2020-05-29T00:00:00Z,2020-05-29T06:00:00Z,2020-06-28T00:00:00Z,train
1283,2020-03-30T12:00:00Z,2020-05-29T06:00:00Z,2020-05-29T12:00:00Z,2020-06-28T06:00:00Z,train
1284,2020-03-30T18:00:00Z,2020-05-29T12:00:00Z,2020-05-29T18:00:00Z,2020-06-28T12:00:00Z,train
1285,2020-03-31T00:00:00Z,2020-05-29T18:00:00Z,2020-05-30T00:00:00Z,2020-06-28T18:00:00Z,train
1286,2020-03-31T06:00:00Z,2020-05-30T00:00:00Z,2020-05-30T06:00:00Z,2020-06-29T00:00:00Z,train
1287,2020-03-31T12:00:00Z,2020-05-30T06:00:00Z,2020-05-30T12:00:00Z,2020-06-29T06:00:00Z,train
1288,2020-03-31T18:00:00Z,2020-05-30T12:00:00Z,2020-05-30T18:00:00Z,2020-06-29T12:00:00Z,train
1289,2020-04-01T00:00:00Z,2020-05-30T18:00:00Z,2020-05-31T00:00:00Z,2020-06-29T18:00:00Z,train
1290,2020-04-01T06:00:00Z,2020-05-31T00:00:00Z,2020-05-31T06:00:00Z,2020-06-30T00:00:00Z,train
1291,2020-04-01T12:00:00Z,2020-05-31T06:00:00Z,2020-05-31T12:00:00Z,2020-06-30T06:00:00Z,train
1292,2020-04-01T18:00:00Z,2020-05-31T12:00:00Z,2020-05-31T18:00:00Z,2020-06-30T12:00:00Z,train
1293,2020-04-02T00:00:00Z,2020-05-31T18:00:00Z,2020-06-01T00:00:00Z,2020-06-30T18:00:00Z,train
1294,2020-04-02T06:00:00Z,2020-06-01T00:00:00Z,2020-06-01T06:00:00Z,2020-07-01T00:00:00Z,train
1295,2020-04-02T12:00:00Z,2020-06-01T06:00:00Z,2020-06-01T12:00:00Z,2020-07-01T06:00:00Z,train
1296,2020-04-02T18:00:00Z,2020-06-01T12:00:00Z,2020-06-01T18:00:00Z,2020-07-01T12:00:00Z,train
1297,2020-04-03T00:00:00Z,2020-06-01T18:00:00Z,2020-06-02T00:00:00Z,2020-07-01T18:00:00Z,train
1298,2020-04-03T06:00:00Z,2020-06-02T00:00:00Z,2020-06-02T06:00:00Z,2020-07-02T00:00:00Z,train
1299,2020-04-03T12:00:00Z,2020-06-02T06:00:00Z,2020-06-02T12:00:00Z,2020-07-02T06:00:00Z,train
1300,2020-04-03T18:00:00Z,2020-06-02T12:00:00Z,2020-06-02T18:00:00Z,2020-07-02T12:00:00Z,train
1301,2020-04-04T00:00:00Z,2020-06-02T18:00:00Z,2020-06-03T00:00:00Z,2020-07-02T18:00:00Z,train
1302,2020-04-04T06:00:00Z,2020-06-03T00:00:00Z,2020-06-03T06:00:00Z,2020-07-03T00:00:00Z,train
1303,2020-04-04T12:00:00Z,2020-06-03T06:00:00Z,2020-06-03T12:00:00Z,2020-07-03T06:00:00Z,train
1304,2020-04-04T18:00:00Z,2020-06-03T12:00:00Z,2020-06-03T18:00:00Z,2020-07-03T12:00:00Z,train
1305,2020-04-05T00:00:00Z,2020-06-03T18:00:00Z,2020-06-04T00:00:00Z,2020-07-03T18:00:00Z,train
1306,2020-04-05T06:00:00Z,2020-06-04T00:00:00Z,2020-06-04T06:00:00Z,2020-07-04T00:00:00Z,train
1307,2020-04-05T12:00:00Z,2020-06-04T06:00:00Z,2020-06-04T12:00:00Z,2020-07-04T06:00:00Z,train
1308,2020-04-05T18:00:00Z,2020-06-04T12:00:00Z,2020-06-04T18:00:00Z,2020-07-04T12:00:00Z,train
1309,2020-04-06T00:00:00Z,2020-06-04T18:00:00Z,2020-06-05T00:00:00Z,2020-07-04T18:00:00Z,train
1310,2020-04-06T06:00:00Z,2020-06-05T00:00:00Z,2020-06-05T06:00:00Z,2020-07-05T00:00:00Z,train
1311,2020-04-06T12:00:00Z,2020-06-05T06:00:00Z,2020-06-05T12:00:00Z,2020-07-05T06:00:00Z,train
1312,2020-04-06T18:00:00Z,2020-06-05T12:00:00Z,2020-06-05T18:00:00Z,2020-07-05T12:00:00Z,train
1313,2020-04-07T00:00:00Z,2020-06-05T18:00:00Z,2020-06-06T00:00:00Z,2020-07-05T18:00:00Z,train
1314,2020-04-07T06:00:00Z,2020-06-06T00:00:00Z,2020-06-06T06:00:00Z,2020-07-06T00:00:00Z,train
1315,2020-04-07T12:00:00Z,2020-06-06T06:00:00Z,2020-06-06T12:00:00Z,2020-07-06T06:00:00Z,train
1316,2020-04-07T18:00:00Z,2020-06-06T12:00:00Z,2020-06-06T18:00:00Z,2020-07-06T12:00:00Z,train
1317,2020-04-08T00:00:00Z,2020-06-06T18:00:00Z,2020-06-07T00:00:00Z,2020-07-06T18:00:00Z,train
1318,2020-04-08T06:00:00Z,2020-06-07T00:00:00Z,2020-06-07T06:00:00Z,2020-07-07T00:00:00Z,train
1319,2020-04-08T12:00:00Z,2020-06-07T06:00:00Z,2020-06-07T12:00:00Z,2020-07-07T06:00:00Z,train
1320,2020-04-08T18:00:00Z,2020-06-07T12:00:00Z,2020-06-07T18:00:00Z,2020-07-07T12:00:00Z,train
1321,2020-04-09T00:00:00Z,2020-06-07T18:00:00Z,2020-06-08T00:00:00Z,2020-07-07T18:00:00Z,train
1322,2020-04-09T06:00:00Z,2020-06-08T00:00:00Z,2020-06-08T06:00:00Z,2020-07-08T00:00:00Z,train
1323,2020-04-09T12:00:00Z,2020-06-08T06:00:00Z,2020-06-08T12:00:00Z,2020-07-08T06:00:00Z,train
1324,2020-04-09T18:00:00Z,2020-06-08T12:00:00Z,2020-06-08T18:00:00Z,2020-07-08T12:00:00Z,train
1325,2020-04-10T00:00:00Z,2020-06-08T18:00:00Z,2020-06-09T00:00:00Z,2020-07-08T18:00:00Z,train
1326,2020-04-10T06:00:00Z,2020-06-09T00:00:00Z,2020-06-09T06:00:00Z,2020-07-09T00:00:00Z,train
1327,2020-04-10T12:00:00Z,2020-06-09T06:00:00Z,2020-06-09T12:00:00Z,2020-07-09T06:00:00Z,train
1328,2020-04-10T18:00:00Z,2020-06-09T12:00:00Z,2020-06-09T18:00:00Z,2020-07-09T12:00:00Z,train
1329,2020-04-11T00:00:00Z,2020-06-09T18:00:00Z,2020-06-10T00:00:00Z,2020-07-09T18:00:00Z,train
1330,2020-04-11T06:00:00Z,2020-06-10T00:00:00Z,2020-06-10T06:00:00Z,2020-07-10T00:00:00Z,train
1331,2020-04-11T12:00:00Z,2020-06-10T06:00:00Z,2020-06-10T12:00:00Z,2020-07-10T06:00:00Z,train
1332,2020-04-11T18:00:00Z,2020-06-10T12:00:00Z,2020-06-10T18:00:00Z,2020-07-10T12:00:00Z,train
1333,2020-04-12T00:00:00Z,2020-06-10T18:00:00Z,2020-06-11T00:00:00Z,2020-07-10T18:00:00Z,train
1334,2020-04-12T06:00:00Z,2020-06-11T00:00:00Z,2020-06-11T06:00:00Z,2020-07-11T00:00:00Z,train
1335,2020-04-12T12:00:00Z,2020-06-11T06:00:00Z,2020-06-11T12:00:00Z,2020-07-11T06:00:00Z,train
1336,2020-04-12T18:00:00Z,2020-06-11T12:00:00Z,2020-06-11T18:00:00Z,2020-07-11T12:00:00Z,train
1337,2020-04-13T00:00:00Z,2020-06-11T18:00:00Z,2020-06-12T00:00:00Z,2020-07-11T18:00:00Z,train
1338,2020-04-13T06:00:00Z,2020-06-12T00:00:00Z,2020-06-12T06:00:00Z,2020-07-12T00:00:00Z,train
1339,2020-04-13T12:00:00Z,2020-06-12T06:00:00Z,2020-06-12T12:00:00Z,2020-07-12T06:00:00Z,train
1340,2020-04-13T18:00:00Z,2020-06-12T12:00:00Z,2020-06-12T18:00:00Z,2020-07-12T12:00:00Z,train
1341,2020-04-14T00:00:00Z,2020-06-12T18:00:00Z,2020-06-13T00:00:00Z,2020-07-12T18:00:00Z,train
1342,2020-04-14T06:00:00Z,2020-06-13T00:00:00Z,2020-06-13T06:00:00Z,2020-07-13T00:00:00Z,train
1343,2020-04-14T12:00:00Z,2020-06-13T06:00:00Z,2020-06-13T12:00:00Z,2020-07-13T06:00:00Z,train
1344,2020-04-14T18:00:00Z,2020-06-13T12:00:00Z,2020-06-13T18:00:00Z,2020-07-13T12:00:00Z,train
1345,2020-04-15T00:00:00Z,2020-06-13T18:00:00Z,2020-06-14T00:00:00Z,2020-07-13T18:00:00Z,train
1346,2020-04-15T06:00:00Z,2020-06-14T00:00:00Z,2020-06-14T06:00:00Z,2020-07-14T00:00:00Z,train
1347,2020-04-15T12:00:00Z,2020-06-14T06:00:00Z,2020-06-14T12:00:00Z,2020-07-14T06:00:00Z,train
1348,2020-04-15T18:00:00Z,2020-06-14T12:00:00Z,2020-06-14T18:00:00Z,2020-07-14T12:00:00Z,train
1349,2020-04-16T00:00:00Z,2020-06-14T18:00:00Z,2020-06-15T00:00:00Z,2020-07-14T18:00:00Z,train
1350,2020-04-16T06:00:00Z,2020-06-15T00:00:00Z,2020-06-15T06:00:00Z,2020-07-15T00:00:00Z,train
1351,2020-04-16T12:00:00Z,2020-06-15T06:00:00Z,2020-06-15T12:00:00Z,2020-07-15T06:00:00Z,train
1352,2020-04-16T18:00:00Z,2020-06-15T12:00:00Z,2020-06-15T18:00:00Z,2020-07-15T12:00:00Z,train
1353,2020-04-17T00:00:00Z,2020-06-15T18:00:00Z,2020-06-16T00:00:00Z,2020-07-15T18:00:00Z,train
1354,2020-04-17T06:00:00Z,2020-06-16T00:00:00Z,2020-06-16T06:00:00Z,2020-07-16T00:00:00Z,train
1355,2020-04-17T12:00:00Z,2020-06-16T06:00:00Z,2020-06-16T12:00:00Z,2020-07-16T06:00:00Z,train
1356,2020-04-17T18:00:00Z,2020-06-16T12:00:00Z,2020-06-16T18:00:00Z,2020-07-16T12:00:00Z,train
1357,2020-04-18T00:00:00Z,2020-06-16T18:00:00Z,2020-06-17T00:00:00Z,2020-07-16T18:00:00Z,train
1358,2020-04-18T06:00:00Z,2020-06-17T00:00:00Z,2020-06-17T06:00:00Z,2020-07-17T00:00:00Z,train
1359,2020-04-18T12:00:00Z,2020-06-17T06:00:00Z,2020-06-17T12:00:00Z,2020-07-17T06:00:00Z,train
1360,2020-04-18T18:00:00Z,2020-06-17T12:00:00Z,2020-06-17T18:00:00Z,2020-07-17T12:00:00Z,train
1361,2020-04-19T00:00:00Z,2020-06-17T18:00:00Z,2020-06-18T00:00:00Z,2020-07-17T18:00:00Z,train
1362,2020-04-19T06:00:00Z,2020-06-18T00:00:00Z,2020-06-18T06:00:00Z,2020-07-18T00:00:00Z,train
1363,2020-04-19T12:00:00Z,2020-06-18T06:00:00Z,2020-06-18T12:00:00Z,2020-07-18T06:00:00Z,train
1364,2020-04-19T18:00:00Z,2020-06-18T12:00:00Z,2020-06-18T18:00:00Z,2020-07-18T12:00:00Z,train
1365,2020-04-20T00:00:00Z,2020-06-18T18:00:00Z,2020-06-19T00:00:00Z,2020-07-18T18:00:00Z,train
1366,2020-04-20T06:00:00Z,2020-06-19T00:00:00Z,2020-06-19T06:00:00Z,2020-07-19T00:00:00Z,train
1367,2020-04-20T12:00:00Z,2020-06-19T06:00:00Z,2020-06-19T12:00:00Z,2020-07-19T06:00:00Z,train
1368,2020-04-20T18:00:00Z,2020-06-19T12:00:00Z,2020-06-19T18:00:00Z,2020-07-19T12:00:00Z,train
1369,2020-04-21T00:00:00Z,2020-06-19T18:00:00Z,2020-06-20T00:00:00Z,2020-07-19T18:00:00Z,train
1370,2020-04-21T06:00:00Z,2020-06-20T00:00:00Z,2020-06-20T06:00:00Z,2020-07-20T00:00:00Z,train
1371,2020-04-21T12:00:00Z,2020-06-20T06:00:00Z,2020-06-20T12:00:00Z,2020-07-20T06:00:00Z,train
1372,2020-04-21T18:00:00Z,2020-06-20T12:00:00Z,2020-06-20T18:00:00Z,2020-07-20T12:00:00Z,train
1373,2020-04-22T00:00:00Z,2020-06-20T18:00:00Z,2020-06-21T00:00:00Z,2020-07-20T18:00:00Z,train
1374,2020-04-22T06:00:00Z,2020-06-21T00:00:00Z,2020-06-21T06:00:00Z,2020-07-21T00:00:00Z,train
1375,2020-04-22T12:00:00Z,2020-06-21T06:00:00Z,2020-06-21T12:00:00Z,2020-07-21T06:00:00Z,train
1376,2020-04-22T18:00:00Z,2020-06-21T12:00:00Z,2020-06-21T18:00:00Z,2020-07-21T12:00:00Z,train
1377,2020-04-23T00:00:00Z,2020-06-21T18:00:00Z,2020-06-22T00:00:00Z,2020-07-21T18:00:00Z,train
1378,2020-04-23T06:00:00Z,2020-06-22T00:00:00Z,2020-06-22T06:00:00Z,2020-07-22T00:00:00Z,train
1379,2020-04-23T12:00:00Z,2020-06-22T06:00:00Z,2020-06-22T12:00:00Z,2020-07-22T06:00:00Z,train
1380,2020-04-23T18:00:00Z,2020-06-22T12:00:00Z,2020-06-22T18:00:00Z,2020-07-22T12:00:00Z,train
1381,2020-04-24T00:00:00Z,2020-06-22T18:00:00Z,2020-06-23T00:00:00Z,2020-07-22T18:00:00Z,train
1382,2020-04-24T06:00:00Z,2020-06-23T00:00:00Z,2020-06-23T06:00:00Z,2020-07-23T00:00:00Z,train
1383,2020-04-24T12:00:00Z,2020-06-23T06:00:00Z,2020-06-23T12:00:00Z,2020-07-23T06:00:00Z,train
1384,2020-04-24T18:00:00Z,2020-06-23T12:00:00Z,2020-06-23T18:00:00Z,2020-07-23T12:00:00Z,train
1385,2020-04-25T00:00:00Z,2020-06-23T18:00:00Z,2020-06-24T00:00:00Z,2020-07-23T18:00:00Z,train
1386,2020-04-25T06:00:00Z,2020-06-24T00:00:00Z,2020-06-24T06:00:00Z,2020-07-24T00:00:00Z,train
1387,2020-04-25T12:00:00Z,2020-06-24T06:00:00Z,2020-06-24T12:00:00Z,2020-07-24T06:00:00Z,train
1388,2020-04-25T18:00:00Z,2020-06-24T12:00:00Z,2020-06-24T18:00:00Z,2020-07-24T12:00:00Z,train
1389,2020-04-26T00:00:00Z,2020-06-24T18:00:00Z,2020-06-25T00:00:00Z,2020-07-24T18:00:00Z,train
1390,2020-04-26T06:00:00Z,2020-06-25T00:00:00Z,2020-06-25T06:00:00Z,2020-07-25T00:00:00Z,train
1391,2020-04-26T12:00:00Z,2020-06-25T06:00:00Z,2020-06-25T12:00:00Z,2020-07-25T06:00:00Z,train
1392,2020-04-26T18:00:00Z,2020-06-25T12:00:00Z,2020-06-25T18:00:00Z,2020-07-25T12:00:00Z,train
1393,2020-04-27T00:00:00Z,2020-06-25T18:00:00Z,2020-06-26T00:00:00Z,2020-07-25T18:00:00Z,train
1394,2020-04-27T06:00:00Z,2020-06-26T00:00:00Z,2020-06-26T06:00:00Z,2020-07-26T00:00:00Z,train
1395,2020-04-27T12:00:00Z,2020-06-26T06:00:00Z,2020-06-26T12:00:00Z,2020-07-26T06:00:00Z,train
1396,2020-04-27T18:00:00Z,2020-06-26T12:00:00Z,2020-06-26T18:00:00Z,2020-07-26T12:00:00Z,train
1397,2020-04-28T00:00:00Z,2020-06-26T18:00:00Z,2020-06-27T00:00:00Z,2020-07-26T18:00:00Z,train
1398,2020-04-28T06:00:00Z,2020-06-27T00:00:00Z,2020-06-27T06:00:00Z,2020-07-27T00:00:00Z,train
1399,2020-04-28T12:00:00Z,2020-06-27T06:00:00Z,2020-06-27T12:00:00Z,2020-07-27T06:00:00Z,train
1400,2020-04-28T18:00:00Z,2020-06-27T12:00:00Z,2020-06-27T18:00:00Z,2020-07-27T12:00:00Z,train
1401,2020-04-29T00:00:00Z,2020-06-27T18:00:00Z,2020-06-28T00:00:00Z,2020-07-27T18:00:00Z,train
1402,2020-04-29T06:00:00Z,2020-06-28T00:00:00Z,2020-06-28T06:00:00Z,2020-07-28T00:00:00Z,train
1403,2020-04-29T12:00:00Z,2020-06-28T06:00:00Z,2020-06-28T12:00:00Z,2020-07-28T06:00:00Z,train
1404,2020-04-29T18:00:00Z,2020-06-28T12:00:00Z,2020-06-28T18:00:00Z,2020-07-28T12:00:00Z,train
1405,2020-04-30T00:00:00Z,2020-06-28T18:00:00Z,2020-06-29T00:00:00Z,2020-07-28T18:00:00Z,train
1406,2020-04-30T06:00:00Z,2020-06-29T00:00:00Z,2020-06-29T06:00:00Z,2020-07-29T00:00:00Z,train
1407,2020-04-30T12:00:00Z,2020-06-29T06:00:00Z,2020-06-29T12:00:00Z,2020-07-29T06:00:00Z,train
1408,2020-04-30T18:00:00Z,2020-06-29T12:00:00Z,2020-06-29T18:00:00Z,2020-07-29T12:00:00Z,train
1409,2020-05-01T00:00:00Z,2020-06-29T18:00:00Z,2020-06-30T00:00:00Z,2020-07-29T18:00:00Z,train
1410,2020-05-01T06:00:00Z,2020-06-30T00:00:00Z,2020-06-30T06:00:00Z,2020-07-30T00:00:00Z,train
1411,2020-05-01T12:00:00Z,2020-06-30T06:00:00Z,2020-06-30T12:00:00Z,2020-07-30T06:00:00Z,train
1412,2020-05-01T18:00:00Z,2020-06-30T12:00:00Z,2020-06-30T18:00:00Z,2020-07-30T12:00:00Z,train
1413,2020-05-02T00:00:00Z,2020-06-30T18:00:00Z,2020-07-01T00:00:00Z,2020-07-30T18:00:00Z,train
1414,2020-05-02T06:00:00Z,2020-07-01T00:00:00Z,2020-07-01T06:00:00Z,2020-07-31T00:00:00Z,train
1415,2020-05-02T12:00:00Z,2020-07-01T06:00:00Z,2020-07-01T12:00:00Z,2020-07-31T06:00:00Z,train
1416,2020-05-02T18:00:00Z,2020-07-01T12:00:00Z,2020-07-01T18:00:00Z,2020-07-31T12:00:00Z,train
1417,2020-05-03T00:00:00Z,2020-07-01T18:00:00Z,2020-07-02T00:00:00Z,2020-07-31T18:00:00Z,train
1418,2020-05-03T06:00:00Z,2020-07-02T00:00:00Z,2020-07-02T06:00:00Z,2020-08-01T00:00:00Z,train
1419,2020-05-03T12:00:00Z,2020-07-02T06:00:00Z,2020-07-02T12:00:00Z,2020-08-01T06:00:00Z,train
1420,2020-05-03T18:00:00Z,2020-07-02T12:00:00Z,2020-07-02T18:00:00Z,2020-08-01T12:00:00Z,train
1421,2020-05-04T00:00:00Z,2020-07-02T18:00:00Z,2020-07-03T00:00:00Z,2020-08-01T18:00:00Z,train
1422,2020-05-04T06:00:00Z,2020-07-03T00:00:00Z,2020-07-03T06:00:00Z,2020-08-02T00:00:00Z,train
1423,2020-05-04T12:00:00Z,2020-07-03T06:00:00Z,2020-07-03T12:00:00Z,2020-08-02T06:00:00Z,train
1424,2020-05-04T18:00:00Z,2020-07-03T12:00:00Z,2020-07-03T18:00:00Z,2020-08-02T12:00:00Z,train
1425,2020-05-05T00:00:00Z,2020-07-03T18:00:00Z,2020-07-04T00:00:00Z,2020-08-02T18:00:00Z,train
1426,2020-05-05T06:00:00Z,2020-07-04T00:00:00Z,2020-07-04T06:00:00Z,2020-08-03T00:00:00Z,train
1427,2020-05-05T12:00:00Z,2020-07-04T06:00:00Z,2020-07-04T12:00:00Z,2020-08-03T06:00:00Z,train
1428,2020-05-05T18:00:00Z,2020-07-04T12:00:00Z,2020-07-04T18:00:00Z,2020-08-03T12:00:00Z,train
1429,2020-05-06T00:00:00Z,2020-07-04T18:00:00Z,2020-07-05T00:00:00Z,2020-08-03T18:00:00Z,train
1430,2020-05-06T06:00:00Z,2020-07-05T00:00:00Z,2020-07-05T06:00:00Z,2020-08-04T00:00:00Z,train
1431,2020-05-06T12:00:00Z,2020-07-05T06:00:00Z,2020-07-05T12:00:00Z,2020-08-04T06:00:00Z,train
1432,2020-05-06T18:00:00Z,2020-07-05T12:00:00Z,2020-07-05T18:00:00Z,2020-08-04T12:00:00Z,train
1433,2020-05-07T00:00:00Z,2020-07-05T18:00:00Z,2020-07-06T00:00:00Z,2020-08-04T18:00:00Z,train
1434,2020-05-07T06:00:00Z,2020-07-06T00:00:00Z,2020-07-06T06:00:00Z,2020-08-05T00:00:00Z,train
1435,2020-05-07T12:00:00Z,2020-07-06T06:00:00Z,2020-07-06T12:00:00Z,2020-08-05T06:00:00Z,train
1436,2020-05-07T18:00:00Z,2020-07-06T12:00:00Z,2020-07-06T18:00:00Z,2020-08-05T12:00:00Z,train
1437,2020-05-08T00:00:00Z,2020-07-06T18:00:00Z,2020-07-07T00:00:00Z,2020-08-05T18:00:00Z,train
1438,2020-05-08T06:00:00Z,2020-07-07T00:00:00Z,2020-07-07T06:00:00Z,2020-08-06T00:00:00Z,train
1439,2020-05-08T12:00:00Z,2020-07-07T06:00:00Z,2020-07-07T12:00:00Z,2020-08-06T06:00:00Z,train
1440,2020-05-08T18:00:00Z,2020-07-07T12:00:00Z,2020-07-07T18:00:00Z,2020-08-06T12:00:00Z,train
1441,2020-05-09T00:00:00Z,2020-07-07T18:00:00Z,2020-07-08T00:00:00Z,2020-08-06T18:00:00Z,train
1442,2020-05-09T06:00:00Z,2020-07-08T00:00:00Z,2020-07-08T06:00:00Z,2020-08-07T00:00:00Z,train
1443,2020-05-09T12:00:00Z,2020-07-08T06:00:00Z,2020-07-08T12:00:00Z,2020-08-07T06:00:00Z,train
1444,2020-05-09T18:00:00Z,2020-07-08T12:00:00Z,2020-07-08T18:00:00Z,2020-08-07T12:00:00Z,train
1445,2020-05-10T00:00:00Z,2020-07-08T18:00:00Z,2020-07-09T00:00:00Z,2020-08-07T18:00:00Z,train
1446,2020-05-10T06:00:00Z,2020-07-09T00:00:00Z,2020-07-09T06:00:00Z,2020-08-08T00:00:00Z,train
1447,2020-05-10T12:00:00Z,2020-07-09T06:00:00Z,2020-07-09T12:00:00Z,2020-08-08T06:00:00Z,train
1448,2020-05-10T18:00:00Z,2020-07-09T12:00:00Z,2020-07-09T18:00:00Z,2020-08-08T12:00:00Z,train
1449,2020-05-11T00:00:00Z,2020-07-09T18:00:00Z,2020-07-10T00:00:00Z,2020-08-08T18:00:00Z,train
1450,2020-05-11T06:00:00Z,2020-07-10T00:00:00Z,2020-07-10T06:00:00Z,2020-08-09T00:00:00Z,train
1451,2020-05-11T12:00:00Z,2020-07-10T06:00:00Z,2020-07-10T12:00:00Z,2020-08-09T06:00:00Z,train
1452,2020-05-11T18:00:00Z,2020-07-10T12:00:00Z,2020-07-10T18:00:00Z,2020-08-09T12:00:00Z,train
1453,2020-05-12T00:00:00Z,2020-07-10T18:00:00Z,2020-07-11T00:00:00Z,2020-08-09T18:00:00Z,train
1454,2020-05-12T06:00:00Z,2020-07-11T00:00:00Z,2020-07-11T06:00:00Z,2020-08-10T00:00:00Z,train
1455,2020-05-12T12:00:00Z,2020-07-11T06:00:00Z,2020-07-11T12:00:00Z,2020-08-10T06:00:00Z,train
1456,2020-05-12T18:00:00Z,2020-07-11T12:00:00Z,2020-07-11T18:00:00Z,2020-08-10T12:00:00Z,train
1457,2020-05-13T00:00:00Z,2020-07-11T18:00:00Z,2020-07-12T00:00:00Z,2020-08-10T18:00:00Z,train
1458,2020-05-13T06:00:00Z,2020-07-12T00:00:00Z,2020-07-12T06:00:00Z,2020-08-11T00:00:00Z,train
1459,2020-05-13T12:00:00Z,2020-07-12T06:00:00Z,2020-07-12T12:00:00Z,2020-08-11T06:00:00Z,train
1460,2020-05-13T18:00:00Z,2020-07-12T12:00:00Z,2020-07-12T18:00:00Z,2020-08-11T12:00:00Z,train
1461,2020-05-14T00:00:00Z,2020-07-12T18:00:00Z,2020-07-13T00:00:00Z,2020-08-11T18:00:00Z,train
1462,2020-05-14T06:00:00Z,2020-07-13T00:00:00Z,2020-07-13T06:00:00Z,2020-08-12T00:00:00Z,train
1463,2020-05-14T12:00:00Z,2020-07-13T06:00:00Z,2020-07-13T12:00:00Z,2020-08-12T06:00:00Z,train
1464,2020-05-14T18:00:00Z,2020-07-13T12:00:00Z,2020-07-13T18:00:00Z,2020-08-12T12:00:00Z,train
1465,2020-05-15T00:00:00Z,2020-07-13T18:00:00Z,2020-07-14T00:00:00Z,2020-08-12T18:00:00Z,train
1466,2020-05-15T06:00:00Z,2020-07-14T00:00:00Z,2020-07-14T06:00:00Z,2020-08-13T00:00:00Z,train
1467,2020-05-15T12:00:00Z,2020-07-14T06:00:00Z,2020-07-14T12:00:00Z,2020-08-13T06:00:00Z,train
1468,2020-05-15T18:00:00Z,2020-07-14T12:00:00Z,2020-07-14T18:00:00Z,2020-08-13T12:00:00Z,train
1469,2020-05-16T00:00:00Z,2020-07-14T18:00:00Z,2020-07-15T00:00:00Z,2020-08-13T18:00:00Z,train
1470,2020-05-16T06:00:00Z,2020-07-15T00:00:00Z,2020-07-15T06:00:00Z,2020-08-14T00:00:00Z,train
1471,2020-05-16T12:00:00Z,2020-07-15T06:00:00Z,2020-07-15T12:00:00Z,2020-08-14T06:00:00Z,train
1472,2020-05-16T18:00:00Z,2020-07-15T12:00:00Z,2020-07-15T18:00:00Z,2020-08-14T12:00:00Z,train
1473,2020-05-17T00:00:00Z,2020-07-15T18:00:00Z,2020-07-16T00:00:00Z,2020-08-14T18:00:00Z,train
1474,2020-05-17T06:00:00Z,2020-07-16T00:00:00Z,2020-07-16T06:00:00Z,2020-08-15T00:00:00Z,train
1475,2020-05-17T12:00:00Z,2020-07-16T06:00:00Z,2020-07-16T12:00:00Z,2020-08-15T06:00:00Z,train
1476,2020-05-17T18:00:00Z,2020-07-16T12:00:00Z,2020-07-16T18:00:00Z,2020-08-15T12:00:00Z,train
1477,2020-05-18T00:00:00Z,2020-07-16T18:00:00Z,2020-07-17T00:00:00Z,2020-08-15T18:00:00Z,train
1478,2020-05-18T06:00:00Z,2020-07-17T00:00:00Z,2020-07-17T06:00:00Z,2020-08-16T00:00:00Z,train
1479,2020-05-18T12:00:00Z,2020-07-17T06:00:00Z,2020-07-17T12:00:00Z,2020-08-16T06:00:00Z,train
1480,2020-05-18T18:00:00Z,2020-07-17T12:00:00Z,2020-07-17T18:00:00Z,2020-08-16T12:00:00Z,train
1481,2020-05-19T00:00:00Z,2020-07-17T18:00:00Z,2020-07-18T00:00:00Z,2020-08-16T18:00:00Z,train
1482,2020-05-19T06:00:00Z,2020-07-18T00:00:00Z,2020-07-18T06:00:00Z,2020-08-17T00:00:00Z,train
1483,2020-05-19T12:00:00Z,2020-07-18T06:00:00Z,2020-07-18T12:00:00Z,2020-08-17T06:00:00Z,train
1484,2020-05-19T18:00:00Z,2020-07-18T12:00:00Z,2020-07-18T18:00:00Z,2020-08-17T12:00:00Z,train
1485,2020-05-20T00:00:00Z,2020-07-18T18:00:00Z,2020-07-19T00:00:00Z,2020-08-17T18:00:00Z,train
1486,2020-05-20T06:00:00Z,2020-07-19T00:00:00Z,2020-07-19T06:00:00Z,2020-08-18T00:00:00Z,train
1487,2020-05-20T12:00:00Z,2020-07-19T06:00:00Z,2020-07-19T12:00:00Z,2020-08-18T06:00:00Z,train
1488,2020-05-20T18:00:00Z,2020-07-19T12:00:00Z,2020-07-19T18:00:00Z,2020-08-18T12:00:00Z,train
1489,2020-05-21T00:00:00Z,2020-07-19T18:00:00Z,2020-07-20T00:00:00Z,2020-08-18T18:00:00Z,train
1490,2020-05-21T06:00:00Z,2020-07-20T00:00:00Z,2020-07-20T06:00:00Z,2020-08-19T00:00:00Z,train
1491,2020-05-21T12:00:00Z,2020-07-20T06:00:00Z,2020-07-20T12:00:00Z,2020-08-19T06:00:00Z,train
1492,2020-05-21T18:00:00Z,2020-07-20T12:00:00Z,2020-07-20T18:00:00Z,2020-08-19T12:00:00Z,train
1493,2020-05-22T00:00:00Z,2020-07-20T18:00:00Z,2020-07-21T00:00:00Z,2020-08-19T18:00:00Z,train
1494,2020-05-22T06:00:00Z,2020-07-21T00:00:00Z,2020-07-21T06:00:00Z,2020-08-20T00:00:00Z,train
1495,2020-05-22T12:00:00Z,2020-07-21T06:00:00Z,2020-07-21T12:00:00Z,2020-08-20T06:00:00Z,train
1496,2020-05-22T18:00:00Z,2020-07-21T12:00:00Z,2020-07-21T18:00:00Z,2020-08-20T12:00:00Z,train
1497,2020-05-23T00:00:00Z,2020-07-21T18:00:00Z,2020-07-22T00:00:00Z,2020-08-20T18:00:00Z,train
1498,2020-05-23T06:00:00Z,2020-07-22T00:00:00Z,2020-07-22T06:00:00Z,2020-08-21T00:00:00Z,train
1499,2020-05-23T12:00:00Z,2020-07-22T06:00:00Z,2020-07-22T12:00:00Z,2020-08-21T06:00:00Z,train
1500,2020-05-23T18:00:00Z,2020-07-22T12:00:00Z,2020-07-22T18:00:00Z,2020-08-21T12:00:00Z,train
1501,2020-05-24T00:00:00Z,2020-07-22T18:00:00Z,2020-07-23T00:00:00Z,2020-08-21T18:00:00Z,train
1502,2020-05-24T06:00:00Z,2020-07-23T00:00:00Z,2020-07-23T06:00:00Z,2020-08-22T00:00:00Z,train
1503,2020-05-24T12:00:00Z,2020-07-23T06:00:00Z,2020-07-23T12:00:00Z,2020-08-22T06:00:00Z,train
1504,2020-05-24T18:00:00Z,2020-07-23T12:00:00Z,2020-07-23T18:00:00Z,2020-08-22T12:00:00Z,train
1505,2020-05-25T00:00:00Z,2020-07-23T18:00:00Z,2020-07-24T00:00:00Z,2020-08-22T18:00:00Z,train
1506,2020-05-25T06:00:00Z,2020-07-24T00:00:00Z,2020-07-24T06:00:00Z,2020-08-23T00:00:00Z,train
1507,2020-05-25T12:00:00Z,2020-07-24T06:00:00Z,2020-07-24T12:00:00Z,2020-08-23T06:00:00Z,train
1508,2020-05-25T18:00:00Z,2020-07-24T12:00:00Z,2020-07-24T18:00:00Z,2020-08-23T12:00:00Z,train
1509,2020-05-26T00:00:00Z,2020-07-24T18:00:00Z,2020-07-25T00:00:00Z,2020-08-23T18:00:00Z,train
1510,2020-05-26T06:00:00Z,2020-07-25T00:00:00Z,2020-07-25T06:00:00Z,2020-08-24T00:00:00Z,train
1511,2020-05-26T12:00:00Z,2020-07-25T06:00:00Z,2020-07-25T12:00:00Z,2020-08-24T06:00:00Z,train
1512,2020-05-26T18:00:00Z,2020-07-25T12:00:00Z,2020-07-25T18:00:00Z,2020-08-24T12:00:00Z,train
1513,2020-05-27T00:00:00Z,2020-07-25T18:00:00Z,2020-07-26T00:00:00Z,2020-08-24T18:00:00Z,train
1514,2020-05-27T06:00:00Z,2020-07-26T00:00:00Z,2020-07-26T06:00:00Z,2020-08-25T00:00:00Z,train
1515,2020-05-27T12:00:00Z,2020-07-26T06:00:00Z,2020-07-26T12:00:00Z,2020-08-25T06:00:00Z,train
1516,2020-05-27T18:00:00Z,2020-07-26T12:00:00Z,2020-07-26T18:00:00Z,2020-08-25T12:00:00Z,train
1517,2020-05-28T00:00:00Z,2020-07-26T18:00:00Z,2020-07-27T00:00:00Z,2020-08-25T18:00:00Z,train
1518,2020-05-28T06:00:00Z,2020-07-27T00:00:00Z,2020-07-27T06:00:00Z,2020-08-26T00:00:00Z,train
1519,2020-05-28T12:00:00Z,2020-07-27T06:00:00Z,2020-07-27T12:00:00Z,2020-08-26T06:00:00Z,train
1520,2020-05-28T18:00:00Z,2020-07-27T12:00:00Z,2020-07-27T18:00:00Z,2020-08-26T12:00:00Z,train
1521,2020-05-29T00:00:00Z,2020-07-27T18:00:00Z,2020-07-28T00:00:00Z,2020-08-26T18:00:00Z,train
1522,2020-05-29T06:00:00Z,2020-07-28T00:00:00Z,2020-07-28T06:00:00Z,2020-08-27T00:00:00Z,train
1523,2020-05-29T12:00:00Z,2020-07-28T06:00:00Z,2020-07-28T12:00:00Z,2020-08-27T06:00:00Z,train
1524,2020-05-29T18:00:00Z,2020-07-28T12:00:00Z,2020-07-28T18:00:00Z,2020-08-27T12:00:00Z,train
1525,2020-05-30T00:00:00Z,2020-07-28T18:00:00Z,2020-07-29T00:00:00Z,2020-08-27T18:00:00Z,train
1526,2020-05-30T06:00:00Z,2020-07-29T00:00:00Z,2020-07-29T06:00:00Z,2020-08-28T00:00:00Z,train
1527,2020-05-30T12:00:00Z,2020-07-29T06:00:00Z,2020-07-29T12:00:00Z,2020-08-28T06:00:00Z,train
1528,2020-05-30T18:00:00Z,2020-07-29T12:00:00Z,2020-07-29T18:00:00Z,2020-08-28T12:00:00Z,train
1529,2020-05-31T00:00:00Z,2020-07-29T18:00:00Z,2020-07-30T00:00:00Z,2020-08-28T18:00:00Z,train
1530,2020-05-31T06:00:00Z,2020-07-30T00:00:00Z,2020-07-30T06:00:00Z,2020-08-29T00:00:00Z,train
1531,2020-05-31T12:00:00Z,2020-07-30T06:00:00Z,2020-07-30T12:00:00Z,2020-08-29T06:00:00Z,train
1532,2020-05-31T18:00:00Z,2020-07-30T12:00:00Z,2020-07-30T18:00:00Z,2020-08-29T12:00:00Z,train
1533,2020-06-01T00:00:00Z,2020-07-30T18:00:00Z,2020-07-31T00:00:00Z,2020-08-29T18:00:00Z,train
1534,2020-06-01T06:00:00Z,2020-07-31T00:00:00Z,2020-07-31T06:00:00Z,2020-08-30T00:00:00Z,train
1535,2020-06-01T12:00:00Z,2020-07-31T06:00:00Z,2020-07-31T12:00:00Z,2020-08-30T06:00:00Z,train
1536,2020-06-01T18:00:00Z,2020-07-31T12:00:00Z,2020-07-31T18:00:00Z,2020-08-30T12:00:00Z,train
1537,2020-06-02T00:00:00Z,2020-07-31T18:00:00Z,2020-08-01T00:00:00Z,2020-08-30T18:00:00Z,train
1538,2020-06-02T06:00:00Z,2020-08-01T00:00:00Z,2020-08-01T06:00:00Z,2020-08-31T00:00:00Z,train
1539,2020-06-02T12:00:00Z,2020-08-01T06:00:00Z,2020-08-01T12:00:00Z,2020-08-31T06:00:00Z,train
1540,2020-06-02T18:00:00Z,2020-08-01T12:00:00Z,2020-08-01T18:00:00Z,2020-08-31T12:00:00Z,train
1541,2020-06-03T00:00:00Z,2020-08-01T18:00:00Z,2020-08-02T00:00:00Z,2020-08-31T18:00:00Z,train
1542,2020-06-03T06:00:00Z,2020-08-02T00:00:00Z,2020-08-02T06:00:00Z,2020-09-01T00:00:00Z,train
1543,2020-06-03T12:00:00Z,2020-08-02T06:00:00Z,2020-08-02T12:00:00Z,2020-09-01T06:00:00Z,train
1544,2020-06-03T18:00:00Z,2020-08-02T12:00:00Z,2020-08-02T18:00:00Z,2020-09-01T12:00:00Z,train
1545,2020-06-04T00:00:00Z,2020-08-02T18:00:00Z,2020-08-03T00:00:00Z,2020-09-01T18:00:00Z,train
1546,2020-06-04T06:00:00Z,2020-08-03T00:00:00Z,2020-08-03T06:00:00Z,2020-09-02T00:00:00Z,train
1547,2020-06-04T12:00:00Z,2020-08-03T06:00:00Z,2020-08-03T12:00:00Z,2020-09-02T06:00:00Z,train
1548,2020-06-04T18:00:00Z,2020-08-03T12:00:00Z,2020-08-03T18:00:00Z,2020-09-02T12:00:00Z,train
1549,2020-06-05T00:00:00Z,2020-08-03T18:00:00Z,2020-08-04T00:00:00Z,2020-09-02T18:00:00Z,train
1550,2020-06-05T06:00:00Z,2020-08-04T00:00:00Z,2020-08-04T06:00:00Z,2020-09-03T00:00:00Z,train
1551,2020-06-05T12:00:00Z,2020-08-04T06:00:00Z,2020-08-04T12:00:00Z,2020-09-03T06:00:00Z,train
1552,2020-06-05T18:00:00Z,2020-08-04T12:00:00Z,2020-08-04T18:00:00Z,2020-09-03T12:00:00Z,train
1553,2020-06-06T00:00:00Z,2020-08-04T18:00:00Z,2020-08-05T00:00:00Z,2020-09-03T18:00:00Z,train
1554,2020-06-06T06:00:00Z,2020-08-05T00:00:00Z,2020-08-05T06:00:00Z,2020-09-04T00:00:00Z,train
1555,2020-06-06T12:00:00Z,2020-08-05T06:00:00Z,2020-08-05T12:00:00Z,2020-09-04T06:00:00Z,train
1556,2020-06-06T18:00:00Z,2020-08-05T12:00:00Z,2020-08-05T18:00:00Z,2020-09-04T12:00:00Z,train
1557,2020-06-07T00:00:00Z,2020-08-05T18:00:00Z,2020-08-06T00:00:00Z,2020-09-04T18:00:00Z,train
1558,2020-06-07T06:00:00Z,2020-08-06T00:00:00Z,2020-08-06T06:00:00Z,2020-09-05T00:00:00Z,train
1559,2020-06-07T12:00:00Z,2020-08-06T06:00:00Z,2020-08-06T12:00:00Z,2020-09-05T06:00:00Z,train
1560,2020-06-07T18:00:00Z,2020-08-06T12:00:00Z,2020-08-06T18:00:00Z,2020-09-05T12:00:00Z,train
1561,2020-06-08T00:00:00Z,2020-08-06T18:00:00Z,2020-08-07T00:00:00Z,2020-09-05T18:00:00Z,train
1562,2020-06-08T06:00:00Z,2020-08-07T00:00:00Z,2020-08-07T06:00:00Z,2020-09-06T00:00:00Z,train
1563,2020-06-08T12:00:00Z,2020-08-07T06:00:00Z,2020-08-07T12:00:00Z,2020-09-06T06:00:00Z,train
1564,2020-06-08T18:00:00Z,2020-08-07T12:00:00Z,2020-08-07T18:00:00Z,2020-09-06T12:00:00Z,train
1565,2020-06-09T00:00:00Z,2020-08-07T18:00:00Z,2020-08-08T00:00:00Z,2020-09-06T18:00:00Z,train
1566,2020-06-09T06:00:00Z,2020-08-08T00:00:00Z,2020-08-08T06:00:00Z,2020-09-07T00:00:00Z,train
1567,2020-06-09T12:00:00Z,2020-08-08T06:00:00Z,2020-08-08T12:00:00Z,2020-09-07T06:00:00Z,train
1568,2020-06-09T18:00:00Z,2020-08-08T12:00:00Z,2020-08-08T18:00:00Z,2020-09-07T12:00:00Z,train
1569,2020-06-10T00:00:00Z,2020-08-08T18:00:00Z,2020-08-09T00:00:00Z,2020-09-07T18:00:00Z,train
1570,2020-06-10T06:00:00Z,2020-08-09T00:00:00Z,2020-08-09T06:00:00Z,2020-09-08T00:00:00Z,train
1571,2020-06-10T12:00:00Z,2020-08-09T06:00:00Z,2020-08-09T12:00:00Z,2020-09-08T06:00:00Z,train
1572,2020-06-10T18:00:00Z,2020-08-09T12:00:00Z,2020-08-09T18:00:00Z,2020-09-08T12:00:00Z,train
1573,2020-06-11T00:00:00Z,2020-08-09T18:00:00Z,2020-08-10T00:00:00Z,2020-09-08T18:00:00Z,train
1574,2020-06-11T06:00:00Z,2020-08-10T00:00:00Z,2020-08-10T06:00:00Z,2020-09-09T00:00:00Z,train
1575,2020-06-11T12:00:00Z,2020-08-10T06:00:00Z,2020-08-10T12:00:00Z,2020-09-09T06:00:00Z,train
1576,2020-06-11T18:00:00Z,2020-08-10T12:00:00Z,2020-08-10T18:00:00Z,2020-09-09T12:00:00Z,train
1577,2020-06-12T00:00:00Z,2020-08-10T18:00:00Z,2020-08-11T00:00:00Z,2020-09-09T18:00:00Z,train
1578,2020-06-12T06:00:00Z,2020-08-11T00:00:00Z,2020-08-11T06:00:00Z,2020-09-10T00:00:00Z,train
1579,2020-06-12T12:00:00Z,2020-08-11T06:00:00Z,2020-08-11T12:00:00Z,2020-09-10T06:00:00Z,train
1580,2020-06-12T18:00:00Z,2020-08-11T12:00:00Z,2020-08-11T18:00:00Z,2020-09-10T12:00:00Z,train
1581,2020-06-13T00:00:00Z,2020-08-11T18:00:00Z,2020-08-12T00:00:00Z,2020-09-10T18:00:00Z,train
1582,2020-06-13T06:00:00Z,2020-08-12T00:00:00Z,2020-08-12T06:00:00Z,2020-09-11T00:00:00Z,train
1583,2020-06-13T12:00:00Z,2020-08-12T06:00:00Z,2020-08-12T12:00:00Z,2020-09-11T06:00:00Z,train
1584,2020-06-13T18:00:00Z,2020-08-12T12:00:00Z,2020-08-12T18:00:00Z,2020-09-11T12:00:00Z,train
1585,2020-06-14T00:00:00Z,2020-08-12T18:00:00Z,2020-08-13T00:00:00Z,2020-09-11T18:00:00Z,train
1586,2020-06-14T06:00:00Z,2020-08-13T00:00:00Z,2020-08-13T06:00:00Z,2020-09-12T00:00:00Z,train
1587,2020-06-14T12:00:00Z,2020-08-13T06:00:00Z,2020-08-13T12:00:00Z,2020-09-12T06:00:00Z,train
1588,2020-06-14T18:00:00Z,2020-08-13T12:00:00Z,2020-08-13T18:00:00Z,2020-09-12T12:00:00Z,train
1589,2020-06-15T00:00:00Z,2020-08-13T18:00:00Z,2020-08-14T00:00:00Z,2020-09-12T18:00:00Z,train
1590,2020-06-15T06:00:00Z,2020-08-14T00:00:00Z,2020-08-14T06:00:00Z,2020-09-13T00:00:00Z,train
1591,2020-06-15T12:00:00Z,2020-08-14T06:00:00Z,2020-08-14T12:00:00Z,2020-09-13T06:00:00Z,train
1592,2020-06-15T18:00:00Z,2020-08-14T12:00:00Z,2020-08-14T18:00:00Z,2020-09-13T12:00:00Z,train
1593,2020-06-16T00:00:00Z,2020-08-14T18:00:00Z,2020-08-15T00:00:00Z,2020-09-13T18:00:00Z,train
1594,2020-06-16T06:00:00Z,2020-08-15T00:00:00Z,2020-08-15T06:00:00Z,2020-09-14T00:00:00Z,train
1595,2020-06-16T12:00:00Z,2020-08-15T06:00:00Z,2020-08-15T12:00:00Z,2020-09-14T06:00:00Z,train
1596,2020-06-16T18:00:00Z,2020-08-15T12:00:00Z,2020-08-15T18:00:00Z,2020-09-14T12:00:00Z,train
1597,2020-06-17T00:00:00Z,2020-08-15T18:00:00Z,2020-08-16T00:00:00Z,2020-09-14T18:00:00Z,train
1598,2020-06-17T06:00:00Z,2020-08-16T00:00:00Z,2020-08-16T06:00:00Z,2020-09-15T00:00:00Z,train
1599,2020-06-17T12:00:00Z,2020-08-16T06:00:00Z,2020-08-16T12:00:00Z,2020-09-15T06:00:00Z,train
1600,2020-06-17T18:00:00Z,2020-08-16T12:00:00Z,2020-08-16T18:00:00Z,2020-09-15T12:00:00Z,train
1601,2020-06-18T00:00:00Z,2020-08-16T18:00:00Z,2020-08-17T00:00:00Z,2020-09-15T18:00:00Z,train
1602,2020-06-18T06:00:00Z,2020-08-17T00:00:00Z,2020-08-17T06:00:00Z,2020-09-16T00:00:00Z,train
1603,2020-06-18T12:00:00Z,2020-08-17T06:00:00Z,2020-08-17T12:00:00Z,2020-09-16T06:00:00Z,train
1604,2020-06-18T18:00:00Z,2020-08-17T12:00:00Z,2020-08-17T18:00:00Z,2020-09-16T12:00:00Z,train
1605,2020-06-19T00:00:00Z,2020-08-17T18:00:00Z,2020-08-18T00:00:00Z,2020-09-16T18:00:00Z,train
1606,2020-06-19T06:00:00Z,2020-08-18T00:00:00Z,2020-08-18T06:00:00Z,2020-09-17T00:00:00Z,train
1607,2020-06-19T12:00:00Z,2020-08-18T06:00:00Z,2020-08-18T12:00:00Z,2020-09-17T06:00:00Z,train
1608,2020-06-19T18:00:00Z,2020-08-18T12:00:00Z,2020-08-18T18:00:00Z,2020-09-17T12:00:00Z,train
1609,2020-06-20T00:00:00Z,2020-08-18T18:00:00Z,2020-08-19T00:00:00Z,2020-09-17T18:00:00Z,train
1610,2020-06-20T06:00:00Z,2020-08-19T00:00:00Z,2020-08-19T06:00:00Z,2020-09-18T00:00:00Z,train
1611,2020-06-20T12:00:00Z,2020-08-19T06:00:00Z,2020-08-19T12:00:00Z,2020-09-18T06:00:00Z,train
1612,2020-06-20T18:00:00Z,2020-08-19T12:00:00Z,2020-08-19T18:00:00Z,2020-09-18T12:00:00Z,train
1613,2020-06-21T00:00:00Z,2020-08-19T18:00:00Z,2020-08-20T00:00:00Z,2020-09-18T18:00:00Z,train
1614,2020-06-21T06:00:00Z,2020-08-20T00:00:00Z,2020-08-20T06:00:00Z,2020-09-19T00:00:00Z,train
1615,2020-06-21T12:00:00Z,2020-08-20T06:00:00Z,2020-08-20T12:00:00Z,2020-09-19T06:00:00Z,train
1616,2020-06-21T18:00:00Z,2020-08-20T12:00:00Z,2020-08-20T18:00:00Z,2020-09-19T12:00:00Z,train
1617,2020-06-22T00:00:00Z,2020-08-20T18:00:00Z,2020-08-21T00:00:00Z,2020-09-19T18:00:00Z,train
1618,2020-06-22T06:00:00Z,2020-08-21T00:00:00Z,2020-08-21T06:00:00Z,2020-09-20T00:00:00Z,train
1619,2020-06-22T12:00:00Z,2020-08-21T06:00:00Z,2020-08-21T12:00:00Z,2020-09-20T06:00:00Z,train
1620,2020-06-22T18:00:00Z,2020-08-21T12:00:00Z,2020-08-21T18:00:00Z,2020-09-20T12:00:00Z,train
1621,2020-06-23T00:00:00Z,2020-08-21T18:00:00Z,2020-08-22T00:00:00Z,2020-09-20T18:00:00Z,train
1622,2020-06-23T06:00:00Z,2020-08-22T00:00:00Z,2020-08-22T06:00:00Z,2020-09-21T00:00:00Z,train
1623,2020-06-23T12:00:00Z,2020-08-22T06:00:00Z,2020-08-22T12:00:00Z,2020-09-21T06:00:00Z,train
1624,2020-06-23T18:00:00Z,2020-08-22T12:00:00Z,2020-08-22T18:00:00Z,2020-09-21T12:00:00Z,train
1625,2020-06-24T00:00:00Z,2020-08-22T18:00:00Z,2020-08-23T00:00:00Z,2020-09-21T18:00:00Z,train
1626,2020-06-24T06:00:00Z,2020-08-23T00:00:00Z,2020-08-23T06:00:00Z,2020-09-22T00:00:00Z,train
1627,2020-06-24T12:00:00Z,2020-08-23T06:00:00Z,2020-08-23T12:00:00Z,2020-09-22T06:00:00Z,train
1628,2020-06-24T18:00:00Z,2020-08-23T12:00:00Z,2020-08-23T18:00:00Z,2020-09-22T12:00:00Z,train
1629,2020-06-25T00:00:00Z,2020-08-23T18:00:00Z,2020-08-24T00:00:00Z,2020-09-22T18:00:00Z,train
1630,2020-06-25T06:00:00Z,2020-08-24T00:00:00Z,2020-08-24T06:00:00Z,2020-09-23T00:00:00Z,train
1631,2020-06-25T12:00:00Z,2020-08-24T06:00:00Z,2020-08-24T12:00:00Z,2020-09-23T06:00:00Z,train
1632,2020-06-25T18:00:00Z,2020-08-24T12:00:00Z,2020-08-24T18:00:00Z,2020-09-23T12:00:00Z,train
1633,2020-06-26T00:00:00Z,2020-08-24T18:00:00Z,2020-08-25T00:00:00Z,2020-09-23T18:00:00Z,train
1634,2020-06-26T06:00:00Z,2020-08-25T00:00:00Z,2020-08-25T06:00:00Z,2020-09-24T00:00:00Z,train
1635,2020-06-26T12:00:00Z,2020-08-25T06:00:00Z,2020-08-25T12:00:00Z,2020-09-24T06:00:00Z,train
1636,2020-06-26T18:00:00Z,2020-08-25T12:00:00Z,2020-08-25T18:00:00Z,2020-09-24T12:00:00Z,train
1637,2020-06-27T00:00:00Z,2020-08-25T18:00:00Z,2020-08-26T00:00:00Z,2020-09-24T18:00:00Z,train
1638,2020-06-27T06:00:00Z,2020-08-26T00:00:00Z,2020-08-26T06:00:00Z,2020-09-25T00:00:00Z,train
1639,2020-06-27T12:00:00Z,2020-08-26T06:00:00Z,2020-08-26T12:00:00Z,2020-09-25T06:00:00Z,train
1640,2020-06-27T18:00:00Z,2020-08-26T12:00:00Z,2020-08-26T18:00:00Z,2020-09-25T12:00:00Z,train
1641,2020-06-28T00:00:00Z,2020-08-26T18:00:00Z,2020-08-27T00:00:00Z,2020-09-25T18:00:00Z,train
1642,2020-06-28T06:00:00Z,2020-08-27T00:00:00Z,2020-08-27T06:00:00Z,2020-09-26T00:00:00Z,train
1643,2020-06-28T12:00:00Z,2020-08-27T06:00:00Z,2020-08-27T12:00:00Z,2020-09-26T06:00:00Z,train
1644,2020-06-28T18:00:00Z,2020-08-27T12:00:00Z,2020-08-27T18:00:00Z,2020-09-26T12:00:00Z,train
1645,2020-06-29T00:00:00Z,2020-08-27T18:00:00Z,2020-08-28T00:00:00Z,2020-09-26T18:00:00Z,train
1646,2020-06-29T06:00:00Z,2020-08-28T00:00:00Z,2020-08-28T06:00:00Z,2020-09-27T00:00:00Z,train
1647,2020-06-29T12:00:00Z,2020-08-28T06:00:00Z,2020-08-28T12:00:00Z,2020-09-27T06:00:00Z,train
1648,2020-06-29T18:00:00Z,2020-08-28T12:00:00Z,2020-08-28T18:00:00Z,2020-09-27T12:00:00Z,train
1649,2020-06-30T00:00:00Z,2020-08-28T18:00:00Z,2020-08-29T00:00:00Z,2020-09-27T18:00:00Z,train
1650,2020-06-30T06:00:00Z,2020-08-29T00:00:00Z,2020-08-29T06:00:00Z,2020-09-28T00:00:00Z,train
1651,2020-06-30T12:00:00Z,2020-08-29T06:00:00Z,2020-08-29T12:00:00Z,2020-09-28T06:00:00Z,train
1652,2020-06-30T18:00:00Z,2020-08-29T12:00:00Z,2020-08-29T18:00:00Z,2020-09-28T12:00:00Z,train
1653,2020-07-01T00:00:00Z,2020-08-29T18:00:00Z,2020-08-30T00:00:00Z,2020-09-28T18:00:00Z,train
1654,2020-07-01T06:00:00Z,2020-08-30T00:00:00Z,2020-08-30T06:00:00Z,2020-09-29T00:00:00Z,train
1655,2020-07-01T12:00:00Z,2020-08-30T06:00:00Z,2020-08-30T12:00:00Z,2020-09-29T06:00:00Z,train
1656,2020-07-01T18:00:00Z,2020-08-30T12:00:00Z,2020-08-30T18:00:00Z,2020-09-29T12:00:00Z,train
1657,2020-07-02T00:00:00Z,2020-08-30T18:00:00Z,2020-08-31T00:00:00Z,2020-09-29T18:00:00Z,train
1658,2020-07-02T06:00:00Z,2020-08-31T00:00:00Z,2020-08-31T06:00:00Z,2020-09-30T00:00:00Z,train
1659,2020-07-02T12:00:00Z,2020-08-31T06:00:00Z,2020-08-31T12:00:00Z,2020-09-30T06:00:00Z,train
1660,2020-07-02T18:00:00Z,2020-08-31T12:00:00Z,2020-08-31T18:00:00Z,2020-09-30T12:00:00Z,train
1661,2020-07-03T00:00:00Z,2020-08-31T18:00:00Z,2020-09-01T00:00:00Z,2020-09-30T18:00:00Z,train
1662,2020-07-03T06:00:00Z,2020-09-01T00:00:00Z,2020-09-01T06:00:00Z,2020-10-01T00:00:00Z,train
1663,2020-07-03T12:00:00Z,2020-09-01T06:00:00Z,2020-09-01T12:00:00Z,2020-10-01T06:00:00Z,train
1664,2020-07-03T18:00:00Z,2020-09-01T12:00:00Z,2020-09-01T18:00:00Z,2020-10-01T12:00:00Z,train
1665,2020-07-04T00:00:00Z,2020-09-01T18:00:00Z,2020-09-02T00:00:00Z,2020-10-01T18:00:00Z,train
1666,2020-07-04T06:00:00Z,2020-09-02T00:00:00Z,2020-09-02T06:00:00Z,2020-10-02T00:00:00Z,train
1667,2020-07-04T12:00:00Z,2020-09-02T06:00:00Z,2020-09-02T12:00:00Z,2020-10-02T06:00:00Z,train
1668,2020-07-04T18:00:00Z,2020-09-02T12:00:00Z,2020-09-02T18:00:00Z,2020-10-02T12:00:00Z,train
1669,2020-07-05T00:00:00Z,2020-09-02T18:00:00Z,2020-09-03T00:00:00Z,2020-10-02T18:00:00Z,train
1670,2020-07-05T06:00:00Z,2020-09-03T00:00:00Z,2020-09-03T06:00:00Z,2020-10-03T00:00:00Z,train
1671,2020-07-05T12:00:00Z,2020-09-03T06:00:00Z,2020-09-03T12:00:00Z,2020-10-03T06:00:00Z,train
1672,2020-07-05T18:00:00Z,2020-09-03T12:00:00Z,2020-09-03T18:00:00Z,2020-10-03T12:00:00Z,train
1673,2020-07-06T00:00:00Z,2020-09-03T18:00:00Z,2020-09-04T00:00:00Z,2020-10-03T18:00:00Z,train
1674,2020-07-06T06:00:00Z,2020-09-04T00:00:00Z,2020-09-04T06:00:00Z,2020-10-04T00:00:00Z,train
1675,2020-07-06T12:00:00Z,2020-09-04T06:00:00Z,2020-09-04T12:00:00Z,2020-10-04T06:00:00Z,train
1676,2020-07-06T18:00:00Z,2020-09-04T12:00:00Z,2020-09-04T18:00:00Z,2020-10-04T12:00:00Z,train
1677,2020-07-07T00:00:00Z,2020-09-04T18:00:00Z,2020-09-05T00:00:00Z,2020-10-04T18:00:00Z,train
1678,2020-07-07T06:00:00Z,2020-09-05T00:00:00Z,2020-09-05T06:00:00Z,2020-10-05T00:00:00Z,train
1679,2020-07-07T12:00:00Z,2020-09-05T06:00:00Z,2020-09-05T12:00:00Z,2020-10-05T06:00:00Z,train
1680,2020-07-07T18:00:00Z,2020-09-05T12:00:00Z,2020-09-05T18:00:00Z,2020-10-05T12:00:00Z,train
1681,2020-07-08T00:00:00Z,2020-09-05T18:00:00Z,2020-09-06T00:00:00Z,2020-10-05T18:00:00Z,train
1682,2020-07-08T06:00:00Z,2020-09-06T00:00:00Z,2020-09-06T06:00:00Z,2020-10-06T00:00:00Z,train
1683,2020-07-08T12:00:00Z,2020-09-06T06:00:00Z,2020-09-06T12:00:00Z,2020-10-06T06:00:00Z,train
1684,2020-07-08T18:00:00Z,2020-09-06T12:00:00Z,2020-09-06T18:00:00Z,2020-10-06T12:00:00Z,train
1685,2020-07-09T00:00:00Z,2020-09-06T18:00:00Z,2020-09-07T00:00:00Z,2020-10-06T18:00:00Z,train
1686,2020-07-09T06:00:00Z,2020-09-07T00:00:00Z,2020-09-07T06:00:00Z,2020-10-07T00:00:00Z,train
1687,2020-07-09T12:00:00Z,2020-09-07T06:00:00Z,2020-09-07T12:00:00Z,2020-10-07T06:00:00Z,train
1688,2020-07-09T18:00:00Z,2020-09-07T12:00:00Z,2020-09-07T18:00:00Z,2020-10-07T12:00:00Z,train
1689,2020-07-10T00:00:00Z,2020-09-07T18:00:00Z,2020-09-08T00:00:00Z,2020-10-07T18:00:00Z,train
1690,2020-07-10T06:00:00Z,2020-09-08T00:00:00Z,2020-09-08T06:00:00Z,2020-10-08T00:00:00Z,train
1691,2020-07-10T12:00:00Z,2020-09-08T06:00:00Z,2020-09-08T12:00:00Z,2020-10-08T06:00:00Z,train
1692,2020-07-10T18:00:00Z,2020-09-08T12:00:00Z,2020-09-08T18:00:00Z,2020-10-08T12:00:00Z,train
1693,2020-07-11T00:00:00Z,2020-09-08T18:00:00Z,2020-09-09T00:00:00Z,2020-10-08T18:00:00Z,train
1694,2020-07-11T06:00:00Z,2020-09-09T00:00:00Z,2020-09-09T06:00:00Z,2020-10-09T00:00:00Z,train
1695,2020-07-11T12:00:00Z,2020-09-09T06:00:00Z,2020-09-09T12:00:00Z,2020-10-09T06:00:00Z,train
1696,2020-07-11T18:00:00Z,2020-09-09T12:00:00Z,2020-09-09T18:00:00Z,2020-10-09T12:00:00Z,train
1697,2020-07-12T00:00:00Z,2020-09-09T18:00:00Z,2020-09-10T00:00:00Z,2020-10-09T18:00:00Z,train
1698,2020-07-12T06:00:00Z,2020-09-10T00:00:00Z,2020-09-10T06:00:00Z,2020-10-10T00:00:00Z,train
1699,2020-07-12T12:00:00Z,2020-09-10T06:00:00Z,2020-09-10T12:00:00Z,2020-10-10T06:00:00Z,train
1700,2020-07-12T18:00:00Z,2020-09-10T12:00:00Z,2020-09-10T18:00:00Z,2020-10-10T12:00:00Z,train
1701,2020-07-13T00:00:00Z,2020-09-10T18:00:00Z,2020-09-11T00:00:00Z,2020-10-10T18:00:00Z,train
1702,2020-07-13T06:00:00Z,2020-09-11T00:00:00Z,2020-09-11T06:00:00Z,2020-10-11T00:00:00Z,train
1703,2020-07-13T12:00:00Z,2020-09-11T06:00:00Z,2020-09-11T12:00:00Z,2020-10-11T06:00:00Z,train
1704,2020-07-13T18:00:00Z,2020-09-11T12:00:00Z,2020-09-11T18:00:00Z,2020-10-11T12:00:00Z,train
1705,2020-07-14T00:00:00Z,2020-09-11T18:00:00Z,2020-09-12T00:00:00Z,2020-10-11T18:00:00Z,train
1706,2020-07-14T06:00:00Z,2020-09-12T00:00:00Z,2020-09-12T06:00:00Z,2020-10-12T00:00:00Z,train
1707,2020-07-14T12:00:00Z,2020-09-12T06:00:00Z,2020-09-12T12:00:00Z,2020-10-12T06:00:00Z,train
1708,2020-07-14T18:00:00Z,2020-09-12T12:00:00Z,2020-09-12T18:00:00Z,2020-10-12T12:00:00Z,train
1709,2020-07-15T00:00:00Z,2020-09-12T18:00:00Z,2020-09-13T00:00:00Z,2020-10-12T18:00:00Z,train
1710,2020-07-15T06:00:00Z,2020-09-13T00:00:00Z,2020-09-13T06:00:00Z,2020-10-13T00:00:00Z,train
1711,2020-07-15T12:00:00Z,2020-09-13T06:00:00Z,2020-09-13T12:00:00Z,2020-10-13T06:00:00Z,train
1712,2020-07-15T18:00:00Z,2020-09-13T12:00:00Z,2020-09-13T18:00:00Z,2020-10-13T12:00:00Z,train
1713,2020-07-16T00:00:00Z,2020-09-13T18:00:00Z,2020-09-14T00:00:00Z,2020-10-13T18:00:00Z,train
1714,2020-07-16T06:00:00Z,2020-09-14T00:00:00Z,2020-09-14T06:00:00Z,2020-10-14T00:00:00Z,train
1715,2020-07-16T12:00:00Z,2020-09-14T06:00:00Z,2020-09-14T12:00:00Z,2020-10-14T06:00:00Z,train
1716,2020-07-16T18:00:00Z,2020-09-14T12:00:00Z,2020-09-14T18:00:00Z,2020-10-14T12:00:00Z,train
1717,2020-07-17T00:00:00Z,2020-09-14T18:00:00Z,2020-09-15T00:00:00Z,2020-10-14T18:00:00Z,train
1718,2020-07-17T06:00:00Z,2020-09-15T00:00:00Z,2020-09-15T06:00:00Z,2020-10-15T00:00:00Z,train
1719,2020-07-17T12:00:00Z,2020-09-15T06:00:00Z,2020-09-15T12:00:00Z,2020-10-15T06:00:00Z,train
1720,2020-07-17T18:00:00Z,2020-09-15T12:00:00Z,2020-09-15T18:00:00Z,2020-10-15T12:00:00Z,train
1721,2020-07-18T00:00:00Z,2020-09-15T18:00:00Z,2020-09-16T00:00:00Z,2020-10-15T18:00:00Z,train
1722,2020-07-18T06:00:00Z,2020-09-16T00:00:00Z,2020-09-16T06:00:00Z,2020-10-16T00:00:00Z,train
1723,2020-07-18T12:00:00Z,2020-09-16T06:00:00Z,2020-09-16T12:00:00Z,2020-10-16T06:00:00Z,train
1724,2020-07-18T18:00:00Z,2020-09-16T12:00:00Z,2020-09-16T18:00:00Z,2020-10-16T12:00:00Z,train
1725,2020-07-19T00:00:00Z,2020-09-16T18:00:00Z,2020-09-17T00:00:00Z,2020-10-16T18:00:00Z,train
1726,2020-07-19T06:00:00Z,2020-09-17T00:00:00Z,2020-09-17T06:00:00Z,2020-10-17T00:00:00Z,train
1727,2020-07-19T12:00:00Z,2020-09-17T06:00:00Z,2020-09-17T12:00:00Z,2020-10-17T06:00:00Z,train
1728,2020-07-19T18:00:00Z,2020-09-17T12:00:00Z,2020-09-17T18:00:00Z,2020-10-17T12:00:00Z,train
1729,2020-07-20T00:00:00Z,2020-09-17T18:00:00Z,2020-09-18T00:00:00Z,2020-10-17T18:00:00Z,train
1730,2020-07-20T06:00:00Z,2020-09-18T00:00:00Z,2020-09-18T06:00:00Z,2020-10-18T00:00:00Z,train
1731,2020-07-20T12:00:00Z,2020-09-18T06:00:00Z,2020-09-18T12:00:00Z,2020-10-18T06:00:00Z,train
1732,2020-07-20T18:00:00Z,2020-09-18T12:00:00Z,2020-09-18T18:00:00Z,2020-10-18T12:00:00Z,train
1733,2020-07-21T00:00:00Z,2020-09-18T18:00:00Z,2020-09-19T00:00:00Z,2020-10-18T18:00:00Z,train
1734,2020-07-21T06:00:00Z,2020-09-19T00:00:00Z,2020-09-19T06:00:00Z,2020-10-19T00:00:00Z,train
1735,2020-07-21T12:00:00Z,2020-09-19T06:00:00Z,2020-09-19T12:00:00Z,2020-10-19T06:00:00Z,train
1736,2020-07-21T18:00:00Z,2020-09-19T12:00:00Z,2020-09-19T18:00:00Z,2020-10-19T12:00:00Z,train
1737,2020-07-22T00:00:00Z,2020-09-19T18:00:00Z,2020-09-20T00:00:00Z,2020-10-19T18:00:00Z,train
1738,2020-07-22T06:00:00Z,2020-09-20T00:00:00Z,2020-09-20T06:00:00Z,2020-10-20T00:00:00Z,train
1739,2020-07-22T12:00:00Z,2020-09-20T06:00:00Z,2020-09-20T12:00:00Z,2020-10-20T06:00:00Z,train
1740,2020-07-22T18:00:00Z,2020-09-20T12:00:00Z,2020-09-20T18:00:00Z,2020-10-20T12:00:00Z,train
1741,2020-07-23T00:00:00Z,2020-09-20T18:00:00Z,2020-09-21T00:00:00Z,2020-10-20T18:00:00Z,train
1742,2020-07-23T06:00:00Z,2020-09-21T00:00:00Z,2020-09-21T06:00:00Z,2020-10-21T00:00:00Z,train
1743,2020-07-23T12:00:00Z,2020-09-21T06:00:00Z,2020-09-21T12:00:00Z,2020-10-21T06:00:00Z,train
1744,2020-07-23T18:00:00Z,2020-09-21T12:00:00Z,2020-09-21T18:00:00Z,2020-10-21T12:00:00Z,train
1745,2020-07-24T00:00:00Z,2020-09-21T18:00:00Z,2020-09-22T00:00:00Z,2020-10-21T18:00:00Z,train
1746,2020-07-24T06:00:00Z,2020-09-22T00:00:00Z,2020-09-22T06:00:00Z,2020-10-22T00:00:00Z,train
1747,2020-07-24T12:00:00Z,2020-09-22T06:00:00Z,2020-09-22T12:00:00Z,2020-10-22T06:00:00Z,train
1748,2020-07-24T18:00:00Z,2020-09-22T12:00:00Z,2020-09-22T18:00:00Z,2020-10-22T12:00:00Z,train
1749,2020-07-25T00:00:00Z,2020-09-22T18:00:00Z,2020-09-23T00:00:00Z,2020-10-22T18:00:00Z,train
1750,2020-07-25T06:00:00Z,2020-09-23T00:00:00Z,2020-09-23T06:00:00Z,2020-10-23T00:00:00Z,train
1751,2020-07-25T12:00:00Z,2020-09-23T06:00:00Z,2020-09-23T12:00:00Z,2020-10-23T06:00:00Z,train
1752,2020-07-25T18:00:00Z,2020-09-23T12:00:00Z,2020-09-23T18:00:00Z,2020-10-23T12:00:00Z,train
1753,2020-07-26T00:00:00Z,2020-09-23T18:00:00Z,2020-09-24T00:00:00Z,2020-10-23T18:00:00Z,train
1754,2020-07-26T06:00:00Z,2020-09-24T00:00:00Z,2020-09-24T06:00:00Z,2020-10-24T00:00:00Z,train
1755,2020-07-26T12:00:00Z,2020-09-24T06:00:00Z,2020-09-24T12:00:00Z,2020-10-24T06:00:00Z,train
1756,2020-07-26T18:00:00Z,2020-09-24T12:00:00Z,2020-09-24T18:00:00Z,2020-10-24T12:00:00Z,train
1757,2020-07-27T00:00:00Z,2020-09-24T18:00:00Z,2020-09-25T00:00:00Z,2020-10-24T18:00:00Z,train
1758,2020-07-27T06:00:00Z,2020-09-25T00:00:00Z,2020-09-25T06:00:00Z,2020-10-25T00:00:00Z,train
1759,2020-07-27T12:00:00Z,2020-09-25T06:00:00Z,2020-09-25T12:00:00Z,2020-10-25T06:00:00Z,train
1760,2020-07-27T18:00:00Z,2020-09-25T12:00:00Z,2020-09-25T18:00:00Z,2020-10-25T12:00:00Z,train
1761,2020-07-28T00:00:00Z,2020-09-25T18:00:00Z,2020-09-26T00:00:00Z,2020-10-25T18:00:00Z,train
1762,2020-07-28T06:00:00Z,2020-09-26T00:00:00Z,2020-09-26T06:00:00Z,2020-10-26T00:00:00Z,train
1763,2020-07-28T12:00:00Z,2020-09-26T06:00:00Z,2020-09-26T12:00:00Z,2020-10-26T06:00:00Z,train
1764,2020-07-28T18:00:00Z,2020-09-26T12:00:00Z,2020-09-26T18:00:00Z,2020-10-26T12:00:00Z,train
1765,2020-07-29T00:00:00Z,2020-09-26T18:00:00Z,2020-09-27T00:00:00Z,2020-10-26T18:00:00Z,train
1766,2020-07-29T06:00:00Z,2020-09-27T00:00:00Z,2020-09-27T06:00:00Z,2020-10-27T00:00:00Z,train
1767,2020-07-29T12:00:00Z,2020-09-27T06:00:00Z,2020-09-27T12:00:00Z,2020-10-27T06:00:00Z,train
1768,2020-07-29T18:00:00Z,2020-09-27T12:00:00Z,2020-09-27T18:00:00Z,2020-10-27T12:00:00Z,train
1769,2020-07-30T00:00:00Z,2020-09-27T18:00:00Z,2020-09-28T00:00:00Z,2020-10-27T18:00:00Z,train
1770,2020-07-30T06:00:00Z,2020-09-28T00:00:00Z,2020-09-28T06:00:00Z,2020-10-28T00:00:00Z,train
1771,2020-07-30T12:00:00Z,2020-09-28T06:00:00Z,2020-09-28T12:00:00Z,2020-10-28T06:00:00Z,train
1772,2020-07-30T18:00:00Z,2020-09-28T12:00:00Z,2020-09-28T18:00:00Z,2020-10-28T12:00:00Z,train
1773,2020-07-31T00:00:00Z,2020-09-28T18:00:00Z,2020-09-29T00:00:00Z,2020-10-28T18:00:00Z,train
1774,2020-07-31T06:00:00Z,2020-09-29T00:00:00Z,2020-09-29T06:00:00Z,2020-10-29T00:00:00Z,train
1775,2020-07-31T12:00:00Z,2020-09-29T06:00:00Z,2020-09-29T12:00:00Z,2020-10-29T06:00:00Z,train
1776,2020-07-31T18:00:00Z,2020-09-29T12:00:00Z,2020-09-29T18:00:00Z,2020-10-29T12:00:00Z,train
1777,2020-08-01T00:00:00Z,2020-09-29T18:00:00Z,2020-09-30T00:00:00Z,2020-10-29T18:00:00Z,train
1778,2020-08-01T06:00:00Z,2020-09-30T00:00:00Z,2020-09-30T06:00:00Z,2020-10-30T00:00:00Z,train
1779,2020-08-01T12:00:00Z,2020-09-30T06:00:00Z,2020-09-30T12:00:00Z,2020-10-30T06:00:00Z,train
1780,2020-08-01T18:00:00Z,2020-09-30T12:00:00Z,2020-09-30T18:00:00Z,2020-10-30T12:00:00Z,train
1781,2020-08-02T00:00:00Z,2020-09-30T18:00:00Z,2020-10-01T00:00:00Z,2020-10-30T18:00:00Z,train
1782,2020-08-02T06:00:00Z,2020-10-01T00:00:00Z,2020-10-01T06:00:00Z,2020-10-31T00:00:00Z,train
1783,2020-08-02T12:00:00Z,2020-10-01T06:00:00Z,2020-10-01T12:00:00Z,2020-10-31T06:00:00Z,train
1784,2020-08-02T18:00:00Z,2020-10-01T12:00:00Z,2020-10-01T18:00:00Z,2020-10-31T12:00:00Z,train
1785,2020-08-03T00:00:00Z,2020-10-01T18:00:00Z,2020-10-02T00:00:00Z,2020-10-31T18:00:00Z,train
1786,2020-08-03T06:00:00Z,2020-10-02T00:00:00Z,2020-10-02T06:00:00Z,2020-11-01T00:00:00Z,train
1787,2020-08-03T12:00:00Z,2020-10-02T06:00:00Z,2020-10-02T12:00:00Z,2020-11-01T06:00:00Z,train
1788,2020-08-03T18:00:00Z,2020-10-02T12:00:00Z,2020-10-02T18:00:00Z,2020-11-01T12:00:00Z,train
1789,2020-08-04T00:00:00Z,2020-10-02T18:00:00Z,2020-10-03T00:00:00Z,2020-11-01T18:00:00Z,train
1790,2020-08-04T06:00:00Z,2020-10-03T00:00:00Z,2020-10-03T06:00:00Z,2020-11-02T00:00:00Z,train
1791,2020-08-04T12:00:00Z,2020-10-03T06:00:00Z,2020-10-03T12:00:00Z,2020-11-02T06:00:00Z,train
1792,2020-08-04T18:00:00Z,2020-10-03T12:00:00Z,2020-10-03T18:00:00Z,2020-11-02T12:00:00Z,train
1793,2020-08-05T00:00:00Z,2020-10-03T18:00:00Z,2020-10-04T00:00:00Z,2020-11-02T18:00:00Z,train
1794,2020-08-05T06:00:00Z,2020-10-04T00:00:00Z,2020-10-04T06:00:00Z,2020-11-03T00:00:00Z,train
1795,2020-08-05T12:00:00Z,2020-10-04T06:00:00Z,2020-10-04T12:00:00Z,2020-11-03T06:00:00Z,train
1796,2020-08-05T18:00:00Z,2020-10-04T12:00:00Z,2020-10-04T18:00:00Z,2020-11-03T12:00:00Z,train
1797,2020-08-06T00:00:00Z,2020-10-04T18:00:00Z,2020-10-05T00:00:00Z,2020-11-03T18:00:00Z,train
1798,2020-08-06T06:00:00Z,2020-10-05T00:00:00Z,2020-10-05T06:00:00Z,2020-11-04T00:00:00Z,train
1799,2020-08-06T12:00:00Z,2020-10-05T06:00:00Z,2020-10-05T12:00:00Z,2020-11-04T06:00:00Z,train
1800,2020-08-06T18:00:00Z,2020-10-05T12:00:00Z,2020-10-05T18:00:00Z,2020-11-04T12:00:00Z,train
1801,2020-08-07T00:00:00Z,2020-10-05T18:00:00Z,2020-10-06T00:00:00Z,2020-11-04T18:00:00Z,train
1802,2020-08-07T06:00:00Z,2020-10-06T00:00:00Z,2020-10-06T06:00:00Z,2020-11-05T00:00:00Z,train
1803,2020-08-07T12:00:00Z,2020-10-06T06:00:00Z,2020-10-06T12:00:00Z,2020-11-05T06:00:00Z,train
1804,2020-08-07T18:00:00Z,2020-10-06T12:00:00Z,2020-10-06T18:00:00Z,2020-11-05T12:00:00Z,train
1805,2020-08-08T00:00:00Z,2020-10-06T18:00:00Z,2020-10-07T00:00:00Z,2020-11-05T18:00:00Z,train
1806,2020-08-08T06:00:00Z,2020-10-07T00:00:00Z,2020-10-07T06:00:00Z,2020-11-06T00:00:00Z,train
1807,2020-08-08T12:00:00Z,2020-10-07T06:00:00Z,2020-10-07T12:00:00Z,2020-11-06T06:00:00Z,train
1808,2020-08-08T18:00:00Z,2020-10-07T12:00:00Z,2020-10-07T18:00:00Z,2020-11-06T12:00:00Z,train
1809,2020-08-09T00:00:00Z,2020-10-07T18:00:00Z,2020-10-08T00:00:00Z,2020-11-06T18:00:00Z,train
1810,2020-08-09T06:00:00Z,2020-10-08T00:00:00Z,2020-10-08T06:00:00Z,2020-11-07T00:00:00Z,train
1811,2020-08-09T12:00:00Z,2020-10-08T06:00:00Z,2020-10-08T12:00:00Z,2020-11-07T06:00:00Z,train
1812,2020-08-09T18:00:00Z,2020-10-08T12:00:00Z,2020-10-08T18:00:00Z,2020-11-07T12:00:00Z,train
1813,2020-08-10T00:00:00Z,2020-10-08T18:00:00Z,2020-10-09T00:00:00Z,2020-11-07T18:00:00Z,train
1814,2020-08-10T06:00:00Z,2020-10-09T00:00:00Z,2020-10-09T06:00:00Z,2020-11-08T00:00:00Z,train
1815,2020-08-10T12:00:00Z,2020-10-09T06:00:00Z,2020-10-09T12:00:00Z,2020-11-08T06:00:00Z,train
1816,2020-08-10T18:00:00Z,2020-10-09T12:00:00Z,2020-10-09T18:00:00Z,2020-11-08T12:00:00Z,train
1817,2020-08-11T00:00:00Z,2020-10-09T18:00:00Z,2020-10-10T00:00:00Z,2020-11-08T18:00:00Z,train
1818,2020-08-11T06:00:00Z,2020-10-10T00:00:00Z,2020-10-10T06:00:00Z,2020-11-09T00:00:00Z,train
1819,2020-08-11T12:00:00Z,2020-10-10T06:00:00Z,2020-10-10T12:00:00Z,2020-11-09T06:00:00Z,train
1820,2020-08-11T18:00:00Z,2020-10-10T12:00:00Z,2020-10-10T18:00:00Z,2020-11-09T12:00:00Z,train
1821,2020-08-12T00:00:00Z,2020-10-10T18:00:00Z,2020-10-11T00:00:00Z,2020-11-09T18:00:00Z,train
1822,2020-08-12T06:00:00Z,2020-10-11T00:00:00Z,2020-10-11T06:00:00Z,2020-11-10T00:00:00Z,train
1823,2020-08-12T12:00:00Z,2020-10-11T06:00:00Z,2020-10-11T12:00:00Z,2020-11-10T06:00:00Z,train
1824,2020-08-12T18:00:00Z,2020-10-11T12:00:00Z,2020-10-11T18:00:00Z,2020-11-10T12:00:00Z,train
1825,2020-08-13T00:00:00Z,2020-10-11T18:00:00Z,2020-10-12T00:00:00Z,2020-11-10T18:00:00Z,train
1826,2020-08-13T06:00:00Z,2020-10-12T00:00:00Z,2020-10-12T06:00:00Z,2020-11-11T00:00:00Z,train
1827,2020-08-13T12:00:00Z,2020-10-12T06:00:00Z,2020-10-12T12:00:00Z,2020-11-11T06:00:00Z,train
1828,2020-08-13T18:00:00Z,2020-10-12T12:00:00Z,2020-10-12T18:00:00Z,2020-11-11T12:00:00Z,train
1829,2020-08-14T00:00:00Z,2020-10-12T18:00:00Z,2020-10-13T00:00:00Z,2020-11-11T18:00:00Z,train
1830,2020-08-14T06:00:00Z,2020-10-13T00:00:00Z,2020-10-13T06:00:00Z,2020-11-12T00:00:00Z,train
1831,2020-08-14T12:00:00Z,2020-10-13T06:00:00Z,2020-10-13T12:00:00Z,2020-11-12T06:00:00Z,train
1832,2020-08-14T18:00:00Z,2020-10-13T12:00:00Z,2020-10-13T18:00:00Z,2020-11-12T12:00:00Z,train
1833,2020-08-15T00:00:00Z,2020-10-13T18:00:00Z,2020-10-14T00:00:00Z,2020-11-12T18:00:00Z,train
1834,2020-08-15T06:00:00Z,2020-10-14T00:00:00Z,2020-10-14T06:00:00Z,2020-11-13T00:00:00Z,train
1835,2020-08-15T12:00:00Z,2020-10-14T06:00:00Z,2020-10-14T12:00:00Z,2020-11-13T06:00:00Z,train
1836,2020-08-15T18:00:00Z,2020-10-14T12:00:00Z,2020-10-14T18:00:00Z,2020-11-13T12:00:00Z,train
1837,2020-08-16T00:00:00Z,2020-10-14T18:00:00Z,2020-10-15T00:00:00Z,2020-11-13T18:00:00Z,train
1838,2020-08-16T06:00:00Z,2020-10-15T00:00:00Z,2020-10-15T06:00:00Z,2020-11-14T00:00:00Z,train
1839,2020-08-16T12:00:00Z,2020-10-15T06:00:00Z,2020-10-15T12:00:00Z,2020-11-14T06:00:00Z,train
1840,2020-08-16T18:00:00Z,2020-10-15T12:00:00Z,2020-10-15T18:00:00Z,2020-11-14T12:00:00Z,train
1841,2020-08-17T00:00:00Z,2020-10-15T18:00:00Z,2020-10-16T00:00:00Z,2020-11-14T18:00:00Z,train
1842,2020-08-17T06:00:00Z,2020-10-16T00:00:00Z,2020-10-16T06:00:00Z,2020-11-15T00:00:00Z,train
1843,2020-08-17T12:00:00Z,2020-10-16T06:00:00Z,2020-10-16T12:00:00Z,2020-11-15T06:00:00Z,train
1844,2020-08-17T18:00:00Z,2020-10-16T12:00:00Z,2020-10-16T18:00:00Z,2020-11-15T12:00:00Z,train
1845,2020-08-18T00:00:00Z,2020-10-16T18:00:00Z,2020-10-17T00:00:00Z,2020-11-15T18:00:00Z,train
1846,2020-08-18T06:00:00Z,2020-10-17T00:00:00Z,2020-10-17T06:00:00Z,2020-11-16T00:00:00Z,train
1847,2020-08-18T12:00:00Z,2020-10-17T06:00:00Z,2020-10-17T12:00:00Z,2020-11-16T06:00:00Z,train
1848,2020-08-18T18:00:00Z,2020-10-17T12:00:00Z,2020-10-17T18:00:00Z,2020-11-16T12:00:00Z,train
1849,2020-08-19T00:00:00Z,2020-10-17T18:00:00Z,2020-10-18T00:00:00Z,2020-11-16T18:00:00Z,train
1850,2020-08-19T06:00:00Z,2020-10-18T00:00:00Z,2020-10-18T06:00:00Z,2020-11-17T00:00:00Z,train
1851,2020-08-19T12:00:00Z,2020-10-18T06:00:00Z,2020-10-18T12:00:00Z,2020-11-17T06:00:00Z,train
1852,2020-08-19T18:00:00Z,2020-10-18T12:00:00Z,2020-10-18T18:00:00Z,2020-11-17T12:00:00Z,train
1853,2020-08-20T00:00:00Z,2020-10-18T18:00:00Z,2020-10-19T00:00:00Z,2020-11-17T18:00:00Z,train
1854,2020-08-20T06:00:00Z,2020-10-19T00:00:00Z,2020-10-19T06:00:00Z,2020-11-18T00:00:00Z,train
1855,2020-08-20T12:00:00Z,2020-10-19T06:00:00Z,2020-10-19T12:00:00Z,2020-11-18T06:00:00Z,train
1856,2020-08-20T18:00:00Z,2020-10-19T12:00:00Z,2020-10-19T18:00:00Z,2020-11-18T12:00:00Z,train
1857,2020-08-21T00:00:00Z,2020-10-19T18:00:00Z,2020-10-20T00:00:00Z,2020-11-18T18:00:00Z,train
1858,2020-08-21T06:00:00Z,2020-10-20T00:00:00Z,2020-10-20T06:00:00Z,2020-11-19T00:00:00Z,train
1859,2020-08-21T12:00:00Z,2020-10-20T06:00:00Z,2020-10-20T12:00:00Z,2020-11-19T06:00:00Z,train
1860,2020-08-21T18:00:00Z,2020-10-20T12:00:00Z,2020-10-20T18:00:00Z,2020-11-19T12:00:00Z,train
1861,2020-08-22T00:00:00Z,2020-10-20T18:00:00Z,2020-10-21T00:00:00Z,2020-11-19T18:00:00Z,train
1862,2020-08-22T06:00:00Z,2020-10-21T00:00:00Z,2020-10-21T06:00:00Z,2020-11-20T00:00:00Z,train
1863,2020-08-22T12:00:00Z,2020-10-21T06:00:00Z,2020-10-21T12:00:00Z,2020-11-20T06:00:00Z,train
1864,2020-08-22T18:00:00Z,2020-10-21T12:00:00Z,2020-10-21T18:00:00Z,2020-11-20T12:00:00Z,train
1865,2020-08-23T00:00:00Z,2020-10-21T18:00:00Z,2020-10-22T00:00:00Z,2020-11-20T18:00:00Z,train
1866,2020-08-23T06:00:00Z,2020-10-22T00:00:00Z,2020-10-22T06:00:00Z,2020-11-21T00:00:00Z,train
1867,2020-08-23T12:00:00Z,2020-10-22T06:00:00Z,2020-10-22T12:00:00Z,2020-11-21T06:00:00Z,train
1868,2020-08-23T18:00:00Z,2020-10-22T12:00:00Z,2020-10-22T18:00:00Z,2020-11-21T12:00:00Z,train
1869,2020-08-24T00:00:00Z,2020-10-22T18:00:00Z,2020-10-23T00:00:00Z,2020-11-21T18:00:00Z,train
1870,2020-08-24T06:00:00Z,2020-10-23T00:00:00Z,2020-10-23T06:00:00Z,2020-11-22T00:00:00Z,train
1871,2020-08-24T12:00:00Z,2020-10-23T06:00:00Z,2020-10-23T12:00:00Z,2020-11-22T06:00:00Z,train
1872,2020-08-24T18:00:00Z,2020-10-23T12:00:00Z,2020-10-23T18:00:00Z,2020-11-22T12:00:00Z,train
1873,2020-08-25T00:00:00Z,2020-10-23T18:00:00Z,2020-10-24T00:00:00Z,2020-11-22T18:00:00Z,train
1874,2020-08-25T06:00:00Z,2020-10-24T00:00:00Z,2020-10-24T06:00:00Z,2020-11-23T00:00:00Z,train
1875,2020-08-25T12:00:00Z,2020-10-24T06:00:00Z,2020-10-24T12:00:00Z,2020-11-23T06:00:00Z,train
1876,2020-08-25T18:00:00Z,2020-10-24T12:00:00Z,2020-10-24T18:00:00Z,2020-11-23T12:00:00Z,train
1877,2020-08-26T00:00:00Z,2020-10-24T18:00:00Z,2020-10-25T00:00:00Z,2020-11-23T18:00:00Z,train
1878,2020-08-26T06:00:00Z,2020-10-25T00:00:00Z,2020-10-25T06:00:00Z,2020-11-24T00:00:00Z,train
1879,2020-08-26T12:00:00Z,2020-10-25T06:00:00Z,2020-10-25T12:00:00Z,2020-11-24T06:00:00Z,train
1880,2020-08-26T18:00:00Z,2020-10-25T12:00:00Z,2020-10-25T18:00:00Z,2020-11-24T12:00:00Z,train
1881,2020-08-27T00:00:00Z,2020-10-25T18:00:00Z,2020-10-26T00:00:00Z,2020-11-24T18:00:00Z,train
1882,2020-08-27T06:00:00Z,2020-10-26T00:00:00Z,2020-10-26T06:00:00Z,2020-11-25T00:00:00Z,train
1883,2020-08-27T12:00:00Z,2020-10-26T06:00:00Z,2020-10-26T12:00:00Z,2020-11-25T06:00:00Z,train
1884,2020-08-27T18:00:00Z,2020-10-26T12:00:00Z,2020-10-26T18:00:00Z,2020-11-25T12:00:00Z,train
1885,2020-08-28T00:00:00Z,2020-10-26T18:00:00Z,2020-10-27T00:00:00Z,2020-11-25T18:00:00Z,train
1886,2020-08-28T06:00:00Z,2020-10-27T00:00:00Z,2020-10-27T06:00:00Z,2020-11-26T00:00:00Z,train
1887,2020-08-28T12:00:00Z,2020-10-27T06:00:00Z,2020-10-27T12:00:00Z,2020-11-26T06:00:00Z,train
1888,2020-08-28T18:00:00Z,2020-10-27T12:00:00Z,2020-10-27T18:00:00Z,2020-11-26T12:00:00Z,train
1889,2020-08-29T00:00:00Z,2020-10-27T18:00:00Z,2020-10-28T00:00:00Z,2020-11-26T18:00:00Z,train
1890,2020-08-29T06:00:00Z,2020-10-28T00:00:00Z,2020-10-28T06:00:00Z,2020-11-27T00:00:00Z,train
1891,2020-08-29T12:00:00Z,2020-10-28T06:00:00Z,2020-10-28T12:00:00Z,2020-11-27T06:00:00Z,train
1892,2020-08-29T18:00:00Z,2020-10-28T12:00:00Z,2020-10-28T18:00:00Z,2020-11-27T12:00:00Z,train
1893,2020-08-30T00:00:00Z,2020-10-28T18:00:00Z,2020-10-29T00:00:00Z,2020-11-27T18:00:00Z,train
1894,2020-08-30T06:00:00Z,2020-10-29T00:00:00Z,2020-10-29T06:00:00Z,2020-11-28T00:00:00Z,train
1895,2020-08-30T12:00:00Z,2020-10-29T06:00:00Z,2020-10-29T12:00:00Z,2020-11-28T06:00:00Z,train
1896,2020-08-30T18:00:00Z,2020-10-29T12:00:00Z,2020-10-29T18:00:00Z,2020-11-28T12:00:00Z,train
1897,2020-08-31T00:00:00Z,2020-10-29T18:00:00Z,2020-10-30T00:00:00Z,2020-11-28T18:00:00Z,train
1898,2020-08-31T06:00:00Z,2020-10-30T00:00:00Z,2020-10-30T06:00:00Z,2020-11-29T00:00:00Z,train
1899,2020-08-31T12:00:00Z,2020-10-30T06:00:00Z,2020-10-30T12:00:00Z,2020-11-29T06:00:00Z,train
1900,2020-08-31T18:00:00Z,2020-10-30T12:00:00Z,2020-10-30T18:00:00Z,2020-11-29T12:00:00Z,train
1901,2020-09-01T00:00:00Z,2020-10-30T18:00:00Z,2020-10-31T00:00:00Z,2020-11-29T18:00:00Z,train
1902,2020-09-01T06:00:00Z,2020-10-31T00:00:00Z,2020-10-31T06:00:00Z,2020-11-30T00:00:00Z,train
1903,2020-09-01T12:00:00Z,2020-10-31T06:00:00Z,2020-10-31T12:00:00Z,2020-11-30T06:00:00Z,train
1904,2020-09-01T18:00:00Z,2020-10-31T12:00:00Z,2020-10-31T18:00:00Z,2020-11-30T12:00:00Z,train
1905,2020-09-02T00:00:00Z,2020-10-31T18:00:00Z,2020-11-01T00:00:00Z,2020-11-30T18:00:00Z,train
1906,2020-09-02T06:00:00Z,2020-11-01T00:00:00Z,2020-11-01T06:00:00Z,2020-12-01T00:00:00Z,train
1907,2020-09-02T12:00:00Z,2020-11-01T06:00:00Z,2020-11-01T12:00:00Z,2020-12-01T06:00:00Z,train
1908,2020-09-02T18:00:00Z,2020-11-01T12:00:00Z,2020-11-01T18:00:00Z,2020-12-01T12:00:00Z,train
1909,2020-09-03T00:00:00Z,2020-11-01T18:00:00Z,2020-11-02T00:00:00Z,2020-12-01T18:00:00Z,train
1910,2020-09-03T06:00:00Z,2020-11-02T00:00:00Z,2020-11-02T06:00:00Z,2020-12-02T00:00:00Z,train
1911,2020-09-03T12:00:00Z,2020-11-02T06:00:00Z,2020-11-02T12:00:00Z,2020-12-02T06:00:00Z,train
1912,2020-09-03T18:00:00Z,2020-11-02T12:00:00Z,2020-11-02T18:00:00Z,2020-12-02T12:00:00Z,train
1913,2020-09-04T00:00:00Z,2020-11-02T18:00:00Z,2020-11-03T00:00:00Z,2020-12-02T18:00:00Z,train
1914,2020-09-04T06:00:00Z,2020-11-03T00:00:00Z,2020-11-03T06:00:00Z,2020-12-03T00:00:00Z,train
1915,2020-09-04T12:00:00Z,2020-11-03T06:00:00Z,2020-11-03T12:00:00Z,2020-12-03T06:00:00Z,train
1916,2020-09-04T18:00:00Z,2020-11-03T12:00:00Z,2020-11-03T18:00:00Z,2020-12-03T12:00:00Z,train
1917,2020-09-05T00:00:00Z,2020-11-03T18:00:00Z,2020-11-04T00:00:00Z,2020-12-03T18:00:00Z,train
1918,2020-09-05T06:00:00Z,2020-11-04T00:00:00Z,2020-11-04T06:00:00Z,2020-12-04T00:00:00Z,train
1919,2020-09-05T12:00:00Z,2020-11-04T06:00:00Z,2020-11-04T12:00:00Z,2020-12-04T06:00:00Z,train
1920,2020-09-05T18:00:00Z,2020-11-04T12:00:00Z,2020-11-04T18:00:00Z,2020-12-04T12:00:00Z,train
1921,2020-09-06T00:00:00Z,2020-11-04T18:00:00Z,2020-11-05T00:00:00Z,2020-12-04T18:00:00Z,train
1922,2020-09-06T06:00:00Z,2020-11-05T00:00:00Z,2020-11-05T06:00:00Z,2020-12-05T00:00:00Z,train
1923,2020-09-06T12:00:00Z,2020-11-05T06:00:00Z,2020-11-05T12:00:00Z,2020-12-05T06:00:00Z,train
1924,2020-09-06T18:00:00Z,2020-11-05T12:00:00Z,2020-11-05T18:00:00Z,2020-12-05T12:00:00Z,train
1925,2020-09-07T00:00:00Z,2020-11-05T18:00:00Z,2020-11-06T00:00:00Z,2020-12-05T18:00:00Z,train
1926,2020-09-07T06:00:00Z,2020-11-06T00:00:00Z,2020-11-06T06:00:00Z,2020-12-06T00:00:00Z,train
1927,2020-09-07T12:00:00Z,2020-11-06T06:00:00Z,2020-11-06T12:00:00Z,2020-12-06T06:00:00Z,train
1928,2020-09-07T18:00:00Z,2020-11-06T12:00:00Z,2020-11-06T18:00:00Z,2020-12-06T12:00:00Z,train
1929,2020-09-08T00:00:00Z,2020-11-06T18:00:00Z,2020-11-07T00:00:00Z,2020-12-06T18:00:00Z,train
1930,2020-09-08T06:00:00Z,2020-11-07T00:00:00Z,2020-11-07T06:00:00Z,2020-12-07T00:00:00Z,train
1931,2020-09-08T12:00:00Z,2020-11-07T06:00:00Z,2020-11-07T12:00:00Z,2020-12-07T06:00:00Z,train
1932,2020-09-08T18:00:00Z,2020-11-07T12:00:00Z,2020-11-07T18:00:00Z,2020-12-07T12:00:00Z,train
1933,2020-09-09T00:00:00Z,2020-11-07T18:00:00Z,2020-11-08T00:00:00Z,2020-12-07T18:00:00Z,train
1934,2020-09-09T06:00:00Z,2020-11-08T00:00:00Z,2020-11-08T06:00:00Z,2020-12-08T00:00:00Z,train
1935,2020-09-09T12:00:00Z,2020-11-08T06:00:00Z,2020-11-08T12:00:00Z,2020-12-08T06:00:00Z,train
1936,2020-09-09T18:00:00Z,2020-11-08T12:00:00Z,2020-11-08T18:00:00Z,2020-12-08T12:00:00Z,train
1937,2020-09-10T00:00:00Z,2020-11-08T18:00:00Z,2020-11-09T00:00:00Z,2020-12-08T18:00:00Z,train
1938,2020-09-10T06:00:00Z,2020-11-09T00:00:00Z,2020-11-09T06:00:00Z,2020-12-09T00:00:00Z,train
1939,2020-09-10T12:00:00Z,2020-11-09T06:00:00Z,2020-11-09T12:00:00Z,2020-12-09T06:00:00Z,train
1940,2020-09-10T18:00:00Z,2020-11-09T12:00:00Z,2020-11-09T18:00:00Z,2020-12-09T12:00:00Z,train
1941,2020-09-11T00:00:00Z,2020-11-09T18:00:00Z,2020-11-10T00:00:00Z,2020-12-09T18:00:00Z,train
1942,2020-09-11T06:00:00Z,2020-11-10T00:00:00Z,2020-11-10T06:00:00Z,2020-12-10T00:00:00Z,train
1943,2020-09-11T12:00:00Z,2020-11-10T06:00:00Z,2020-11-10T12:00:00Z,2020-12-10T06:00:00Z,train
1944,2020-09-11T18:00:00Z,2020-11-10T12:00:00Z,2020-11-10T18:00:00Z,2020-12-10T12:00:00Z,train
1945,2020-09-12T00:00:00Z,2020-11-10T18:00:00Z,2020-11-11T00:00:00Z,2020-12-10T18:00:00Z,train
1946,2020-09-12T06:00:00Z,2020-11-11T00:00:00Z,2020-11-11T06:00:00Z,2020-12-11T00:00:00Z,train
1947,2020-09-12T12:00:00Z,2020-11-11T06:00:00Z,2020-11-11T12:00:00Z,2020-12-11T06:00:00Z,train
1948,2020-09-12T18:00:00Z,2020-11-11T12:00:00Z,2020-11-11T18:00:00Z,2020-12-11T12:00:00Z,train
1949,2020-09-13T00:00:00Z,2020-11-11T18:00:00Z,2020-11-12T00:00:00Z,2020-12-11T18:00:00Z,train
1950,2020-09-13T06:00:00Z,2020-11-12T00:00:00Z,2020-11-12T06:00:00Z,2020-12-12T00:00:00Z,train
1951,2020-09-13T12:00:00Z,2020-11-12T06:00:00Z,2020-11-12T12:00:00Z,2020-12-12T06:00:00Z,train
1952,2020-09-13T18:00:00Z,2020-11-12T12:00:00Z,2020-11-12T18:00:00Z,2020-12-12T12:00:00Z,train
1953,2020-09-14T00:00:00Z,2020-11-12T18:00:00Z,2020-11-13T00:00:00Z,2020-12-12T18:00:00Z,train
1954,2020-09-14T06:00:00Z,2020-11-13T00:00:00Z,2020-11-13T06:00:00Z,2020-12-13T00:00:00Z,train
1955,2020-09-14T12:00:00Z,2020-11-13T06:00:00Z,2020-11-13T12:00:00Z,2020-12-13T06:00:00Z,train
1956,2020-09-14T18:00:00Z,2020-11-13T12:00:00Z,2020-11-13T18:00:00Z,2020-12-13T12:00:00Z,train
1957,2020-09-15T00:00:00Z,2020-11-13T18:00:00Z,2020-11-14T00:00:00Z,2020-12-13T18:00:00Z,train
1958,2020-09-15T06:00:00Z,2020-11-14T00:00:00Z,2020-11-14T06:00:00Z,2020-12-14T00:00:00Z,train
1959,2020-09-15T12:00:00Z,2020-11-14T06:00:00Z,2020-11-14T12:00:00Z,2020-12-14T06:00:00Z,train
1960,2020-09-15T18:00:00Z,2020-11-14T12:00:00Z,2020-11-14T18:00:00Z,2020-12-14T12:00:00Z,train
1961,2020-09-16T00:00:00Z,2020-11-14T18:00:00Z,2020-11-15T00:00:00Z,2020-12-14T18:00:00Z,train
1962,2020-09-16T06:00:00Z,2020-11-15T00:00:00Z,2020-11-15T06:00:00Z,2020-12-15T00:00:00Z,train
1963,2020-09-16T12:00:00Z,2020-11-15T06:00:00Z,2020-11-15T12:00:00Z,2020-12-15T06:00:00Z,train
1964,2020-09-16T18:00:00Z,2020-11-15T12:00:00Z,2020-11-15T18:00:00Z,2020-12-15T12:00:00Z,train
1965,2020-09-17T00:00:00Z,2020-11-15T18:00:00Z,2020-11-16T00:00:00Z,2020-12-15T18:00:00Z,train
1966,2020-09-17T06:00:00Z,2020-11-16T00:00:00Z,2020-11-16T06:00:00Z,2020-12-16T00:00:00Z,train
1967,2020-09-17T12:00:00Z,2020-11-16T06:00:00Z,2020-11-16T12:00:00Z,2020-12-16T06:00:00Z,train
1968,2020-09-17T18:00:00Z,2020-11-16T12:00:00Z,2020-11-16T18:00:00Z,2020-12-16T12:00:00Z,train
1969,2020-09-18T00:00:00Z,2020-11-16T18:00:00Z,2020-11-17T00:00:00Z,2020-12-16T18:00:00Z,train
1970,2020-09-18T06:00:00Z,2020-11-17T00:00:00Z,2020-11-17T06:00:00Z,2020-12-17T00:00:00Z,train
1971,2020-09-18T12:00:00Z,2020-11-17T06:00:00Z,2020-11-17T12:00:00Z,2020-12-17T06:00:00Z,train
1972,2020-09-18T18:00:00Z,2020-11-17T12:00:00Z,2020-11-17T18:00:00Z,2020-12-17T12:00:00Z,train
1973,2020-09-19T00:00:00Z,2020-11-17T18:00:00Z,2020-11-18T00:00:00Z,2020-12-17T18:00:00Z,train
1974,2020-09-19T06:00:00Z,2020-11-18T00:00:00Z,2020-11-18T06:00:00Z,2020-12-18T00:00:00Z,train
1975,2020-09-19T12:00:00Z,2020-11-18T06:00:00Z,2020-11-18T12:00:00Z,2020-12-18T06:00:00Z,train
1976,2020-09-19T18:00:00Z,2020-11-18T12:00:00Z,2020-11-18T18:00:00Z,2020-12-18T12:00:00Z,train
1977,2020-09-20T00:00:00Z,2020-11-18T18:00:00Z,2020-11-19T00:00:00Z,2020-12-18T18:00:00Z,train
1978,2020-09-20T06:00:00Z,2020-11-19T00:00:00Z,2020-11-19T06:00:00Z,2020-12-19T00:00:00Z,train
1979,2020-09-20T12:00:00Z,2020-11-19T06:00:00Z,2020-11-19T12:00:00Z,2020-12-19T06:00:00Z,train
1980,2020-09-20T18:00:00Z,2020-11-19T12:00:00Z,2020-11-19T18:00:00Z,2020-12-19T12:00:00Z,train
1981,2020-09-21T00:00:00Z,2020-11-19T18:00:00Z,2020-11-20T00:00:00Z,2020-12-19T18:00:00Z,train
1982,2020-09-21T06:00:00Z,2020-11-20T00:00:00Z,2020-11-20T06:00:00Z,2020-12-20T00:00:00Z,train
1983,2020-09-21T12:00:00Z,2020-11-20T06:00:00Z,2020-11-20T12:00:00Z,2020-12-20T06:00:00Z,train
1984,2020-09-21T18:00:00Z,2020-11-20T12:00:00Z,2020-11-20T18:00:00Z,2020-12-20T12:00:00Z,train
1985,2020-09-22T00:00:00Z,2020-11-20T18:00:00Z,2020-11-21T00:00:00Z,2020-12-20T18:00:00Z,train
1986,2020-09-22T06:00:00Z,2020-11-21T00:00:00Z,2020-11-21T06:00:00Z,2020-12-21T00:00:00Z,train
1987,2020-09-22T12:00:00Z,2020-11-21T06:00:00Z,2020-11-21T12:00:00Z,2020-12-21T06:00:00Z,train
1988,2020-12-22T00:00:00Z,2021-02-19T18:00:00Z,2021-02-20T00:00:00Z,2021-03-21T18:00:00Z,train
1989,2020-12-22T06:00:00Z,2021-02-20T00:00:00Z,2021-02-20T06:00:00Z,2021-03-22T00:00:00Z,train
1990,2020-12-22T12:00:00Z,2021-02-20T06:00:00Z,2021-02-20T12:00:00Z,2021-03-22T06:00:00Z,train
1991,2020-12-22T18:00:00Z,2021-02-20T12:00:00Z,2021-02-20T18:00:00Z,2021-03-22T12:00:00Z,train
1992,2020-12-23T00:00:00Z,2021-02-20T18:00:00Z,2021-02-21T00:00:00Z,2021-03-22T18:00:00Z,train
1993,2020-12-23T06:00:00Z,2021-02-21T00:00:00Z,2021-02-21T06:00:00Z,2021-03-23T00:00:00Z,train
1994,2020-12-23T12:00:00Z,2021-02-21T06:00:00Z,2021-02-21T12:00:00Z,2021-03-23T06:00:00Z,train
1995,2020-12-23T18:00:00Z,2021-02-21T12:00:00Z,2021-02-21T18:00:00Z,2021-03-23T12:00:00Z,train
1996,2020-12-24T00:00:00Z,2021-02-21T18:00:00Z,2021-02-22T00:00:00Z,2021-03-23T18:00:00Z,train
1997,2020-12-24T06:00:00Z,2021-02-22T00:00:00Z,2021-02-22T06:00:00Z,2021-03-24T00:00:00Z,train
1998,2020-12-24T12:00:00Z,2021-02-22T06:00:00Z,2021-02-22T12:00:00Z,2021-03-24T06:00:00Z,train
1999,2020-12-24T18:00:00Z,2021-02-22T12:00:00Z,2021-02-22T18:00:00Z,2021-03-24T12:00:00Z,train
2000,2020-12-25T00:00:00Z,2021-02-22T18:00:00Z,2021-02-23T00:00:00Z,2021-03-24T18:00:00Z,train
2001,2020-12-25T06:00:00Z,2021-02-23T00:00:00Z,2021-02-23T06:00:00Z,2021-03-25T00:00:00Z,train
2002,2020-12-25T12:00:00Z,2021-02-23T06:00:00Z,2021-02-23T12:00:00Z,2021-03-25T06:00:00Z,train
2003,2020-12-25T18:00:00Z,2021-02-23T12:00:00Z,2021-02-23T18:00:00Z,2021-03-25T12:00:00Z,train
2004,2020-12-26T00:00:00Z,2021-02-23T18:00:00Z,2021-02-24T00:00:00Z,2021-03-25T18:00:00Z,train
2005,2020-12-26T06:00:00Z,2021-02-24T00:00:00Z,2021-02-24T06:00:00Z,2021-03-26T00:00:00Z,train
2006,2020-12-26T12:00:00Z,2021-02-24T06:00:00Z,2021-02-24T12:00:00Z,2021-03-26T06:00:00Z,train
2007,2020-12-26T18:00:00Z,2021-02-24T12:00:00Z,2021-02-24T18:00:00Z,2021-03-26T12:00:00Z,train
2008,2020-12-27T00:00:00Z,2021-02-24T18:00:00Z,2021-02-25T00:00:00Z,2021-03-26T18:00:00Z,train
2009,2020-12-27T06:00:00Z,2021-02-25T00:00:00Z,2021-02-25T06:00:00Z,2021-03-27T00:00:00Z,train
2010,2020-12-27T12:00:00Z,2021-02-25T06:00:00Z,2021-02-25T12:00:00Z,2021-03-27T06:00:00Z,train
2011,2020-12-27T18:00:00Z,2021-02-25T12:00:00Z,2021-02-25T18:00:00Z,2021-03-27T12:00:00Z,train
2012,2020-12-28T00:00:00Z,2021-02-25T18:00:00Z,2021-02-26T00:00:00Z,2021-03-27T18:00:00Z,train
2013,2020-12-28T06:00:00Z,2021-02-26T00:00:00Z,2021-02-26T06:00:00Z,2021-03-28T00:00:00Z,train
2014,2020-12-28T12:00:00Z,2021-02-26T06:00:00Z,2021-02-26T12:00:00Z,2021-03-28T06:00:00Z,train
2015,2020-12-28T18:00:00Z,2021-02-26T12:00:00Z,2021-02-26T18:00:00Z,2021-03-28T12:00:00Z,train
2016,2020-12-29T00:00:00Z,2021-02-26T18:00:00Z,2021-02-27T00:00:00Z,2021-03-28T18:00:00Z,train
2017,2020-12-29T06:00:00Z,2021-02-27T00:00:00Z,2021-02-27T06:00:00Z,2021-03-29T00:00:00Z,train
2018,2020-12-29T12:00:00Z,2021-02-27T06:00:00Z,2021-02-27T12:00:00Z,2021-03-29T06:00:00Z,train
2019,2020-12-29T18:00:00Z,2021-02-27T12:00:00Z,2021-02-27T18:00:00Z,2021-03-29T12:00:00Z,train
2020,2020-12-30T00:00:00Z,2021-02-27T18:00:00Z,2021-02-28T00:00:00Z,2021-03-29T18:00:00Z,train
2021,2020-12-30T06:00:00Z,2021-02-28T00:00:00Z,2021-02-28T06:00:00Z,2021-03-30T00:00:00Z,train
2022,2020-12-30T12:00:00Z,2021-02-28T06:00:00Z,2021-02-28T12:00:00Z,2021-03-30T06:00:00Z,train
2023,2020-12-30T18:00:00Z,2021-02-28T12:00:00Z,2021-02-28T18:00:00Z,2021-03-30T12:00:00Z,train
2024,2020-12-31T00:00:00Z,2021-02-28T18:00:00Z,2021-03-01T00:00:00Z,2021-03-30T18:00:00Z,train
2025,2020-12-31T06:00:00Z,2021-03-01T00:00:00Z,2021-03-01T06:00:00Z,2021-03-31T00:00:00Z,train
2026,2020-12-31T12:00:00Z,2021-03-01T06:00:00Z,2021-03-01T12:00:00Z,2021-03-31T06:00:00Z,train
2027,2020-12-31T18:00:00Z,2021-03-01T12:00:00Z,2021-03-01T18:00:00Z,2021-03-31T12:00:00Z,train
2028,2021-01-01T00:00:00Z,2021-03-01T18:00:00Z,2021-03-02T00:00:00Z,2021-03-31T18:00:00Z,train
2029,2021-01-01T06:00:00Z,2021-03-02T00:00:00Z,2021-03-02T06:00:00Z,2021-04-01T00:00:00Z,train
2030,2021-01-01T12:00:00Z,2021-03-02T06:00:00Z,2021-03-02T12:00:00Z,2021-04-01T06:00:00Z,train
2031,2021-01-01T18:00:00Z,2021-03-02T12:00:00Z,2021-03-02T18:00:00Z,2021-04-01T12:00:00Z,train
2032,2021-01-02T00:00:00Z,2021-03-02T18:00:00Z,2021-03-03T00:00:00Z,2021-04-01T18:00:00Z,train
2033,2021-01-02T06:00:00Z,2021-03-03T00:00:00Z,2021-03-03T06:00:00Z,2021-04-02T00:00:00Z,train
2034,2021-01-02T12:00:00Z,2021-03-03T06:00:00Z,2021-03-03T12:00:00Z,2021-04-02T06:00:00Z,train
2035,2021-01-02T18:00:00Z,2021-03-03T12:00:00Z,2021-03-03T18:00:00Z,2021-04-02T12:00:00Z,train
2036,2021-01-03T00:00:00Z,2021-03-03T18:00:00Z,2021-03-04T00:00:00Z,2021-04-02T18:00:00Z,train
2037,2021-01-03T06:00:00Z,2021-03-04T00:00:00Z,2021-03-04T06:00:00Z,2021-04-03T00:00:00Z,train
2038,2021-01-03T12:00:00Z,2021-03-04T06:00:00Z,2021-03-04T12:00:00Z,2021-04-03T06:00:00Z,train
2039,2021-01-03T18:00:00Z,2021-03-04T12:00:00Z,2021-03-04T18:00:00Z,2021-04-03T12:00:00Z,train
2040,2021-01-04T00:00:00Z,2021-03-04T18:00:00Z,2021-03-05T00:00:00Z,2021-04-03T18:00:00Z,train
2041,2021-01-04T06:00:00Z,2021-03-05T00:00:00Z,2021-03-05T06:00:00Z,2021-04-04T00:00:00Z,train
2042,2021-01-04T12:00:00Z,2021-03-05T06:00:00Z,2021-03-05T12:00:00Z,2021-04-04T06:00:00Z,train
2043,2021-01-04T18:00:00Z,2021-03-05T12:00:00Z,2021-03-05T18:00:00Z,2021-04-04T12:00:00Z,train
2044,2021-01-05T00:00:00Z,2021-03-05T18:00:00Z,2021-03-06T00:00:00Z,2021-04-04T18:00:00Z,train
2045,2021-01-05T06:00:00Z,2021-03-06T00:00:00Z,2021-03-06T06:00:00Z,2021-04-05T00:00:00Z,train
2046,2021-01-05T12:00:00Z,2021-03-06T06:00:00Z,2021-03-06T12:00:00Z,2021-04-05T06:00:00Z,train
2047,2021-01-05T18:00:00Z,2021-03-06T12:00:00Z,2021-03-06T18:00:00Z,2021-04-05T12:00:00Z,train
2048,2021-01-06T00:00:00Z,2021-03-06T18:00:00Z,2021-03-07T00:00:00Z,2021-04-05T18:00:00Z,train
2049,2021-01-06T06:00:00Z,2021-03-07T00:00:00Z,2021-03-07T06:00:00Z,2021-04-06T00:00:00Z,train
2050,2021-01-06T12:00:00Z,2021-03-07T06:00:00Z,2021-03-07T12:00:00Z,2021-04-06T06:00:00Z,train
2051,2021-01-06T18:00:00Z,2021-03-07T12:00:00Z,2021-03-07T18:00:00Z,2021-04-06T12:00:00Z,train
2052,2021-01-07T00:00:00Z,2021-03-07T18:00:00Z,2021-03-08T00:00:00Z,2021-04-06T18:00:00Z,train
2053,2021-01-07T06:00:00Z,2021-03-08T00:00:00Z,2021-03-08T06:00:00Z,2021-04-07T00:00:00Z,train
2054,2021-01-07T12:00:00Z,2021-03-08T06:00:00Z,2021-03-08T12:00:00Z,2021-04-07T06:00:00Z,train
2055,2021-01-07T18:00:00Z,2021-03-08T12:00:00Z,2021-03-08T18:00:00Z,2021-04-07T12:00:00Z,train
2056,2021-01-08T00:00:00Z,2021-03-08T18:00:00Z,2021-03-09T00:00:00Z,2021-04-07T18:00:00Z,train
2057,2021-01-08T06:00:00Z,2021-03-09T00:00:00Z,2021-03-09T06:00:00Z,2021-04-08T00:00:00Z,train
2058,2021-01-08T12:00:00Z,2021-03-09T06:00:00Z,2021-03-09T12:00:00Z,2021-04-08T06:00:00Z,train
2059,2021-01-08T18:00:00Z,2021-03-09T12:00:00Z,2021-03-09T18:00:00Z,2021-04-08T12:00:00Z,train
2060,2021-01-09T00:00:00Z,2021-03-09T18:00:00Z,2021-03-10T00:00:00Z,2021-04-08T18:00:00Z,train
2061,2021-01-09T06:00:00Z,2021-03-10T00:00:00Z,2021-03-10T06:00:00Z,2021-04-09T00:00:00Z,train
2062,2021-01-09T12:00:00Z,2021-03-10T06:00:00Z,2021-03-10T12:00:00Z,2021-04-09T06:00:00Z,train
2063,2021-01-09T18:00:00Z,2021-03-10T12:00:00Z,2021-03-10T18:00:00Z,2021-04-09T12:00:00Z,train
2064,2021-01-10T00:00:00Z,2021-03-10T18:00:00Z,2021-03-11T00:00:00Z,2021-04-09T18:00:00Z,train
2065,2021-01-10T06:00:00Z,2021-03-11T00:00:00Z,2021-03-11T06:00:00Z,2021-04-10T00:00:00Z,train
2066,2021-01-10T12:00:00Z,2021-03-11T06:00:00Z,2021-03-11T12:00:00Z,2021-04-10T06:00:00Z,train
2067,2021-01-10T18:00:00Z,2021-03-11T12:00:00Z,2021-03-11T18:00:00Z,2021-04-10T12:00:00Z,train
2068,2021-01-11T00:00:00Z,2021-03-11T18:00:00Z,2021-03-12T00:00:00Z,2021-04-10T18:00:00Z,train
2069,2021-01-11T06:00:00Z,2021-03-12T00:00:00Z,2021-03-12T06:00:00Z,2021-04-11T00:00:00Z,train
2070,2021-01-11T12:00:00Z,2021-03-12T06:00:00Z,2021-03-12T12:00:00Z,2021-04-11T06:00:00Z,train
2071,2021-01-11T18:00:00Z,2021-03-12T12:00:00Z,2021-03-12T18:00:00Z,2021-04-11T12:00:00Z,train
2072,2021-01-12T00:00:00Z,2021-03-12T18:00:00Z,2021-03-13T00:00:00Z,2021-04-11T18:00:00Z,train
2073,2021-01-12T06:00:00Z,2021-03-13T00:00:00Z,2021-03-13T06:00:00Z,2021-04-12T00:00:00Z,train
2074,2021-01-12T12:00:00Z,2021-03-13T06:00:00Z,2021-03-13T12:00:00Z,2021-04-12T06:00:00Z,train
2075,2021-01-12T18:00:00Z,2021-03-13T12:00:00Z,2021-03-13T18:00:00Z,2021-04-12T12:00:00Z,train
2076,2021-01-13T00:00:00Z,2021-03-13T18:00:00Z,2021-03-14T00:00:00Z,2021-04-12T18:00:00Z,train
2077,2021-01-13T06:00:00Z,2021-03-14T00:00:00Z,2021-03-14T06:00:00Z,2021-04-13T00:00:00Z,train
2078,2021-01-13T12:00:00Z,2021-03-14T06:00:00Z,2021-03-14T12:00:00Z,2021-04-13T06:00:00Z,train
2079,2021-01-13T18:00:00Z,2021-03-14T12:00:00Z,2021-03-14T18:00:00Z,2021-04-13T12:00:00Z,train
2080,2021-01-14T00:00:00Z,2021-03-14T18:00:00Z,2021-03-15T00:00:00Z,2021-04-13T18:00:00Z,train
2081,2021-01-14T06:00:00Z,2021-03-15T00:00:00Z,2021-03-15T06:00:00Z,2021-04-14T00:00:00Z,train
2082,2021-01-14T12:00:00Z,2021-03-15T06:00:00Z,2021-03-15T12:00:00Z,2021-04-14T06:00:00Z,train
2083,2021-01-14T18:00:00Z,2021-03-15T12:00:00Z,2021-03-15T18:00:00Z,2021-04-14T12:00:00Z,train
2084,2021-01-15T00:00:00Z,2021-03-15T18:00:00Z,2021-03-16T00:00:00Z,2021-04-14T18:00:00Z,train
2085,2021-01-15T06:00:00Z,2021-03-16T00:00:00Z,2021-03-16T06:00:00Z,2021-04-15T00:00:00Z,train
2086,2021-01-15T12:00:00Z,2021-03-16T06:00:00Z,2021-03-16T12:00:00Z,2021-04-15T06:00:00Z,train
2087,2021-01-15T18:00:00Z,2021-03-16T12:00:00Z,2021-03-16T18:00:00Z,2021-04-15T12:00:00Z,train
2088,2021-01-16T00:00:00Z,2021-03-16T18:00:00Z,2021-03-17T00:00:00Z,2021-04-15T18:00:00Z,train
2089,2021-01-16T06:00:00Z,2021-03-17T00:00:00Z,2021-03-17T06:00:00Z,2021-04-16T00:00:00Z,train
2090,2021-01-16T12:00:00Z,2021-03-17T06:00:00Z,2021-03-17T12:00:00Z,2021-04-16T06:00:00Z,train
2091,2021-01-16T18:00:00Z,2021-03-17T12:00:00Z,2021-03-17T18:00:00Z,2021-04-16T12:00:00Z,train
2092,2021-01-17T00:00:00Z,2021-03-17T18:00:00Z,2021-03-18T00:00:00Z,2021-04-16T18:00:00Z,train
2093,2021-01-17T06:00:00Z,2021-03-18T00:00:00Z,2021-03-18T06:00:00Z,2021-04-17T00:00:00Z,train
2094,2021-01-17T12:00:00Z,2021-03-18T06:00:00Z,2021-03-18T12:00:00Z,2021-04-17T06:00:00Z,train
2095,2021-01-17T18:00:00Z,2021-03-18T12:00:00Z,2021-03-18T18:00:00Z,2021-04-17T12:00:00Z,train
2096,2021-01-18T00:00:00Z,2021-03-18T18:00:00Z,2021-03-19T00:00:00Z,2021-04-17T18:00:00Z,train
2097,2021-01-18T06:00:00Z,2021-03-19T00:00:00Z,2021-03-19T06:00:00Z,2021-04-18T00:00:00Z,train
2098,2021-01-18T12:00:00Z,2021-03-19T06:00:00Z,2021-03-19T12:00:00Z,2021-04-18T06:00:00Z,train
2099,2021-01-18T18:00:00Z,2021-03-19T12:00:00Z,2021-03-19T18:00:00Z,2021-04-18T12:00:00Z,train
2100,2021-01-19T00:00:00Z,2021-03-19T18:00:00Z,2021-03-20T00:00:00Z,2021-04-18T18:00:00Z,train
2101,2021-01-19T06:00:00Z,2021-03-20T00:00:00Z,2021-03-20T06:00:00Z,2021-04-19T00:00:00Z,train
2102,2021-01-19T12:00:00Z,2021-03-20T06:00:00Z,2021-03-20T12:00:00Z,2021-04-19T06:00:00Z,train
2103,2021-01-19T18:00:00Z,2021-03-20T12:00:00Z,2021-03-20T18:00:00Z,2021-04-19T12:00:00Z,train
2104,2021-01-20T00:00:00Z,2021-03-20T18:00:00Z,2021-03-21T00:00:00Z,2021-04-19T18:00:00Z,train
2105,2021-01-20T06:00:00Z,2021-03-21T00:00:00Z,2021-03-21T06:00:00Z,2021-04-20T00:00:00Z,train
2106,2021-01-20T12:00:00Z,2021-03-21T06:00:00Z,2021-03-21T12:00:00Z,2021-04-20T06:00:00Z,train
2107,2021-01-20T18:00:00Z,2021-03-21T12:00:00Z,2021-03-21T18:00:00Z,2021-04-20T12:00:00Z,train
2108,2021-01-21T00:00:00Z,2021-03-21T18:00:00Z,2021-03-22T00:00:00Z,2021-04-20T18:00:00Z,train
2109,2021-01-21T06:00:00Z,2021-03-22T00:00:00Z,2021-03-22T06:00:00Z,2021-04-21T00:00:00Z,train
2110,2021-01-21T12:00:00Z,2021-03-22T06:00:00Z,2021-03-22T12:00:00Z,2021-04-21T06:00:00Z,train
2111,2021-01-21T18:00:00Z,2021-03-22T12:00:00Z,2021-03-22T18:00:00Z,2021-04-21T12:00:00Z,train
2112,2021-01-22T00:00:00Z,2021-03-22T18:00:00Z,2021-03-23T00:00:00Z,2021-04-21T18:00:00Z,train
2113,2021-01-22T06:00:00Z,2021-03-23T00:00:00Z,2021-03-23T06:00:00Z,2021-04-22T00:00:00Z,train
2114,2021-01-22T12:00:00Z,2021-03-23T06:00:00Z,2021-03-23T12:00:00Z,2021-04-22T06:00:00Z,train
2115,2021-01-22T18:00:00Z,2021-03-23T12:00:00Z,2021-03-23T18:00:00Z,2021-04-22T12:00:00Z,train
2116,2021-01-23T00:00:00Z,2021-03-23T18:00:00Z,2021-03-24T00:00:00Z,2021-04-22T18:00:00Z,train
2117,2021-01-23T06:00:00Z,2021-03-24T00:00:00Z,2021-03-24T06:00:00Z,2021-04-23T00:00:00Z,train
2118,2021-01-23T12:00:00Z,2021-03-24T06:00:00Z,2021-03-24T12:00:00Z,2021-04-23T06:00:00Z,train
2119,2021-01-23T18:00:00Z,2021-03-24T12:00:00Z,2021-03-24T18:00:00Z,2021-04-23T12:00:00Z,train
2120,2021-01-24T00:00:00Z,2021-03-24T18:00:00Z,2021-03-25T00:00:00Z,2021-04-23T18:00:00Z,train
2121,2021-01-24T06:00:00Z,2021-03-25T00:00:00Z,2021-03-25T06:00:00Z,2021-04-24T00:00:00Z,train
2122,2021-01-24T12:00:00Z,2021-03-25T06:00:00Z,2021-03-25T12:00:00Z,2021-04-24T06:00:00Z,train
2123,2021-01-24T18:00:00Z,2021-03-25T12:00:00Z,2021-03-25T18:00:00Z,2021-04-24T12:00:00Z,train
2124,2021-01-25T00:00:00Z,2021-03-25T18:00:00Z,2021-03-26T00:00:00Z,2021-04-24T18:00:00Z,train
2125,2021-04-25T12:00:00Z,2021-06-24T06:00:00Z,2021-06-24T12:00:00Z,2021-07-24T06:00:00Z,train
2126,2021-04-25T18:00:00Z,2021-06-24T12:00:00Z,2021-06-24T18:00:00Z,2021-07-24T12:00:00Z,train
2127,2021-04-26T00:00:00Z,2021-06-24T18:00:00Z,2021-06-25T00:00:00Z,2021-07-24T18:00:00Z,train
2128,2021-04-26T06:00:00Z,2021-06-25T00:00:00Z,2021-06-25T06:00:00Z,2021-07-25T00:00:00Z,train
2129,2021-04-26T12:00:00Z,2021-06-25T06:00:00Z,2021-06-25T12:00:00Z,2021-07-25T06:00:00Z,train
2130,2021-04-26T18:00:00Z,2021-06-25T12:00:00Z,2021-06-25T18:00:00Z,2021-07-25T12:00:00Z,train
2131,2021-04-27T00:00:00Z,2021-06-25T18:00:00Z,2021-06-26T00:00:00Z,2021-07-25T18:00:00Z,train
2132,2021-04-27T06:00:00Z,2021-06-26T00:00:00Z,2021-06-26T06:00:00Z,2021-07-26T00:00:00Z,train
2133,2021-04-27T12:00:00Z,2021-06-26T06:00:00Z,2021-06-26T12:00:00Z,2021-07-26T06:00:00Z,train
2134,2021-04-27T18:00:00Z,2021-06-26T12:00:00Z,2021-06-26T18:00:00Z,2021-07-26T12:00:00Z,train
2135,2021-04-28T00:00:00Z,2021-06-26T18:00:00Z,2021-06-27T00:00:00Z,2021-07-26T18:00:00Z,train
2136,2021-04-28T06:00:00Z,2021-06-27T00:00:00Z,2021-06-27T06:00:00Z,2021-07-27T00:00:00Z,train
2137,2021-04-28T12:00:00Z,2021-06-27T06:00:00Z,2021-06-27T12:00:00Z,2021-07-27T06:00:00Z,train
2138,2021-04-28T18:00:00Z,2021-06-27T12:00:00Z,2021-06-27T18:00:00Z,2021-07-27T12:00:00Z,train
2139,2021-04-29T00:00:00Z,2021-06-27T18:00:00Z,2021-06-28T00:00:00Z,2021-07-27T18:00:00Z,train
2140,2021-04-29T06:00:00Z,2021-06-28T00:00:00Z,2021-06-28T06:00:00Z,2021-07-28T00:00:00Z,train
2141,2021-04-29T12:00:00Z,2021-06-28T06:00:00Z,2021-06-28T12:00:00Z,2021-07-28T06:00:00Z,train
2142,2021-04-29T18:00:00Z,2021-06-28T12:00:00Z,2021-06-28T18:00:00Z,2021-07-28T12:00:00Z,train
2143,2021-04-30T00:00:00Z,2021-06-28T18:00:00Z,2021-06-29T00:00:00Z,2021-07-28T18:00:00Z,train
2144,2021-04-30T06:00:00Z,2021-06-29T00:00:00Z,2021-06-29T06:00:00Z,2021-07-29T00:00:00Z,train
2145,2021-04-30T12:00:00Z,2021-06-29T06:00:00Z,2021-06-29T12:00:00Z,2021-07-29T06:00:00Z,train
2146,2021-04-30T18:00:00Z,2021-06-29T12:00:00Z,2021-06-29T18:00:00Z,2021-07-29T12:00:00Z,train
2147,2021-05-01T00:00:00Z,2021-06-29T18:00:00Z,2021-06-30T00:00:00Z,2021-07-29T18:00:00Z,train
2148,2021-05-01T06:00:00Z,2021-06-30T00:00:00Z,2021-06-30T06:00:00Z,2021-07-30T00:00:00Z,train
2149,2021-05-01T12:00:00Z,2021-06-30T06:00:00Z,2021-06-30T12:00:00Z,2021-07-30T06:00:00Z,train
2150,2021-05-01T18:00:00Z,2021-06-30T12:00:00Z,2021-06-30T18:00:00Z,2021-07-30T12:00:00Z,train
2151,2021-05-02T00:00:00Z,2021-06-30T18:00:00Z,2021-07-01T00:00:00Z,2021-07-30T18:00:00Z,train
2152,2021-05-02T06:00:00Z,2021-07-01T00:00:00Z,2021-07-01T06:00:00Z,2021-07-31T00:00:00Z,train
2153,2021-05-02T12:00:00Z,2021-07-01T06:00:00Z,2021-07-01T12:00:00Z,2021-07-31T06:00:00Z,train
2154,2021-05-02T18:00:00Z,2021-07-01T12:00:00Z,2021-07-01T18:00:00Z,2021-07-31T12:00:00Z,train
2155,2021-05-03T00:00:00Z,2021-07-01T18:00:00Z,2021-07-02T00:00:00Z,2021-07-31T18:00:00Z,train
2156,2021-05-03T06:00:00Z,2021-07-02T00:00:00Z,2021-07-02T06:00:00Z,2021-08-01T00:00:00Z,train
2157,2021-05-03T12:00:00Z,2021-07-02T06:00:00Z,2021-07-02T12:00:00Z,2021-08-01T06:00:00Z,train
2158,2021-05-03T18:00:00Z,2021-07-02T12:00:00Z,2021-07-02T18:00:00Z,2021-08-01T12:00:00Z,train
2159,2021-05-04T00:00:00Z,2021-07-02T18:00:00Z,2021-07-03T00:00:00Z,2021-08-01T18:00:00Z,train
2160,2021-05-04T06:00:00Z,2021-07-03T00:00:00Z,2021-07-03T06:00:00Z,2021-08-02T00:00:00Z,train
2161,2021-05-04T12:00:00Z,2021-07-03T06:00:00Z,2021-07-03T12:00:00Z,2021-08-02T06:00:00Z,train
2162,2021-05-04T18:00:00Z,2021-07-03T12:00:00Z,2021-07-03T18:00:00Z,2021-08-02T12:00:00Z,train
2163,2021-05-05T00:00:00Z,2021-07-03T18:00:00Z,2021-07-04T00:00:00Z,2021-08-02T18:00:00Z,train
2164,2021-05-05T06:00:00Z,2021-07-04T00:00:00Z,2021-07-04T06:00:00Z,2021-08-03T00:00:00Z,train
2165,2021-05-05T12:00:00Z,2021-07-04T06:00:00Z,2021-07-04T12:00:00Z,2021-08-03T06:00:00Z,train
2166,2021-05-05T18:00:00Z,2021-07-04T12:00:00Z,2021-07-04T18:00:00Z,2021-08-03T12:00:00Z,train
2167,2021-05-06T00:00:00Z,2021-07-04T18:00:00Z,2021-07-05T00:00:00Z,2021-08-03T18:00:00Z,train
2168,2021-05-06T06:00:00Z,2021-07-05T00:00:00Z,2021-07-05T06:00:00Z,2021-08-04T00:00:00Z,train
2169,2021-05-06T12:00:00Z,2021-07-05T06:00:00Z,2021-07-05T12:00:00Z,2021-08-04T06:00:00Z,train
2170,2021-05-06T18:00:00Z,2021-07-05T12:00:00Z,2021-07-05T18:00:00Z,2021-08-04T12:00:00Z,train
2171,2021-05-07T00:00:00Z,2021-07-05T18:00:00Z,2021-07-06T00:00:00Z,2021-08-04T18:00:00Z,train
2172,2021-05-07T06:00:00Z,2021-07-06T00:00:00Z,2021-07-06T06:00:00Z,2021-08-05T00:00:00Z,train
2173,2021-05-07T12:00:00Z,2021-07-06T06:00:00Z,2021-07-06T12:00:00Z,2021-08-05T06:00:00Z,train
2174,2021-05-07T18:00:00Z,2021-07-06T12:00:00Z,2021-07-06T18:00:00Z,2021-08-05T12:00:00Z,train
2175,2021-05-08T00:00:00Z,2021-07-06T18:00:00Z,2021-07-07T00:00:00Z,2021-08-05T18:00:00Z,train
2176,2021-05-08T06:00:00Z,2021-07-07T00:00:00Z,2021-07-07T06:00:00Z,2021-08-06T00:00:00Z,train
2177,2021-05-08T12:00:00Z,2021-07-07T06:00:00Z,2021-07-07T12:00:00Z,2021-08-06T06:00:00Z,train
2178,2021-05-08T18:00:00Z,2021-07-07T12:00:00Z,2021-07-07T18:00:00Z,2021-08-06T12:00:00Z,train
2179,2021-05-09T00:00:00Z,2021-07-07T18:00:00Z,2021-07-08T00:00:00Z,2021-08-06T18:00:00Z,train
2180,2021-05-09T06:00:00Z,2021-07-08T00:00:00Z,2021-07-08T06:00:00Z,2021-08-07T00:00:00Z,train
2181,2021-05-09T12:00:00Z,2021-07-08T06:00:00Z,2021-07-08T12:00:00Z,2021-08-07T06:00:00Z,train
2182,2021-05-09T18:00:00Z,2021-07-08T12:00:00Z,2021-07-08T18:00:00Z,2021-08-07T12:00:00Z,train
2183,2021-05-10T00:00:00Z,2021-07-08T18:00:00Z,2021-07-09T00:00:00Z,2021-08-07T18:00:00Z,train
2184,2021-05-10T06:00:00Z,2021-07-09T00:00:00Z,2021-07-09T06:00:00Z,2021-08-08T00:00:00Z,train
2185,2021-05-10T12:00:00Z,2021-07-09T06:00:00Z,2021-07-09T12:00:00Z,2021-08-08T06:00:00Z,train
2186,2021-05-10T18:00:00Z,2021-07-09T12:00:00Z,2021-07-09T18:00:00Z,2021-08-08T12:00:00Z,train
2187,2021-05-11T00:00:00Z,2021-07-09T18:00:00Z,2021-07-10T00:00:00Z,2021-08-08T18:00:00Z,train
2188,2021-05-11T06:00:00Z,2021-07-10T00:00:00Z,2021-07-10T06:00:00Z,2021-08-09T00:00:00Z,train
2189,2021-05-11T12:00:00Z,2021-07-10T06:00:00Z,2021-07-10T12:00:00Z,2021-08-09T06:00:00Z,train
2190,2021-05-11T18:00:00Z,2021-07-10T12:00:00Z,2021-07-10T18:00:00Z,2021-08-09T12:00:00Z,train
2191,2021-05-12T00:00:00Z,2021-07-10T18:00:00Z,2021-07-11T00:00:00Z,2021-08-09T18:00:00Z,train
2192,2021-05-12T06:00:00Z,2021-07-11T00:00:00Z,2021-07-11T06:00:00Z,2021-08-10T00:00:00Z,train
2193,2021-05-12T12:00:00Z,2021-07-11T06:00:00Z,2021-07-11T12:00:00Z,2021-08-10T06:00:00Z,train
2194,2021-05-12T18:00:00Z,2021-07-11T12:00:00Z,2021-07-11T18:00:00Z,2021-08-10T12:00:00Z,train
2195,2021-05-13T00:00:00Z,2021-07-11T18:00:00Z,2021-07-12T00:00:00Z,2021-08-10T18:00:00Z,train
2196,2021-05-13T06:00:00Z,2021-07-12T00:00:00Z,2021-07-12T06:00:00Z,2021-08-11T00:00:00Z,train
2197,2021-05-13T12:00:00Z,2021-07-12T06:00:00Z,2021-07-12T12:00:00Z,2021-08-11T06:00:00Z,train
2198,2021-05-13T18:00:00Z,2021-07-12T12:00:00Z,2021-07-12T18:00:00Z,2021-08-11T12:00:00Z,train
2199,2021-05-14T00:00:00Z,2021-07-12T18:00:00Z,2021-07-13T00:00:00Z,2021-08-11T18:00:00Z,train
2200,2021-05-14T06:00:00Z,2021-07-13T00:00:00Z,2021-07-13T06:00:00Z,2021-08-12T00:00:00Z,train
2201,2021-05-14T12:00:00Z,2021-07-13T06:00:00Z,2021-07-13T12:00:00Z,2021-08-12T06:00:00Z,train
2202,2021-05-14T18:00:00Z,2021-07-13T12:00:00Z,2021-07-13T18:00:00Z,2021-08-12T12:00:00Z,train
2203,2021-05-15T00:00:00Z,2021-07-13T18:00:00Z,2021-07-14T00:00:00Z,2021-08-12T18:00:00Z,train
2204,2021-08-13T12:00:00Z,2021-10-12T06:00:00Z,2021-10-12T12:00:00Z,2021-11-11T06:00:00Z,train
2205,2021-08-13T18:00:00Z,2021-10-12T12:00:00Z,2021-10-12T18:00:00Z,2021-11-11T12:00:00Z,train
2206,2021-08-14T00:00:00Z,2021-10-12T18:00:00Z,2021-10-13T00:00:00Z,2021-11-11T18:00:00Z,train
2207,2021-08-14T06:00:00Z,2021-10-13T00:00:00Z,2021-10-13T06:00:00Z,2021-11-12T00:00:00Z,train
2208,2021-08-14T12:00:00Z,2021-10-13T06:00:00Z,2021-10-13T12:00:00Z,2021-11-12T06:00:00Z,train
2209,2021-08-14T18:00:00Z,2021-10-13T12:00:00Z,2021-10-13T18:00:00Z,2021-11-12T12:00:00Z,train
2210,2021-08-15T00:00:00Z,2021-10-13T18:00:00Z,2021-10-14T00:00:00Z,2021-11-12T18:00:00Z,train
2211,2021-08-15T06:00:00Z,2021-10-14T00:00:00Z,2021-10-14T06:00:00Z,2021-11-13T00:00:00Z,train
2212,2021-08-15T12:00:00Z,2021-10-14T06:00:00Z,2021-10-14T12:00:00Z,2021-11-13T06:00:00Z,train
2213,2021-08-15T18:00:00Z,2021-10-14T12:00:00Z,2021-10-14T18:00:00Z,2021-11-13T12:00:00Z,train
2214,2021-08-16T00:00:00Z,2021-10-14T18:00:00Z,2021-10-15T00:00:00Z,2021-11-13T18:00:00Z,train
2215,2021-08-16T06:00:00Z,2021-10-15T00:00:00Z,2021-10-15T06:00:00Z,2021-11-14T00:00:00Z,train
2216,2021-08-16T12:00:00Z,2021-10-15T06:00:00Z,2021-10-15T12:00:00Z,2021-11-14T06:00:00Z,train
2217,2021-08-16T18:00:00Z,2021-10-15T12:00:00Z,2021-10-15T18:00:00Z,2021-11-14T12:00:00Z,train
2218,2021-08-17T00:00:00Z,2021-10-15T18:00:00Z,2021-10-16T00:00:00Z,2021-11-14T18:00:00Z,train
2219,2021-08-17T06:00:00Z,2021-10-16T00:00:00Z,2021-10-16T06:00:00Z,2021-11-15T00:00:00Z,train
2220,2021-08-17T12:00:00Z,2021-10-16T06:00:00Z,2021-10-16T12:00:00Z,2021-11-15T06:00:00Z,train
2221,2021-08-17T18:00:00Z,2021-10-16T12:00:00Z,2021-10-16T18:00:00Z,2021-11-15T12:00:00Z,train
2222,2021-08-18T00:00:00Z,2021-10-16T18:00:00Z,2021-10-17T00:00:00Z,2021-11-15T18:00:00Z,train
2223,2021-08-18T06:00:00Z,2021-10-17T00:00:00Z,2021-10-17T06:00:00Z,2021-11-16T00:00:00Z,train
2224,2021-08-18T12:00:00Z,2021-10-17T06:00:00Z,2021-10-17T12:00:00Z,2021-11-16T06:00:00Z,train
2225,2021-08-18T18:00:00Z,2021-10-17T12:00:00Z,2021-10-17T18:00:00Z,2021-11-16T12:00:00Z,train
2226,2021-08-19T00:00:00Z,2021-10-17T18:00:00Z,2021-10-18T00:00:00Z,2021-11-16T18:00:00Z,train
2227,2021-08-19T06:00:00Z,2021-10-18T00:00:00Z,2021-10-18T06:00:00Z,2021-11-17T00:00:00Z,train
2228,2021-08-19T12:00:00Z,2021-10-18T06:00:00Z,2021-10-18T12:00:00Z,2021-11-17T06:00:00Z,train
2229,2021-08-19T18:00:00Z,2021-10-18T12:00:00Z,2021-10-18T18:00:00Z,2021-11-17T12:00:00Z,train
2230,2021-08-20T00:00:00Z,2021-10-18T18:00:00Z,2021-10-19T00:00:00Z,2021-11-17T18:00:00Z,train
2231,2021-08-20T06:00:00Z,2021-10-19T00:00:00Z,2021-10-19T06:00:00Z,2021-11-18T00:00:00Z,train
2232,2021-08-20T12:00:00Z,2021-10-19T06:00:00Z,2021-10-19T12:00:00Z,2021-11-18T06:00:00Z,train
2233,2021-08-20T18:00:00Z,2021-10-19T12:00:00Z,2021-10-19T18:00:00Z,2021-11-18T12:00:00Z,train
2234,2021-08-21T00:00:00Z,2021-10-19T18:00:00Z,2021-10-20T00:00:00Z,2021-11-18T18:00:00Z,train
2235,2021-08-21T06:00:00Z,2021-10-20T00:00:00Z,2021-10-20T06:00:00Z,2021-11-19T00:00:00Z,train
2236,2021-08-21T12:00:00Z,2021-10-20T06:00:00Z,2021-10-20T12:00:00Z,2021-11-19T06:00:00Z,train
2237,2021-08-21T18:00:00Z,2021-10-20T12:00:00Z,2021-10-20T18:00:00Z,2021-11-19T12:00:00Z,train
2238,2021-08-22T00:00:00Z,2021-10-20T18:00:00Z,2021-10-21T00:00:00Z,2021-11-19T18:00:00Z,train
2239,2021-08-22T06:00:00Z,2021-10-21T00:00:00Z,2021-10-21T06:00:00Z,2021-11-20T00:00:00Z,train
2240,2021-08-22T12:00:00Z,2021-10-21T06:00:00Z,2021-10-21T12:00:00Z,2021-11-20T06:00:00Z,train
2241,2021-08-22T18:00:00Z,2021-10-21T12:00:00Z,2021-10-21T18:00:00Z,2021-11-20T12:00:00Z,train
2242,2021-08-23T00:00:00Z,2021-10-21T18:00:00Z,2021-10-22T00:00:00Z,2021-11-20T18:00:00Z,train
2243,2021-08-23T06:00:00Z,2021-10-22T00:00:00Z,2021-10-22T06:00:00Z,2021-11-21T00:00:00Z,train
2244,2021-08-23T12:00:00Z,2021-10-22T06:00:00Z,2021-10-22T12:00:00Z,2021-11-21T06:00:00Z,train
2245,2021-08-23T18:00:00Z,2021-10-22T12:00:00Z,2021-10-22T18:00:00Z,2021-11-21T12:00:00Z,train
2246,2021-08-24T00:00:00Z,2021-10-22T18:00:00Z,2021-10-23T00:00:00Z,2021-11-21T18:00:00Z,train
2247,2021-08-24T06:00:00Z,2021-10-23T00:00:00Z,2021-10-23T06:00:00Z,2021-11-22T00:00:00Z,train
2248,2021-08-24T12:00:00Z,2021-10-23T06:00:00Z,2021-10-23T12:00:00Z,2021-11-22T06:00:00Z,train
2249,2021-08-24T18:00:00Z,2021-10-23T12:00:00Z,2021-10-23T18:00:00Z,2021-11-22T12:00:00Z,train
2250,2021-08-25T00:00:00Z,2021-10-23T18:00:00Z,2021-10-24T00:00:00Z,2021-11-22T18:00:00Z,train
2251,2021-08-25T06:00:00Z,2021-10-24T00:00:00Z,2021-10-24T06:00:00Z,2021-11-23T00:00:00Z,train
2252,2021-08-25T12:00:00Z,2021-10-24T06:00:00Z,2021-10-24T12:00:00Z,2021-11-23T06:00:00Z,train
2253,2021-08-25T18:00:00Z,2021-10-24T12:00:00Z,2021-10-24T18:00:00Z,2021-11-23T12:00:00Z,train
2254,2021-08-26T00:00:00Z,2021-10-24T18:00:00Z,2021-10-25T00:00:00Z,2021-11-23T18:00:00Z,train
2255,2021-08-26T06:00:00Z,2021-10-25T00:00:00Z,2021-10-25T06:00:00Z,2021-11-24T00:00:00Z,train
2256,2021-08-26T12:00:00Z,2021-10-25T06:00:00Z,2021-10-25T12:00:00Z,2021-11-24T06:00:00Z,train
2257,2021-08-26T18:00:00Z,2021-10-25T12:00:00Z,2021-10-25T18:00:00Z,2021-11-24T12:00:00Z,train
2258,2021-08-27T00:00:00Z,2021-10-25T18:00:00Z,2021-10-26T00:00:00Z,2021-11-24T18:00:00Z,train
2259,2021-08-27T06:00:00Z,2021-10-26T00:00:00Z,2021-10-26T06:00:00Z,2021-11-25T00:00:00Z,train
2260,2021-08-27T12:00:00Z,2021-10-26T06:00:00Z,2021-10-26T12:00:00Z,2021-11-25T06:00:00Z,train
2261,2021-08-27T18:00:00Z,2021-10-26T12:00:00Z,2021-10-26T18:00:00Z,2021-11-25T12:00:00Z,train
2262,2021-08-28T00:00:00Z,2021-10-26T18:00:00Z,2021-10-27T00:00:00Z,2021-11-25T18:00:00Z,train
2263,2021-08-28T06:00:00Z,2021-10-27T00:00:00Z,2021-10-27T06:00:00Z,2021-11-26T00:00:00Z,train
2264,2021-08-28T12:00:00Z,2021-10-27T06:00:00Z,2021-10-27T12:00:00Z,2021-11-26T06:00:00Z,train
2265,2021-08-28T18:00:00Z,2021-10-27T12:00:00Z,2021-10-27T18:00:00Z,2021-11-26T12:00:00Z,train
2266,2021-08-29T00:00:00Z,2021-10-27T18:00:00Z,2021-10-28T00:00:00Z,2021-11-26T18:00:00Z,train
2267,2021-08-29T06:00:00Z,2021-10-28T00:00:00Z,2021-10-28T06:00:00Z,2021-11-27T00:00:00Z,train
2268,2021-08-29T12:00:00Z,2021-10-28T06:00:00Z,2021-10-28T12:00:00Z,2021-11-27T06:00:00Z,train
2269,2021-08-29T18:00:00Z,2021-10-28T12:00:00Z,2021-10-28T18:00:00Z,2021-11-27T12:00:00Z,train
2270,2021-08-30T00:00:00Z,2021-10-28T18:00:00Z,2021-10-29T00:00:00Z,2021-11-27T18:00:00Z,train
2271,2021-08-30T06:00:00Z,2021-10-29T00:00:00Z,2021-10-29T06:00:00Z,2021-11-28T00:00:00Z,train
2272,2021-08-30T12:00:00Z,2021-10-29T06:00:00Z,2021-10-29T12:00:00Z,2021-11-28T06:00:00Z,train
2273,2021-08-30T18:00:00Z,2021-10-29T12:00:00Z,2021-10-29T18:00:00Z,2021-11-28T12:00:00Z,train
2274,2021-08-31T00:00:00Z,2021-10-29T18:00:00Z,2021-10-30T00:00:00Z,2021-11-28T18:00:00Z,train
2275,2021-08-31T06:00:00Z,2021-10-30T00:00:00Z,2021-10-30T06:00:00Z,2021-11-29T00:00:00Z,train
2276,2021-08-31T12:00:00Z,2021-10-30T06:00:00Z,2021-10-30T12:00:00Z,2021-11-29T06:00:00Z,train
2277,2021-08-31T18:00:00Z,2021-10-30T12:00:00Z,2021-10-30T18:00:00Z,2021-11-29T12:00:00Z,train
2278,2021-09-01T00:00:00Z,2021-10-30T18:00:00Z,2021-10-31T00:00:00Z,2021-11-29T18:00:00Z,train
2279,2021-09-01T06:00:00Z,2021-10-31T00:00:00Z,2021-10-31T06:00:00Z,2021-11-30T00:00:00Z,train
2280,2021-09-01T12:00:00Z,2021-10-31T06:00:00Z,2021-10-31T12:00:00Z,2021-11-30T06:00:00Z,train
2281,2021-09-01T18:00:00Z,2021-10-31T12:00:00Z,2021-10-31T18:00:00Z,2021-11-30T12:00:00Z,train
2282,2021-09-02T00:00:00Z,2021-10-31T18:00:00Z,2021-11-01T00:00:00Z,2021-11-30T18:00:00Z,train
2283,2021-09-02T06:00:00Z,2021-11-01T00:00:00Z,2021-11-01T06:00:00Z,2021-12-01T00:00:00Z,train
2284,2021-09-02T12:00:00Z,2021-11-01T06:00:00Z,2021-11-01T12:00:00Z,2021-12-01T06:00:00Z,train
2285,2021-09-02T18:00:00Z,2021-11-01T12:00:00Z,2021-11-01T18:00:00Z,2021-12-01T12:00:00Z,train
2286,2021-09-03T00:00:00Z,2021-11-01T18:00:00Z,2021-11-02T00:00:00Z,2021-12-01T18:00:00Z,train
2287,2021-09-03T06:00:00Z,2021-11-02T00:00:00Z,2021-11-02T06:00:00Z,2021-12-02T00:00:00Z,train
2288,2021-09-03T12:00:00Z,2021-11-02T06:00:00Z,2021-11-02T12:00:00Z,2021-12-02T06:00:00Z,train
2289,2021-09-03T18:00:00Z,2021-11-02T12:00:00Z,2021-11-02T18:00:00Z,2021-12-02T12:00:00Z,train
2290,2021-09-04T00:00:00Z,2021-11-02T18:00:00Z,2021-11-03T00:00:00Z,2021-12-02T18:00:00Z,train
2291,2021-09-04T06:00:00Z,2021-11-03T00:00:00Z,2021-11-03T06:00:00Z,2021-12-03T00:00:00Z,train
2292,2021-09-04T12:00:00Z,2021-11-03T06:00:00Z,2021-11-03T12:00:00Z,2021-12-03T06:00:00Z,train
2293,2021-09-04T18:00:00Z,2021-11-03T12:00:00Z,2021-11-03T18:00:00Z,2021-12-03T12:00:00Z,train
2294,2021-09-05T00:00:00Z,2021-11-03T18:00:00Z,2021-11-04T00:00:00Z,2021-12-03T18:00:00Z,train
2295,2021-09-05T06:00:00Z,2021-11-04T00:00:00Z,2021-11-04T06:00:00Z,2021-12-04T00:00:00Z,train
2296,2021-09-05T12:00:00Z,2021-11-04T06:00:00Z,2021-11-04T12:00:00Z,2021-12-04T06:00:00Z,train
2297,2021-09-05T18:00:00Z,2021-11-04T12:00:00Z,2021-11-04T18:00:00Z,2021-12-04T12:00:00Z,train
2298,2021-09-06T00:00:00Z,2021-11-04T18:00:00Z,2021-11-05T00:00:00Z,2021-12-04T18:00:00Z,train
2299,2021-09-06T06:00:00Z,2021-11-05T00:00:00Z,2021-11-05T06:00:00Z,2021-12-05T00:00:00Z,train
2300,2021-09-06T12:00:00Z,2021-11-05T06:00:00Z,2021-11-05T12:00:00Z,2021-12-05T06:00:00Z,train
2301,2021-09-06T18:00:00Z,2021-11-05T12:00:00Z,2021-11-05T18:00:00Z,2021-12-05T12:00:00Z,train
2302,2021-09-07T00:00:00Z,2021-11-05T18:00:00Z,2021-11-06T00:00:00Z,2021-12-05T18:00:00Z,train
2303,2021-09-07T06:00:00Z,2021-11-06T00:00:00Z,2021-11-06T06:00:00Z,2021-12-06T00:00:00Z,train
2304,2021-09-07T12:00:00Z,2021-11-06T06:00:00Z,2021-11-06T12:00:00Z,2021-12-06T06:00:00Z,train
2305,2021-09-07T18:00:00Z,2021-11-06T12:00:00Z,2021-11-06T18:00:00Z,2021-12-06T12:00:00Z,train
2306,2021-09-08T00:00:00Z,2021-11-06T18:00:00Z,2021-11-07T00:00:00Z,2021-12-06T18:00:00Z,train
2307,2021-09-08T06:00:00Z,2021-11-07T00:00:00Z,2021-11-07T06:00:00Z,2021-12-07T00:00:00Z,train
2308,2021-09-08T12:00:00Z,2021-11-07T06:00:00Z,2021-11-07T12:00:00Z,2021-12-07T06:00:00Z,train
2309,2021-09-08T18:00:00Z,2021-11-07T12:00:00Z,2021-11-07T18:00:00Z,2021-12-07T12:00:00Z,train
2310,2021-09-09T00:00:00Z,2021-11-07T18:00:00Z,2021-11-08T00:00:00Z,2021-12-07T18:00:00Z,train
2311,2021-09-09T06:00:00Z,2021-11-08T00:00:00Z,2021-11-08T06:00:00Z,2021-12-08T00:00:00Z,train
2312,2021-09-09T12:00:00Z,2021-11-08T06:00:00Z,2021-11-08T12:00:00Z,2021-12-08T06:00:00Z,train
2313,2021-09-09T18:00:00Z,2021-11-08T12:00:00Z,2021-11-08T18:00:00Z,2021-12-08T12:00:00Z,train
2314,2021-09-10T00:00:00Z,2021-11-08T18:00:00Z,2021-11-09T00:00:00Z,2021-12-08T18:00:00Z,train
2315,2021-09-10T06:00:00Z,2021-11-09T00:00:00Z,2021-11-09T06:00:00Z,2021-12-09T00:00:00Z,train
2316,2021-09-10T12:00:00Z,2021-11-09T06:00:00Z,2021-11-09T12:00:00Z,2021-12-09T06:00:00Z,train
2317,2021-09-10T18:00:00Z,2021-11-09T12:00:00Z,2021-11-09T18:00:00Z,2021-12-09T12:00:00Z,train
2318,2021-09-11T00:00:00Z,2021-11-09T18:00:00Z,2021-11-10T00:00:00Z,2021-12-09T18:00:00Z,train
2319,2021-09-11T06:00:00Z,2021-11-10T00:00:00Z,2021-11-10T06:00:00Z,2021-12-10T00:00:00Z,train
2320,2021-09-11T12:00:00Z,2021-11-10T06:00:00Z,2021-11-10T12:00:00Z,2021-12-10T06:00:00Z,train
2321,2021-09-11T18:00:00Z,2021-11-10T12:00:00Z,2021-11-10T18:00:00Z,2021-12-10T12:00:00Z,train
2322,2021-09-12T00:00:00Z,2021-11-10T18:00:00Z,2021-11-11T00:00:00Z,2021-12-10T18:00:00Z,train
2323,2021-09-12T06:00:00Z,2021-11-11T00:00:00Z,2021-11-11T06:00:00Z,2021-12-11T00:00:00Z,train
2324,2021-09-12T12:00:00Z,2021-11-11T06:00:00Z,2021-11-11T12:00:00Z,2021-12-11T06:00:00Z,train
2325,2021-09-12T18:00:00Z,2021-11-11T12:00:00Z,2021-11-11T18:00:00Z,2021-12-11T12:00:00Z,train
2326,2021-09-13T00:00:00Z,2021-11-11T18:00:00Z,2021-11-12T00:00:00Z,2021-12-11T18:00:00Z,train
2327,2021-09-13T06:00:00Z,2021-11-12T00:00:00Z,2021-11-12T06:00:00Z,2021-12-12T00:00:00Z,train
2328,2021-09-13T12:00:00Z,2021-11-12T06:00:00Z,2021-11-12T12:00:00Z,2021-12-12T06:00:00Z,train
2329,2021-09-13T18:00:00Z,2021-11-12T12:00:00Z,2021-11-12T18:00:00Z,2021-12-12T12:00:00Z,train
2330,2021-09-14T00:00:00Z,2021-11-12T18:00:00Z,2021-11-13T00:00:00Z,2021-12-12T18:00:00Z,train
2331,2021-09-14T06:00:00Z,2021-11-13T00:00:00Z,2021-11-13T06:00:00Z,2021-12-13T00:00:00Z,train
2332,2021-09-14T12:00:00Z,2021-11-13T06:00:00Z,2021-11-13T12:00:00Z,2021-12-13T06:00:00Z,train
2333,2021-09-14T18:00:00Z,2021-11-13T12:00:00Z,2021-11-13T18:00:00Z,2021-12-13T12:00:00Z,train
2334,2021-09-15T00:00:00Z,2021-11-13T18:00:00Z,2021-11-14T00:00:00Z,2021-12-13T18:00:00Z,train
2335,2021-09-15T06:00:00Z,2021-11-14T00:00:00Z,2021-11-14T06:00:00Z,2021-12-14T00:00:00Z,train
2336,2021-09-15T12:00:00Z,2021-11-14T06:00:00Z,2021-11-14T12:00:00Z,2021-12-14T06:00:00Z,train
2337,2021-09-15T18:00:00Z,2021-11-14T12:00:00Z,2021-11-14T18:00:00Z,2021-12-14T12:00:00Z,train
2338,2021-09-16T00:00:00Z,2021-11-14T18:00:00Z,2021-11-15T00:00:00Z,2021-12-14T18:00:00Z,train
2339,2021-09-16T06:00:00Z,2021-11-15T00:00:00Z,2021-11-15T06:00:00Z,2021-12-15T00:00:00Z,train
2340,2021-09-16T12:00:00Z,2021-11-15T06:00:00Z,2021-11-15T12:00:00Z,2021-12-15T06:00:00Z,train
2341,2021-09-16T18:00:00Z,2021-11-15T12:00:00Z,2021-11-15T18:00:00Z,2021-12-15T12:00:00Z,train
2342,2021-09-17T00:00:00Z,2021-11-15T18:00:00Z,2021-11-16T00:00:00Z,2021-12-15T18:00:00Z,train
2343,2021-09-17T06:00:00Z,2021-11-16T00:00:00Z,2021-11-16T06:00:00Z,2021-12-16T00:00:00Z,train
2344,2021-09-17T12:00:00Z,2021-11-16T06:00:00Z,2021-11-16T12:00:00Z,2021-12-16T06:00:00Z,train
2345,2021-09-17T18:00:00Z,2021-11-16T12:00:00Z,2021-11-16T18:00:00Z,2021-12-16T12:00:00Z,train
2346,2021-09-18T00:00:00Z,2021-11-16T18:00:00Z,2021-11-17T00:00:00Z,2021-12-16T18:00:00Z,train
2347,2021-09-18T06:00:00Z,2021-11-17T00:00:00Z,2021-11-17T06:00:00Z,2021-12-17T00:00:00Z,train
2348,2021-09-18T12:00:00Z,2021-11-17T06:00:00Z,2021-11-17T12:00:00Z,2021-12-17T06:00:00Z,train
2349,2021-09-18T18:00:00Z,2021-11-17T12:00:00Z,2021-11-17T18:00:00Z,2021-12-17T12:00:00Z,train
2350,2021-09-19T00:00:00Z,2021-11-17T18:00:00Z,2021-11-18T00:00:00Z,2021-12-17T18:00:00Z,train
2351,2021-09-19T06:00:00Z,2021-11-18T00:00:00Z,2021-11-18T06:00:00Z,2021-12-18T00:00:00Z,train
2352,2021-09-19T12:00:00Z,2021-11-18T06:00:00Z,2021-11-18T12:00:00Z,2021-12-18T06:00:00Z,train
2353,2021-09-19T18:00:00Z,2021-11-18T12:00:00Z,2021-11-18T18:00:00Z,2021-12-18T12:00:00Z,train
2354,2021-09-20T00:00:00Z,2021-11-18T18:00:00Z,2021-11-19T00:00:00Z,2021-12-18T18:00:00Z,train
2355,2021-09-20T06:00:00Z,2021-11-19T00:00:00Z,2021-11-19T06:00:00Z,2021-12-19T00:00:00Z,train
2356,2021-09-20T12:00:00Z,2021-11-19T06:00:00Z,2021-11-19T12:00:00Z,2021-12-19T06:00:00Z,train
2357,2021-09-20T18:00:00Z,2021-11-19T12:00:00Z,2021-11-19T18:00:00Z,2021-12-19T12:00:00Z,train
2358,2021-09-21T00:00:00Z,2021-11-19T18:00:00Z,2021-11-20T00:00:00Z,2021-12-19T18:00:00Z,train
2359,2021-09-21T06:00:00Z,2021-11-20T00:00:00Z,2021-11-20T06:00:00Z,2021-12-20T00:00:00Z,train
2360,2021-09-21T12:00:00Z,2021-11-20T06:00:00Z,2021-11-20T12:00:00Z,2021-12-20T06:00:00Z,train
2361,2021-09-21T18:00:00Z,2021-11-20T12:00:00Z,2021-11-20T18:00:00Z,2021-12-20T12:00:00Z,train
2362,2021-09-22T00:00:00Z,2021-11-20T18:00:00Z,2021-11-21T00:00:00Z,2021-12-20T18:00:00Z,train
2363,2021-09-22T06:00:00Z,2021-11-21T00:00:00Z,2021-11-21T06:00:00Z,2021-12-21T00:00:00Z,train
2364,2021-09-22T12:00:00Z,2021-11-21T06:00:00Z,2021-11-21T12:00:00Z,2021-12-21T06:00:00Z,train
2365,2021-09-22T18:00:00Z,2021-11-21T12:00:00Z,2021-11-21T18:00:00Z,2021-12-21T12:00:00Z,train
2366,2021-09-23T00:00:00Z,2021-11-21T18:00:00Z,2021-11-22T00:00:00Z,2021-12-21T18:00:00Z,train
2367,2021-09-23T06:00:00Z,2021-11-22T00:00:00Z,2021-11-22T06:00:00Z,2021-12-22T00:00:00Z,train
2368,2021-09-23T12:00:00Z,2021-11-22T06:00:00Z,2021-11-22T12:00:00Z,2021-12-22T06:00:00Z,train
2369,2021-09-23T18:00:00Z,2021-11-22T12:00:00Z,2021-11-22T18:00:00Z,2021-12-22T12:00:00Z,train
2370,2021-09-24T00:00:00Z,2021-11-22T18:00:00Z,2021-11-23T00:00:00Z,2021-12-22T18:00:00Z,train
2371,2021-09-24T06:00:00Z,2021-11-23T00:00:00Z,2021-11-23T06:00:00Z,2021-12-23T00:00:00Z,train
2372,2021-09-24T12:00:00Z,2021-11-23T06:00:00Z,2021-11-23T12:00:00Z,2021-12-23T06:00:00Z,train
2373,2021-09-24T18:00:00Z,2021-11-23T12:00:00Z,2021-11-23T18:00:00Z,2021-12-23T12:00:00Z,train
2374,2021-09-25T00:00:00Z,2021-11-23T18:00:00Z,2021-11-24T00:00:00Z,2021-12-23T18:00:00Z,train
2375,2021-09-25T06:00:00Z,2021-11-24T00:00:00Z,2021-11-24T06:00:00Z,2021-12-24T00:00:00Z,train
2376,2021-09-25T12:00:00Z,2021-11-24T06:00:00Z,2021-11-24T12:00:00Z,2021-12-24T06:00:00Z,train
2377,2021-09-25T18:00:00Z,2021-11-24T12:00:00Z,2021-11-24T18:00:00Z,2021-12-24T12:00:00Z,train
2378,2021-09-26T00:00:00Z,2021-11-24T18:00:00Z,2021-11-25T00:00:00Z,2021-12-24T18:00:00Z,train
2379,2021-09-26T06:00:00Z,2021-11-25T00:00:00Z,2021-11-25T06:00:00Z,2021-12-25T00:00:00Z,train
2380,2021-09-26T12:00:00Z,2021-11-25T06:00:00Z,2021-11-25T12:00:00Z,2021-12-25T06:00:00Z,train
2381,2021-09-26T18:00:00Z,2021-11-25T12:00:00Z,2021-11-25T18:00:00Z,2021-12-25T12:00:00Z,train
2382,2021-09-27T00:00:00Z,2021-11-25T18:00:00Z,2021-11-26T00:00:00Z,2021-12-25T18:00:00Z,train
2383,2021-09-27T06:00:00Z,2021-11-26T00:00:00Z,2021-11-26T06:00:00Z,2021-12-26T00:00:00Z,train
2384,2021-09-27T12:00:00Z,2021-11-26T06:00:00Z,2021-11-26T12:00:00Z,2021-12-26T06:00:00Z,train
2385,2021-09-27T18:00:00Z,2021-11-26T12:00:00Z,2021-11-26T18:00:00Z,2021-12-26T12:00:00Z,train
2386,2021-09-28T00:00:00Z,2021-11-26T18:00:00Z,2021-11-27T00:00:00Z,2021-12-26T18:00:00Z,train
2387,2021-09-28T06:00:00Z,2021-11-27T00:00:00Z,2021-11-27T06:00:00Z,2021-12-27T00:00:00Z,train
2388,2021-09-28T12:00:00Z,2021-11-27T06:00:00Z,2021-11-27T12:00:00Z,2021-12-27T06:00:00Z,train
2389,2021-09-28T18:00:00Z,2021-11-27T12:00:00Z,2021-11-27T18:00:00Z,2021-12-27T12:00:00Z,train
2390,2021-09-29T00:00:00Z,2021-11-27T18:00:00Z,2021-11-28T00:00:00Z,2021-12-27T18:00:00Z,train
2391,2021-09-29T06:00:00Z,2021-11-28T00:00:00Z,2021-11-28T06:00:00Z,2021-12-28T00:00:00Z,train
2392,2021-09-29T12:00:00Z,2021-11-28T06:00:00Z,2021-11-28T12:00:00Z,2021-12-28T06:00:00Z,train
2393,2021-09-29T18:00:00Z,2021-11-28T12:00:00Z,2021-11-28T18:00:00Z,2021-12-28T12:00:00Z,train
2394,2021-09-30T00:00:00Z,2021-11-28T18:00:00Z,2021-11-29T00:00:00Z,2021-12-28T18:00:00Z,train
2395,2021-09-30T06:00:00Z,2021-11-29T00:00:00Z,2021-11-29T06:00:00Z,2021-12-29T00:00:00Z,train
2396,2021-09-30T12:00:00Z,2021-11-29T06:00:00Z,2021-11-29T12:00:00Z,2021-12-29T06:00:00Z,train
2397,2021-09-30T18:00:00Z,2021-11-29T12:00:00Z,2021-11-29T18:00:00Z,2021-12-29T12:00:00Z,train
2398,2021-10-01T00:00:00Z,2021-11-29T18:00:00Z,2021-11-30T00:00:00Z,2021-12-29T18:00:00Z,train
2399,2021-10-01T06:00:00Z,2021-11-30T00:00:00Z,2021-11-30T06:00:00Z,2021-12-30T00:00:00Z,train
2400,2021-10-01T12:00:00Z,2021-11-30T06:00:00Z,2021-11-30T12:00:00Z,2021-12-30T06:00:00Z,train
2401,2021-10-01T18:00:00Z,2021-11-30T12:00:00Z,2021-11-30T18:00:00Z,2021-12-30T12:00:00Z,train
2402,2021-10-02T00:00:00Z,2021-11-30T18:00:00Z,2021-12-01T00:00:00Z,2021-12-30T18:00:00Z,train
2403,2021-10-02T06:00:00Z,2021-12-01T00:00:00Z,2021-12-01T06:00:00Z,2021-12-31T00:00:00Z,train
2404,2021-10-02T12:00:00Z,2021-12-01T06:00:00Z,2021-12-01T12:00:00Z,2021-12-31T06:00:00Z,train
2405,2021-10-02T18:00:00Z,2021-12-01T12:00:00Z,2021-12-01T18:00:00Z,2021-12-31T12:00:00Z,train
2406,2021-10-03T00:00:00Z,2021-12-01T18:00:00Z,2021-12-02T00:00:00Z,2021-12-31T18:00:00Z,train
2407,2021-10-03T06:00:00Z,2021-12-02T00:00:00Z,2021-12-02T06:00:00Z,2022-01-01T00:00:00Z,train
2408,2021-10-03T12:00:00Z,2021-12-02T06:00:00Z,2021-12-02T12:00:00Z,2022-01-01T06:00:00Z,train
2409,2021-10-03T18:00:00Z,2021-12-02T12:00:00Z,2021-12-02T18:00:00Z,2022-01-01T12:00:00Z,train
2410,2021-10-04T00:00:00Z,2021-12-02T18:00:00Z,2021-12-03T00:00:00Z,2022-01-01T18:00:00Z,train
2411,2021-10-04T06:00:00Z,2021-12-03T00:00:00Z,2021-12-03T06:00:00Z,2022-01-02T00:00:00Z,train
2412,2021-10-04T12:00:00Z,2021-12-03T06:00:00Z,2021-12-03T12:00:00Z,2022-01-02T06:00:00Z,train
2413,2021-10-04T18:00:00Z,2021-12-03T12:00:00Z,2021-12-03T18:00:00Z,2022-01-02T12:00:00Z,train
2414,2021-10-05T00:00:00Z,2021-12-03T18:00:00Z,2021-12-04T00:00:00Z,2022-01-02T18:00:00Z,train
2415,2021-10-05T06:00:00Z,2021-12-04T00:00:00Z,2021-12-04T06:00:00Z,2022-01-03T00:00:00Z,train
2416,2021-10-05T12:00:00Z,2021-12-04T06:00:00Z,2021-12-04T12:00:00Z,2022-01-03T06:00:00Z,train
2417,2021-10-05T18:00:00Z,2021-12-04T12:00:00Z,2021-12-04T18:00:00Z,2022-01-03T12:00:00Z,train
2418,2021-10-06T00:00:00Z,2021-12-04T18:00:00Z,2021-12-05T00:00:00Z,2022-01-03T18:00:00Z,train
2419,2021-10-06T06:00:00Z,2021-12-05T00:00:00Z,2021-12-05T06:00:00Z,2022-01-04T00:00:00Z,train
2420,2021-10-06T12:00:00Z,2021-12-05T06:00:00Z,2021-12-05T12:00:00Z,2022-01-04T06:00:00Z,train
2421,2021-10-06T18:00:00Z,2021-12-05T12:00:00Z,2021-12-05T18:00:00Z,2022-01-04T12:00:00Z,train
2422,2021-10-07T00:00:00Z,2021-12-05T18:00:00Z,2021-12-06T00:00:00Z,2022-01-04T18:00:00Z,train
2423,2021-10-07T06:00:00Z,2021-12-06T00:00:00Z,2021-12-06T06:00:00Z,2022-01-05T00:00:00Z,train
2424,2021-10-07T12:00:00Z,2021-12-06T06:00:00Z,2021-12-06T12:00:00Z,2022-01-05T06:00:00Z,train
2425,2021-10-07T18:00:00Z,2021-12-06T12:00:00Z,2021-12-06T18:00:00Z,2022-01-05T12:00:00Z,train
2426,2021-10-08T00:00:00Z,2021-12-06T18:00:00Z,2021-12-07T00:00:00Z,2022-01-05T18:00:00Z,train
2427,2021-10-08T06:00:00Z,2021-12-07T00:00:00Z,2021-12-07T06:00:00Z,2022-01-06T00:00:00Z,train
2428,2021-10-08T12:00:00Z,2021-12-07T06:00:00Z,2021-12-07T12:00:00Z,2022-01-06T06:00:00Z,train
2429,2021-10-08T18:00:00Z,2021-12-07T12:00:00Z,2021-12-07T18:00:00Z,2022-01-06T12:00:00Z,train
2430,2021-10-09T00:00:00Z,2021-12-07T18:00:00Z,2021-12-08T00:00:00Z,2022-01-06T18:00:00Z,train
2431,2021-10-09T06:00:00Z,2021-12-08T00:00:00Z,2021-12-08T06:00:00Z,2022-01-07T00:00:00Z,train
2432,2021-10-09T12:00:00Z,2021-12-08T06:00:00Z,2021-12-08T12:00:00Z,2022-01-07T06:00:00Z,train
2433,2021-10-09T18:00:00Z,2021-12-08T12:00:00Z,2021-12-08T18:00:00Z,2022-01-07T12:00:00Z,train
2434,2021-10-10T00:00:00Z,2021-12-08T18:00:00Z,2021-12-09T00:00:00Z,2022-01-07T18:00:00Z,train
2435,2021-10-10T06:00:00Z,2021-12-09T00:00:00Z,2021-12-09T06:00:00Z,2022-01-08T00:00:00Z,train
2436,2021-10-10T12:00:00Z,2021-12-09T06:00:00Z,2021-12-09T12:00:00Z,2022-01-08T06:00:00Z,train
2437,2021-10-10T18:00:00Z,2021-12-09T12:00:00Z,2021-12-09T18:00:00Z,2022-01-08T12:00:00Z,train
2438,2021-10-11T00:00:00Z,2021-12-09T18:00:00Z,2021-12-10T00:00:00Z,2022-01-08T18:00:00Z,train
2439,2021-10-11T06:00:00Z,2021-12-10T00:00:00Z,2021-12-10T06:00:00Z,2022-01-09T00:00:00Z,train
2440,2021-10-11T12:00:00Z,2021-12-10T06:00:00Z,2021-12-10T12:00:00Z,2022-01-09T06:00:00Z,train
2441,2021-10-11T18:00:00Z,2021-12-10T12:00:00Z,2021-12-10T18:00:00Z,2022-01-09T12:00:00Z,train
2442,2021-10-12T00:00:00Z,2021-12-10T18:00:00Z,2021-12-11T00:00:00Z,2022-01-09T18:00:00Z,train
2443,2021-10-12T06:00:00Z,2021-12-11T00:00:00Z,2021-12-11T06:00:00Z,2022-01-10T00:00:00Z,train
2444,2021-10-12T12:00:00Z,2021-12-11T06:00:00Z,2021-12-11T12:00:00Z,2022-01-10T06:00:00Z,train
2445,2021-10-12T18:00:00Z,2021-12-11T12:00:00Z,2021-12-11T18:00:00Z,2022-01-10T12:00:00Z,train
2446,2021-10-13T00:00:00Z,2021-12-11T18:00:00Z,2021-12-12T00:00:00Z,2022-01-10T18:00:00Z,train
2447,2021-10-13T06:00:00Z,2021-12-12T00:00:00Z,2021-12-12T06:00:00Z,2022-01-11T00:00:00Z,train
2448,2021-10-13T12:00:00Z,2021-12-12T06:00:00Z,2021-12-12T12:00:00Z,2022-01-11T06:00:00Z,train
2449,2021-10-13T18:00:00Z,2021-12-12T12:00:00Z,2021-12-12T18:00:00Z,2022-01-11T12:00:00Z,train
2450,2021-10-14T00:00:00Z,2021-12-12T18:00:00Z,2021-12-13T00:00:00Z,2022-01-11T18:00:00Z,train
2451,2021-10-14T06:00:00Z,2021-12-13T00:00:00Z,2021-12-13T06:00:00Z,2022-01-12T00:00:00Z,train
2452,2021-10-14T12:00:00Z,2021-12-13T06:00:00Z,2021-12-13T12:00:00Z,2022-01-12T06:00:00Z,train
2453,2021-10-14T18:00:00Z,2021-12-13T12:00:00Z,2021-12-13T18:00:00Z,2022-01-12T12:00:00Z,train
2454,2021-10-15T00:00:00Z,2021-12-13T18:00:00Z,2021-12-14T00:00:00Z,2022-01-12T18:00:00Z,train
2455,2021-10-15T06:00:00Z,2021-12-14T00:00:00Z,2021-12-14T06:00:00Z,2022-01-13T00:00:00Z,train
2456,2021-10-15T12:00:00Z,2021-12-14T06:00:00Z,2021-12-14T12:00:00Z,2022-01-13T06:00:00Z,train
2457,2021-10-15T18:00:00Z,2021-12-14T12:00:00Z,2021-12-14T18:00:00Z,2022-01-13T12:00:00Z,train
2458,2021-10-16T00:00:00Z,2021-12-14T18:00:00Z,2021-12-15T00:00:00Z,2022-01-13T18:00:00Z,train
2459,2021-10-16T06:00:00Z,2021-12-15T00:00:00Z,2021-12-15T06:00:00Z,2022-01-14T00:00:00Z,train
2460,2021-10-16T12:00:00Z,2021-12-15T06:00:00Z,2021-12-15T12:00:00Z,2022-01-14T06:00:00Z,train
2461,2021-10-16T18:00:00Z,2021-12-15T12:00:00Z,2021-12-15T18:00:00Z,2022-01-14T12:00:00Z,train
2462,2021-10-17T00:00:00Z,2021-12-15T18:00:00Z,2021-12-16T00:00:00Z,2022-01-14T18:00:00Z,train
2463,2021-10-17T06:00:00Z,2021-12-16T00:00:00Z,2021-12-16T06:00:00Z,2022-01-15T00:00:00Z,train
2464,2021-10-17T12:00:00Z,2021-12-16T06:00:00Z,2021-12-16T12:00:00Z,2022-01-15T06:00:00Z,train
2465,2021-10-17T18:00:00Z,2021-12-16T12:00:00Z,2021-12-16T18:00:00Z,2022-01-15T12:00:00Z,train
2466,2021-10-18T00:00:00Z,2021-12-16T18:00:00Z,2021-12-17T00:00:00Z,2022-01-15T18:00:00Z,train
2467,2021-10-18T06:00:00Z,2021-12-17T00:00:00Z,2021-12-17T06:00:00Z,2022-01-16T00:00:00Z,train
2468,2021-10-18T12:00:00Z,2021-12-17T06:00:00Z,2021-12-17T12:00:00Z,2022-01-16T06:00:00Z,train
2469,2021-10-18T18:00:00Z,2021-12-17T12:00:00Z,2021-12-17T18:00:00Z,2022-01-16T12:00:00Z,train
2470,2021-10-19T00:00:00Z,2021-12-17T18:00:00Z,2021-12-18T00:00:00Z,2022-01-16T18:00:00Z,train
2471,2021-10-19T06:00:00Z,2021-12-18T00:00:00Z,2021-12-18T06:00:00Z,2022-01-17T00:00:00Z,train
2472,2021-10-19T12:00:00Z,2021-12-18T06:00:00Z,2021-12-18T12:00:00Z,2022-01-17T06:00:00Z,train
2473,2021-10-19T18:00:00Z,2021-12-18T12:00:00Z,2021-12-18T18:00:00Z,2022-01-17T12:00:00Z,train
2474,2021-10-20T00:00:00Z,2021-12-18T18:00:00Z,2021-12-19T00:00:00Z,2022-01-17T18:00:00Z,train
2475,2021-10-20T06:00:00Z,2021-12-19T00:00:00Z,2021-12-19T06:00:00Z,2022-01-18T00:00:00Z,train
2476,2021-10-20T12:00:00Z,2021-12-19T06:00:00Z,2021-12-19T12:00:00Z,2022-01-18T06:00:00Z,train
2477,2021-10-20T18:00:00Z,2021-12-19T12:00:00Z,2021-12-19T18:00:00Z,2022-01-18T12:00:00Z,train
2478,2021-10-21T00:00:00Z,2021-12-19T18:00:00Z,2021-12-20T00:00:00Z,2022-01-18T18:00:00Z,train
2479,2021-10-21T06:00:00Z,2021-12-20T00:00:00Z,2021-12-20T06:00:00Z,2022-01-19T00:00:00Z,train
2480,2021-10-21T12:00:00Z,2021-12-20T06:00:00Z,2021-12-20T12:00:00Z,2022-01-19T06:00:00Z,train
2481,2021-10-21T18:00:00Z,2021-12-20T12:00:00Z,2021-12-20T18:00:00Z,2022-01-19T12:00:00Z,train
2482,2021-10-22T00:00:00Z,2021-12-20T18:00:00Z,2021-12-21T00:00:00Z,2022-01-19T18:00:00Z,train
2483,2021-10-22T06:00:00Z,2021-12-21T00:00:00Z,2021-12-21T06:00:00Z,2022-01-20T00:00:00Z,train
2484,2021-10-22T12:00:00Z,2021-12-21T06:00:00Z,2021-12-21T12:00:00Z,2022-01-20T06:00:00Z,train
2485,2021-10-22T18:00:00Z,2021-12-21T12:00:00Z,2021-12-21T18:00:00Z,2022-01-20T12:00:00Z,train
2486,2021-10-23T00:00:00Z,2021-12-21T18:00:00Z,2021-12-22T00:00:00Z,2022-01-20T18:00:00Z,train
2487,2021-10-23T06:00:00Z,2021-12-22T00:00:00Z,2021-12-22T06:00:00Z,2022-01-21T00:00:00Z,train
2488,2021-10-23T12:00:00Z,2021-12-22T06:00:00Z,2021-12-22T12:00:00Z,2022-01-21T06:00:00Z,train
2489,2021-10-23T18:00:00Z,2021-12-22T12:00:00Z,2021-12-22T18:00:00Z,2022-01-21T12:00:00Z,train
2490,2021-10-24T00:00:00Z,2021-12-22T18:00:00Z,2021-12-23T00:00:00Z,2022-01-21T18:00:00Z,train
2491,2021-10-24T06:00:00Z,2021-12-23T00:00:00Z,2021-12-23T06:00:00Z,2022-01-22T00:00:00Z,train
2492,2021-10-24T12:00:00Z,2021-12-23T06:00:00Z,2021-12-23T12:00:00Z,2022-01-22T06:00:00Z,train
2493,2021-10-24T18:00:00Z,2021-12-23T12:00:00Z,2021-12-23T18:00:00Z,2022-01-22T12:00:00Z,train
2494,2021-10-25T00:00:00Z,2021-12-23T18:00:00Z,2021-12-24T00:00:00Z,2022-01-22T18:00:00Z,train
2495,2021-10-25T06:00:00Z,2021-12-24T00:00:00Z,2021-12-24T06:00:00Z,2022-01-23T00:00:00Z,train
2496,2021-10-25T12:00:00Z,2021-12-24T06:00:00Z,2021-12-24T12:00:00Z,2022-01-23T06:00:00Z,train
2497,2021-10-25T18:00:00Z,2021-12-24T12:00:00Z,2021-12-24T18:00:00Z,2022-01-23T12:00:00Z,train
2498,2021-10-26T00:00:00Z,2021-12-24T18:00:00Z,2021-12-25T00:00:00Z,2022-01-23T18:00:00Z,train
2499,2021-10-26T06:00:00Z,2021-12-25T00:00:00Z,2021-12-25T06:00:00Z,2022-01-24T00:00:00Z,train
2500,2021-10-26T12:00:00Z,2021-12-25T06:00:00Z,2021-12-25T12:00:00Z,2022-01-24T06:00:00Z,train
2501,2021-10-26T18:00:00Z,2021-12-25T12:00:00Z,2021-12-25T18:00:00Z,2022-01-24T12:00:00Z,train
2502,2021-10-27T00:00:00Z,2021-12-25T18:00:00Z,2021-12-26T00:00:00Z,2022-01-24T18:00:00Z,train
2503,2021-10-27T06:00:00Z,2021-12-26T00:00:00Z,2021-12-26T06:00:00Z,2022-01-25T00:00:00Z,train
2504,2021-10-27T12:00:00Z,2021-12-26T06:00:00Z,2021-12-26T12:00:00Z,2022-01-25T06:00:00Z,train
2505,2021-10-27T18:00:00Z,2021-12-26T12:00:00Z,2021-12-26T18:00:00Z,2022-01-25T12:00:00Z,train
2506,2021-10-28T00:00:00Z,2021-12-26T18:00:00Z,2021-12-27T00:00:00Z,2022-01-25T18:00:00Z,train
2507,2021-10-28T06:00:00Z,2021-12-27T00:00:00Z,2021-12-27T06:00:00Z,2022-01-26T00:00:00Z,train
2508,2021-10-28T12:00:00Z,2021-12-27T06:00:00Z,2021-12-27T12:00:00Z,2022-01-26T06:00:00Z,train
2509,2021-10-28T18:00:00Z,2021-12-27T12:00:00Z,2021-12-27T18:00:00Z,2022-01-26T12:00:00Z,train
2510,2021-10-29T00:00:00Z,2021-12-27T18:00:00Z,2021-12-28T00:00:00Z,2022-01-26T18:00:00Z,train
2511,2021-10-29T06:00:00Z,2021-12-28T00:00:00Z,2021-12-28T06:00:00Z,2022-01-27T00:00:00Z,train
2512,2021-10-29T12:00:00Z,2021-12-28T06:00:00Z,2021-12-28T12:00:00Z,2022-01-27T06:00:00Z,train
2513,2021-10-29T18:00:00Z,2021-12-28T12:00:00Z,2021-12-28T18:00:00Z,2022-01-27T12:00:00Z,train
2514,2021-10-30T00:00:00Z,2021-12-28T18:00:00Z,2021-12-29T00:00:00Z,2022-01-27T18:00:00Z,train
2515,2021-10-30T06:00:00Z,2021-12-29T00:00:00Z,2021-12-29T06:00:00Z,2022-01-28T00:00:00Z,train
2516,2021-10-30T12:00:00Z,2021-12-29T06:00:00Z,2021-12-29T12:00:00Z,2022-01-28T06:00:00Z,train
2517,2021-10-30T18:00:00Z,2021-12-29T12:00:00Z,2021-12-29T18:00:00Z,2022-01-28T12:00:00Z,train
2518,2021-10-31T00:00:00Z,2021-12-29T18:00:00Z,2021-12-30T00:00:00Z,2022-01-28T18:00:00Z,train
2519,2021-10-31T06:00:00Z,2021-12-30T00:00:00Z,2021-12-30T06:00:00Z,2022-01-29T00:00:00Z,train
2520,2021-10-31T12:00:00Z,2021-12-30T06:00:00Z,2021-12-30T12:00:00Z,2022-01-29T06:00:00Z,train
2521,2021-10-31T18:00:00Z,2021-12-30T12:00:00Z,2021-12-30T18:00:00Z,2022-01-29T12:00:00Z,train
2522,2021-11-01T00:00:00Z,2021-12-30T18:00:00Z,2021-12-31T00:00:00Z,2022-01-29T18:00:00Z,train
2523,2021-11-01T06:00:00Z,2021-12-31T00:00:00Z,2021-12-31T06:00:00Z,2022-01-30T00:00:00Z,train
2524,2021-11-01T12:00:00Z,2021-12-31T06:00:00Z,2021-12-31T12:00:00Z,2022-01-30T06:00:00Z,train
2525,2021-11-01T18:00:00Z,2021-12-31T12:00:00Z,2021-12-31T18:00:00Z,2022-01-30T12:00:00Z,train
2526,2021-11-02T00:00:00Z,2021-12-31T18:00:00Z,2022-01-01T00:00:00Z,2022-01-30T18:00:00Z,train
2527,2021-11-02T06:00:00Z,2022-01-01T00:00:00Z,2022-01-01T06:00:00Z,2022-01-31T00:00:00Z,train
2528,2021-11-02T12:00:00Z,2022-01-01T06:00:00Z,2022-01-01T12:00:00Z,2022-01-31T06:00:00Z,train
2529,2021-11-02T18:00:00Z,2022-01-01T12:00:00Z,2022-01-01T18:00:00Z,2022-01-31T12:00:00Z,train
2530,2021-11-03T00:00:00Z,2022-01-01T18:00:00Z,2022-01-02T00:00:00Z,2022-01-31T18:00:00Z,train
2531,2021-11-03T06:00:00Z,2022-01-02T00:00:00Z,2022-01-02T06:00:00Z,2022-02-01T00:00:00Z,train
2532,2021-11-03T12:00:00Z,2022-01-02T06:00:00Z,2022-01-02T12:00:00Z,2022-02-01T06:00:00Z,train
2533,2021-11-03T18:00:00Z,2022-01-02T12:00:00Z,2022-01-02T18:00:00Z,2022-02-01T12:00:00Z,train
2534,2021-11-04T00:00:00Z,2022-01-02T18:00:00Z,2022-01-03T00:00:00Z,2022-02-01T18:00:00Z,train
2535,2021-11-04T06:00:00Z,2022-01-03T00:00:00Z,2022-01-03T06:00:00Z,2022-02-02T00:00:00Z,train
2536,2021-11-04T12:00:00Z,2022-01-03T06:00:00Z,2022-01-03T12:00:00Z,2022-02-02T06:00:00Z,train
2537,2021-11-04T18:00:00Z,2022-01-03T12:00:00Z,2022-01-03T18:00:00Z,2022-02-02T12:00:00Z,train
2538,2021-11-05T00:00:00Z,2022-01-03T18:00:00Z,2022-01-04T00:00:00Z,2022-02-02T18:00:00Z,train
2539,2021-11-05T06:00:00Z,2022-01-04T00:00:00Z,2022-01-04T06:00:00Z,2022-02-03T00:00:00Z,train
2540,2021-11-05T12:00:00Z,2022-01-04T06:00:00Z,2022-01-04T12:00:00Z,2022-02-03T06:00:00Z,train
2541,2021-11-05T18:00:00Z,2022-01-04T12:00:00Z,2022-01-04T18:00:00Z,2022-02-03T12:00:00Z,train
2542,2021-11-06T00:00:00Z,2022-01-04T18:00:00Z,2022-01-05T00:00:00Z,2022-02-03T18:00:00Z,train
2543,2021-11-06T06:00:00Z,2022-01-05T00:00:00Z,2022-01-05T06:00:00Z,2022-02-04T00:00:00Z,train
2544,2021-11-06T12:00:00Z,2022-01-05T06:00:00Z,2022-01-05T12:00:00Z,2022-02-04T06:00:00Z,train
2545,2021-11-06T18:00:00Z,2022-01-05T12:00:00Z,2022-01-05T18:00:00Z,2022-02-04T12:00:00Z,train
2546,2021-11-07T00:00:00Z,2022-01-05T18:00:00Z,2022-01-06T00:00:00Z,2022-02-04T18:00:00Z,train
2547,2021-11-07T06:00:00Z,2022-01-06T00:00:00Z,2022-01-06T06:00:00Z,2022-02-05T00:00:00Z,train
2548,2021-11-07T12:00:00Z,2022-01-06T06:00:00Z,2022-01-06T12:00:00Z,2022-02-05T06:00:00Z,train
2549,2021-11-07T18:00:00Z,2022-01-06T12:00:00Z,2022-01-06T18:00:00Z,2022-02-05T12:00:00Z,train
2550,2021-11-08T00:00:00Z,2022-01-06T18:00:00Z,2022-01-07T00:00:00Z,2022-02-05T18:00:00Z,train
2551,2021-11-08T06:00:00Z,2022-01-07T00:00:00Z,2022-01-07T06:00:00Z,2022-02-06T00:00:00Z,train
2552,2021-11-08T12:00:00Z,2022-01-07T06:00:00Z,2022-01-07T12:00:00Z,2022-02-06T06:00:00Z,train
2553,2021-11-08T18:00:00Z,2022-01-07T12:00:00Z,2022-01-07T18:00:00Z,2022-02-06T12:00:00Z,train
2554,2021-11-09T00:00:00Z,2022-01-07T18:00:00Z,2022-01-08T00:00:00Z,2022-02-06T18:00:00Z,train
2555,2021-11-09T06:00:00Z,2022-01-08T00:00:00Z,2022-01-08T06:00:00Z,2022-02-07T00:00:00Z,train
2556,2021-11-09T12:00:00Z,2022-01-08T06:00:00Z,2022-01-08T12:00:00Z,2022-02-07T06:00:00Z,train
2557,2021-11-09T18:00:00Z,2022-01-08T12:00:00Z,2022-01-08T18:00:00Z,2022-02-07T12:00:00Z,train
2558,2021-11-10T00:00:00Z,2022-01-08T18:00:00Z,2022-01-09T00:00:00Z,2022-02-07T18:00:00Z,train
2559,2021-11-10T06:00:00Z,2022-01-09T00:00:00Z,2022-01-09T06:00:00Z,2022-02-08T00:00:00Z,train
2560,2021-11-10T12:00:00Z,2022-01-09T06:00:00Z,2022-01-09T12:00:00Z,2022-02-08T06:00:00Z,train
2561,2021-11-10T18:00:00Z,2022-01-09T12:00:00Z,2022-01-09T18:00:00Z,2022-02-08T12:00:00Z,train
2562,2021-11-11T00:00:00Z,2022-01-09T18:00:00Z,2022-01-10T00:00:00Z,2022-02-08T18:00:00Z,train
2563,2021-11-11T06:00:00Z,2022-01-10T00:00:00Z,2022-01-10T06:00:00Z,2022-02-09T00:00:00Z,train
2564,2021-11-11T12:00:00Z,2022-01-10T06:00:00Z,2022-01-10T12:00:00Z,2022-02-09T06:00:00Z,train
2565,2021-11-11T18:00:00Z,2022-01-10T12:00:00Z,2022-01-10T18:00:00Z,2022-02-09T12:00:00Z,train
2566,2021-11-12T00:00:00Z,2022-01-10T18:00:00Z,2022-01-11T00:00:00Z,2022-02-09T18:00:00Z,train
2567,2021-11-12T06:00:00Z,2022-01-11T00:00:00Z,2022-01-11T06:00:00Z,2022-02-10T00:00:00Z,train
2568,2021-11-12T12:00:00Z,2022-01-11T06:00:00Z,2022-01-11T12:00:00Z,2022-02-10T06:00:00Z,train
2569,2021-11-12T18:00:00Z,2022-01-11T12:00:00Z,2022-01-11T18:00:00Z,2022-02-10T12:00:00Z,train
2570,2021-11-13T00:00:00Z,2022-01-11T18:00:00Z,2022-01-12T00:00:00Z,2022-02-10T18:00:00Z,train
2571,2021-11-13T06:00:00Z,2022-01-12T00:00:00Z,2022-01-12T06:00:00Z,2022-02-11T00:00:00Z,train
2572,2021-11-13T12:00:00Z,2022-01-12T06:00:00Z,2022-01-12T12:00:00Z,2022-02-11T06:00:00Z,train
2573,2021-11-13T18:00:00Z,2022-01-12T12:00:00Z,2022-01-12T18:00:00Z,2022-02-11T12:00:00Z,train
2574,2021-11-14T00:00:00Z,2022-01-12T18:00:00Z,2022-01-13T00:00:00Z,2022-02-11T18:00:00Z,train
2575,2021-11-14T06:00:00Z,2022-01-13T00:00:00Z,2022-01-13T06:00:00Z,2022-02-12T00:00:00Z,train
2576,2021-11-14T12:00:00Z,2022-01-13T06:00:00Z,2022-01-13T12:00:00Z,2022-02-12T06:00:00Z,train
2577,2021-11-14T18:00:00Z,2022-01-13T12:00:00Z,2022-01-13T18:00:00Z,2022-02-12T12:00:00Z,train
2578,2021-11-15T00:00:00Z,2022-01-13T18:00:00Z,2022-01-14T00:00:00Z,2022-02-12T18:00:00Z,train
2579,2021-11-15T06:00:00Z,2022-01-14T00:00:00Z,2022-01-14T06:00:00Z,2022-02-13T00:00:00Z,train
2580,2021-11-15T12:00:00Z,2022-01-14T06:00:00Z,2022-01-14T12:00:00Z,2022-02-13T06:00:00Z,train
2581,2021-11-15T18:00:00Z,2022-01-14T12:00:00Z,2022-01-14T18:00:00Z,2022-02-13T12:00:00Z,train
2582,2021-11-16T00:00:00Z,2022-01-14T18:00:00Z,2022-01-15T00:00:00Z,2022-02-13T18:00:00Z,train
2583,2021-11-16T06:00:00Z,2022-01-15T00:00:00Z,2022-01-15T06:00:00Z,2022-02-14T00:00:00Z,train
2584,2021-11-16T12:00:00Z,2022-01-15T06:00:00Z,2022-01-15T12:00:00Z,2022-02-14T06:00:00Z,train
2585,2021-11-16T18:00:00Z,2022-01-15T12:00:00Z,2022-01-15T18:00:00Z,2022-02-14T12:00:00Z,train
2586,2021-11-17T00:00:00Z,2022-01-15T18:00:00Z,2022-01-16T00:00:00Z,2022-02-14T18:00:00Z,train
2587,2021-11-17T06:00:00Z,2022-01-16T00:00:00Z,2022-01-16T06:00:00Z,2022-02-15T00:00:00Z,train
2588,2021-11-17T12:00:00Z,2022-01-16T06:00:00Z,2022-01-16T12:00:00Z,2022-02-15T06:00:00Z,train
2589,2021-11-17T18:00:00Z,2022-01-16T12:00:00Z,2022-01-16T18:00:00Z,2022-02-15T12:00:00Z,train
2590,2021-11-18T00:00:00Z,2022-01-16T18:00:00Z,2022-01-17T00:00:00Z,2022-02-15T18:00:00Z,train
2591,2021-11-18T06:00:00Z,2022-01-17T00:00:00Z,2022-01-17T06:00:00Z,2022-02-16T00:00:00Z,train
2592,2021-11-18T12:00:00Z,2022-01-17T06:00:00Z,2022-01-17T12:00:00Z,2022-02-16T06:00:00Z,train
2593,2021-11-18T18:00:00Z,2022-01-17T12:00:00Z,2022-01-17T18:00:00Z,2022-02-16T12:00:00Z,train
2594,2021-11-19T00:00:00Z,2022-01-17T18:00:00Z,2022-01-18T00:00:00Z,2022-02-16T18:00:00Z,train
2595,2021-11-19T06:00:00Z,2022-01-18T00:00:00Z,2022-01-18T06:00:00Z,2022-02-17T00:00:00Z,train
2596,2021-11-19T12:00:00Z,2022-01-18T06:00:00Z,2022-01-18T12:00:00Z,2022-02-17T06:00:00Z,train
2597,2021-11-19T18:00:00Z,2022-01-18T12:00:00Z,2022-01-18T18:00:00Z,2022-02-17T12:00:00Z,train
2598,2021-11-20T00:00:00Z,2022-01-18T18:00:00Z,2022-01-19T00:00:00Z,2022-02-17T18:00:00Z,train
2599,2021-11-20T06:00:00Z,2022-01-19T00:00:00Z,2022-01-19T06:00:00Z,2022-02-18T00:00:00Z,train
2600,2021-11-20T12:00:00Z,2022-01-19T06:00:00Z,2022-01-19T12:00:00Z,2022-02-18T06:00:00Z,train
2601,2021-11-20T18:00:00Z,2022-01-19T12:00:00Z,2022-01-19T18:00:00Z,2022-02-18T12:00:00Z,train
2602,2021-11-21T00:00:00Z,2022-01-19T18:00:00Z,2022-01-20T00:00:00Z,2022-02-18T18:00:00Z,train
2603,2021-11-21T06:00:00Z,2022-01-20T00:00:00Z,2022-01-20T06:00:00Z,2022-02-19T00:00:00Z,train
2604,2021-11-21T12:00:00Z,2022-01-20T06:00:00Z,2022-01-20T12:00:00Z,2022-02-19T06:00:00Z,train
2605,2021-11-21T18:00:00Z,2022-01-20T12:00:00Z,2022-01-20T18:00:00Z,2022-02-19T12:00:00Z,train
2606,2021-11-22T00:00:00Z,2022-01-20T18:00:00Z,2022-01-21T00:00:00Z,2022-02-19T18:00:00Z,train
2607,2021-11-22T06:00:00Z,2022-01-21T00:00:00Z,2022-01-21T06:00:00Z,2022-02-20T00:00:00Z,train
2608,2021-11-22T12:00:00Z,2022-01-21T06:00:00Z,2022-01-21T12:00:00Z,2022-02-20T06:00:00Z,train
2609,2021-11-22T18:00:00Z,2022-01-21T12:00:00Z,2022-01-21T18:00:00Z,2022-02-20T12:00:00Z,train
2610,2021-11-23T00:00:00Z,2022-01-21T18:00:00Z,2022-01-22T00:00:00Z,2022-02-20T18:00:00Z,train
2611,2021-11-23T06:00:00Z,2022-01-22T00:00:00Z,2022-01-22T06:00:00Z,2022-02-21T00:00:00Z,train
2612,2021-11-23T12:00:00Z,2022-01-22T06:00:00Z,2022-01-22T12:00:00Z,2022-02-21T06:00:00Z,train
2613,2021-11-23T18:00:00Z,2022-01-22T12:00:00Z,2022-01-22T18:00:00Z,2022-02-21T12:00:00Z,train
2614,2021-11-24T00:00:00Z,2022-01-22T18:00:00Z,2022-01-23T00:00:00Z,2022-02-21T18:00:00Z,train
2615,2021-11-24T06:00:00Z,2022-01-23T00:00:00Z,2022-01-23T06:00:00Z,2022-02-22T00:00:00Z,train
2616,2021-11-24T12:00:00Z,2022-01-23T06:00:00Z,2022-01-23T12:00:00Z,2022-02-22T06:00:00Z,train
2617,2021-11-24T18:00:00Z,2022-01-23T12:00:00Z,2022-01-23T18:00:00Z,2022-02-22T12:00:00Z,train
2618,2021-11-25T00:00:00Z,2022-01-23T18:00:00Z,2022-01-24T00:00:00Z,2022-02-22T18:00:00Z,train
2619,2021-11-25T06:00:00Z,2022-01-24T00:00:00Z,2022-01-24T06:00:00Z,2022-02-23T00:00:00Z,train
2620,2021-11-25T12:00:00Z,2022-01-24T06:00:00Z,2022-01-24T12:00:00Z,2022-02-23T06:00:00Z,train
2621,2021-11-25T18:00:00Z,2022-01-24T12:00:00Z,2022-01-24T18:00:00Z,2022-02-23T12:00:00Z,train
2622,2021-11-26T00:00:00Z,2022-01-24T18:00:00Z,2022-01-25T00:00:00Z,2022-02-23T18:00:00Z,train
2623,2021-11-26T06:00:00Z,2022-01-25T00:00:00Z,2022-01-25T06:00:00Z,2022-02-24T00:00:00Z,train
2624,2021-11-26T12:00:00Z,2022-01-25T06:00:00Z,2022-01-25T12:00:00Z,2022-02-24T06:00:00Z,train
2625,2021-11-26T18:00:00Z,2022-01-25T12:00:00Z,2022-01-25T18:00:00Z,2022-02-24T12:00:00Z,train
2626,2021-11-27T00:00:00Z,2022-01-25T18:00:00Z,2022-01-26T00:00:00Z,2022-02-24T18:00:00Z,train
2627,2021-11-27T06:00:00Z,2022-01-26T00:00:00Z,2022-01-26T06:00:00Z,2022-02-25T00:00:00Z,train
2628,2021-11-27T12:00:00Z,2022-01-26T06:00:00Z,2022-01-26T12:00:00Z,2022-02-25T06:00:00Z,train
2629,2021-11-27T18:00:00Z,2022-01-26T12:00:00Z,2022-01-26T18:00:00Z,2022-02-25T12:00:00Z,train
2630,2021-11-28T00:00:00Z,2022-01-26T18:00:00Z,2022-01-27T00:00:00Z,2022-02-25T18:00:00Z,train
2631,2021-11-28T06:00:00Z,2022-01-27T00:00:00Z,2022-01-27T06:00:00Z,2022-02-26T00:00:00Z,train
2632,2021-11-28T12:00:00Z,2022-01-27T06:00:00Z,2022-01-27T12:00:00Z,2022-02-26T06:00:00Z,train
2633,2021-11-28T18:00:00Z,2022-01-27T12:00:00Z,2022-01-27T18:00:00Z,2022-02-26T12:00:00Z,train
2634,2021-11-29T00:00:00Z,2022-01-27T18:00:00Z,2022-01-28T00:00:00Z,2022-02-26T18:00:00Z,train
2635,2021-11-29T06:00:00Z,2022-01-28T00:00:00Z,2022-01-28T06:00:00Z,2022-02-27T00:00:00Z,train
2636,2021-11-29T12:00:00Z,2022-01-28T06:00:00Z,2022-01-28T12:00:00Z,2022-02-27T06:00:00Z,train
2637,2021-11-29T18:00:00Z,2022-01-28T12:00:00Z,2022-01-28T18:00:00Z,2022-02-27T12:00:00Z,train
2638,2021-11-30T00:00:00Z,2022-01-28T18:00:00Z,2022-01-29T00:00:00Z,2022-02-27T18:00:00Z,train
2639,2021-11-30T06:00:00Z,2022-01-29T00:00:00Z,2022-01-29T06:00:00Z,2022-02-28T00:00:00Z,train
2640,2021-11-30T12:00:00Z,2022-01-29T06:00:00Z,2022-01-29T12:00:00Z,2022-02-28T06:00:00Z,train
2641,2021-11-30T18:00:00Z,2022-01-29T12:00:00Z,2022-01-29T18:00:00Z,2022-02-28T12:00:00Z,train
2642,2021-12-01T00:00:00Z,2022-01-29T18:00:00Z,2022-01-30T00:00:00Z,2022-02-28T18:00:00Z,train
2643,2021-12-01T06:00:00Z,2022-01-30T00:00:00Z,2022-01-30T06:00:00Z,2022-03-01T00:00:00Z,train
2644,2021-12-01T12:00:00Z,2022-01-30T06:00:00Z,2022-01-30T12:00:00Z,2022-03-01T06:00:00Z,train
2645,2021-12-01T18:00:00Z,2022-01-30T12:00:00Z,2022-01-30T18:00:00Z,2022-03-01T12:00:00Z,train
2646,2021-12-02T00:00:00Z,2022-01-30T18:00:00Z,2022-01-31T00:00:00Z,2022-03-01T18:00:00Z,train
2647,2021-12-02T06:00:00Z,2022-01-31T00:00:00Z,2022-01-31T06:00:00Z,2022-03-02T00:00:00Z,train
2648,2021-12-02T12:00:00Z,2022-01-31T06:00:00Z,2022-01-31T12:00:00Z,2022-03-02T06:00:00Z,train
2649,2021-12-02T18:00:00Z,2022-01-31T12:00:00Z,2022-01-31T18:00:00Z,2022-03-02T12:00:00Z,train
2650,2021-12-03T00:00:00Z,2022-01-31T18:00:00Z,2022-02-01T00:00:00Z,2022-03-02T18:00:00Z,train
2651,2021-12-03T06:00:00Z,2022-02-01T00:00:00Z,2022-02-01T06:00:00Z,2022-03-03T00:00:00Z,train
2652,2021-12-03T12:00:00Z,2022-02-01T06:00:00Z,2022-02-01T12:00:00Z,2022-03-03T06:00:00Z,train
2653,2021-12-03T18:00:00Z,2022-02-01T12:00:00Z,2022-02-01T18:00:00Z,2022-03-03T12:00:00Z,train
2654,2021-12-04T00:00:00Z,2022-02-01T18:00:00Z,2022-02-02T00:00:00Z,2022-03-03T18:00:00Z,train
2655,2021-12-04T06:00:00Z,2022-02-02T00:00:00Z,2022-02-02T06:00:00Z,2022-03-04T00:00:00Z,train
2656,2021-12-04T12:00:00Z,2022-02-02T06:00:00Z,2022-02-02T12:00:00Z,2022-03-04T06:00:00Z,train
2657,2021-12-04T18:00:00Z,2022-02-02T12:00:00Z,2022-02-02T18:00:00Z,2022-03-04T12:00:00Z,train
2658,2021-12-05T00:00:00Z,2022-02-02T18:00:00Z,2022-02-03T00:00:00Z,2022-03-04T18:00:00Z,train
2659,2021-12-05T06:00:00Z,2022-02-03T00:00:00Z,2022-02-03T06:00:00Z,2022-03-05T00:00:00Z,train
2660,2021-12-05T12:00:00Z,2022-02-03T06:00:00Z,2022-02-03T12:00:00Z,2022-03-05T06:00:00Z,train
2661,2021-12-05T18:00:00Z,2022-02-03T12:00:00Z,2022-02-03T18:00:00Z,2022-03-05T12:00:00Z,train
2662,2021-12-06T00:00:00Z,2022-02-03T18:00:00Z,2022-02-04T00:00:00Z,2022-03-05T18:00:00Z,train
2663,2021-12-06T06:00:00Z,2022-02-04T00:00:00Z,2022-02-04T06:00:00Z,2022-03-06T00:00:00Z,train
2664,2021-12-06T12:00:00Z,2022-02-04T06:00:00Z,2022-02-04T12:00:00Z,2022-03-06T06:00:00Z,train
2665,2021-12-06T18:00:00Z,2022-02-04T12:00:00Z,2022-02-04T18:00:00Z,2022-03-06T12:00:00Z,train
2666,2021-12-07T00:00:00Z,2022-02-04T18:00:00Z,2022-02-05T00:00:00Z,2022-03-06T18:00:00Z,train
2667,2021-12-07T06:00:00Z,2022-02-05T00:00:00Z,2022-02-05T06:00:00Z,2022-03-07T00:00:00Z,train
2668,2021-12-07T12:00:00Z,2022-02-05T06:00:00Z,2022-02-05T12:00:00Z,2022-03-07T06:00:00Z,train
2669,2021-12-07T18:00:00Z,2022-02-05T12:00:00Z,2022-02-05T18:00:00Z,2022-03-07T12:00:00Z,train
2670,2021-12-08T00:00:00Z,2022-02-05T18:00:00Z,2022-02-06T00:00:00Z,2022-03-07T18:00:00Z,train
2671,2021-12-08T06:00:00Z,2022-02-06T00:00:00Z,2022-02-06T06:00:00Z,2022-03-08T00:00:00Z,train
2672,2021-12-08T12:00:00Z,2022-02-06T06:00:00Z,2022-02-06T12:00:00Z,2022-03-08T06:00:00Z,train
2673,2021-12-08T18:00:00Z,2022-02-06T12:00:00Z,2022-02-06T18:00:00Z,2022-03-08T12:00:00Z,train
2674,2021-12-09T00:00:00Z,2022-02-06T18:00:00Z,2022-02-07T00:00:00Z,2022-03-08T18:00:00Z,train
2675,2021-12-09T06:00:00Z,2022-02-07T00:00:00Z,2022-02-07T06:00:00Z,2022-03-09T00:00:00Z,train
2676,2021-12-09T12:00:00Z,2022-02-07T06:00:00Z,2022-02-07T12:00:00Z,2022-03-09T06:00:00Z,train
2677,2021-12-09T18:00:00Z,2022-02-07T12:00:00Z,2022-02-07T18:00:00Z,2022-03-09T12:00:00Z,train
2678,2021-12-10T00:00:00Z,2022-02-07T18:00:00Z,2022-02-08T00:00:00Z,2022-03-09T18:00:00Z,train
2679,2021-12-10T06:00:00Z,2022-02-08T00:00:00Z,2022-02-08T06:00:00Z,2022-03-10T00:00:00Z,train
2680,2021-12-10T12:00:00Z,2022-02-08T06:00:00Z,2022-02-08T12:00:00Z,2022-03-10T06:00:00Z,train
2681,2021-12-10T18:00:00Z,2022-02-08T12:00:00Z,2022-02-08T18:00:00Z,2022-03-10T12:00:00Z,train
2682,2021-12-11T00:00:00Z,2022-02-08T18:00:00Z,2022-02-09T00:00:00Z,2022-03-10T18:00:00Z,train
2683,2021-12-11T06:00:00Z,2022-02-09T00:00:00Z,2022-02-09T06:00:00Z,2022-03-11T00:00:00Z,train
2684,2021-12-11T12:00:00Z,2022-02-09T06:00:00Z,2022-02-09T12:00:00Z,2022-03-11T06:00:00Z,train
2685,2021-12-11T18:00:00Z,2022-02-09T12:00:00Z,2022-02-09T18:00:00Z,2022-03-11T12:00:00Z,train
2686,2021-12-12T00:00:00Z,2022-02-09T18:00:00Z,2022-02-10T00:00:00Z,2022-03-11T18:00:00Z,train
2687,2021-12-12T06:00:00Z,2022-02-10T00:00:00Z,2022-02-10T06:00:00Z,2022-03-12T00:00:00Z,train
2688,2021-12-12T12:00:00Z,2022-02-10T06:00:00Z,2022-02-10T12:00:00Z,2022-03-12T06:00:00Z,train
2689,2021-12-12T18:00:00Z,2022-02-10T12:00:00Z,2022-02-10T18:00:00Z,2022-03-12T12:00:00Z,train
2690,2021-12-13T00:00:00Z,2022-02-10T18:00:00Z,2022-02-11T00:00:00Z,2022-03-12T18:00:00Z,train
2691,2021-12-13T06:00:00Z,2022-02-11T00:00:00Z,2022-02-11T06:00:00Z,2022-03-13T00:00:00Z,train
2692,2021-12-13T12:00:00Z,2022-02-11T06:00:00Z,2022-02-11T12:00:00Z,2022-03-13T06:00:00Z,train
2693,2021-12-13T18:00:00Z,2022-02-11T12:00:00Z,2022-02-11T18:00:00Z,2022-03-13T12:00:00Z,train
2694,2021-12-14T00:00:00Z,2022-02-11T18:00:00Z,2022-02-12T00:00:00Z,2022-03-13T18:00:00Z,train
2695,2021-12-14T06:00:00Z,2022-02-12T00:00:00Z,2022-02-12T06:00:00Z,2022-03-14T00:00:00Z,train
2696,2021-12-14T12:00:00Z,2022-02-12T06:00:00Z,2022-02-12T12:00:00Z,2022-03-14T06:00:00Z,train
2697,2021-12-14T18:00:00Z,2022-02-12T12:00:00Z,2022-02-12T18:00:00Z,2022-03-14T12:00:00Z,train
2698,2021-12-15T00:00:00Z,2022-02-12T18:00:00Z,2022-02-13T00:00:00Z,2022-03-14T18:00:00Z,train
2699,2021-12-15T06:00:00Z,2022-02-13T00:00:00Z,2022-02-13T06:00:00Z,2022-03-15T00:00:00Z,train
2700,2021-12-15T12:00:00Z,2022-02-13T06:00:00Z,2022-02-13T12:00:00Z,2022-03-15T06:00:00Z,train
2701,2021-12-15T18:00:00Z,2022-02-13T12:00:00Z,2022-02-13T18:00:00Z,2022-03-15T12:00:00Z,train
2702,2021-12-16T00:00:00Z,2022-02-13T18:00:00Z,2022-02-14T00:00:00Z,2022-03-15T18:00:00Z,train
2703,2021-12-16T06:00:00Z,2022-02-14T00:00:00Z,2022-02-14T06:00:00Z,2022-03-16T00:00:00Z,train
2704,2021-12-16T12:00:00Z,2022-02-14T06:00:00Z,2022-02-14T12:00:00Z,2022-03-16T06:00:00Z,train
2705,2021-12-16T18:00:00Z,2022-02-14T12:00:00Z,2022-02-14T18:00:00Z,2022-03-16T12:00:00Z,train
2706,2021-12-17T00:00:00Z,2022-02-14T18:00:00Z,2022-02-15T00:00:00Z,2022-03-16T18:00:00Z,train
2707,2021-12-17T06:00:00Z,2022-02-15T00:00:00Z,2022-02-15T06:00:00Z,2022-03-17T00:00:00Z,train
2708,2021-12-17T12:00:00Z,2022-02-15T06:00:00Z,2022-02-15T12:00:00Z,2022-03-17T06:00:00Z,train
2709,2021-12-17T18:00:00Z,2022-02-15T12:00:00Z,2022-02-15T18:00:00Z,2022-03-17T12:00:00Z,train
2710,2021-12-18T00:00:00Z,2022-02-15T18:00:00Z,2022-02-16T00:00:00Z,2022-03-17T18:00:00Z,train
2711,2021-12-18T06:00:00Z,2022-02-16T00:00:00Z,2022-02-16T06:00:00Z,2022-03-18T00:00:00Z,train
2712,2021-12-18T12:00:00Z,2022-02-16T06:00:00Z,2022-02-16T12:00:00Z,2022-03-18T06:00:00Z,train
2713,2021-12-18T18:00:00Z,2022-02-16T12:00:00Z,2022-02-16T18:00:00Z,2022-03-18T12:00:00Z,train
2714,2021-12-19T00:00:00Z,2022-02-16T18:00:00Z,2022-02-17T00:00:00Z,2022-03-18T18:00:00Z,train
2715,2021-12-19T06:00:00Z,2022-02-17T00:00:00Z,2022-02-17T06:00:00Z,2022-03-19T00:00:00Z,train
2716,2021-12-19T12:00:00Z,2022-02-17T06:00:00Z,2022-02-17T12:00:00Z,2022-03-19T06:00:00Z,train
2717,2021-12-19T18:00:00Z,2022-02-17T12:00:00Z,2022-02-17T18:00:00Z,2022-03-19T12:00:00Z,train
2718,2021-12-20T00:00:00Z,2022-02-17T18:00:00Z,2022-02-18T00:00:00Z,2022-03-19T18:00:00Z,train
2719,2021-12-20T06:00:00Z,2022-02-18T00:00:00Z,2022-02-18T06:00:00Z,2022-03-20T00:00:00Z,train
2720,2021-12-20T12:00:00Z,2022-02-18T06:00:00Z,2022-02-18T12:00:00Z,2022-03-20T06:00:00Z,train
2721,2021-12-20T18:00:00Z,2022-02-18T12:00:00Z,2022-02-18T18:00:00Z,2022-03-20T12:00:00Z,train
2722,2021-12-21T00:00:00Z,2022-02-18T18:00:00Z,2022-02-19T00:00:00Z,2022-03-20T18:00:00Z,train
2723,2021-12-21T06:00:00Z,2022-02-19T00:00:00Z,2022-02-19T06:00:00Z,2022-03-21T00:00:00Z,train
2724,2021-12-21T12:00:00Z,2022-02-19T06:00:00Z,2022-02-19T12:00:00Z,2022-03-21T06:00:00Z,train
2725,2021-12-21T18:00:00Z,2022-02-19T12:00:00Z,2022-02-19T18:00:00Z,2022-03-21T12:00:00Z,train
2726,2021-12-22T00:00:00Z,2022-02-19T18:00:00Z,2022-02-20T00:00:00Z,2022-03-21T18:00:00Z,train
2727,2021-12-22T06:00:00Z,2022-02-20T00:00:00Z,2022-02-20T06:00:00Z,2022-03-22T00:00:00Z,train
2728,2021-12-22T12:00:00Z,2022-02-20T06:00:00Z,2022-02-20T12:00:00Z,2022-03-22T06:00:00Z,train
2729,2021-12-22T18:00:00Z,2022-02-20T12:00:00Z,2022-02-20T18:00:00Z,2022-03-22T12:00:00Z,train
2730,2021-12-23T00:00:00Z,2022-02-20T18:00:00Z,2022-02-21T00:00:00Z,2022-03-22T18:00:00Z,train
2731,2021-12-23T06:00:00Z,2022-02-21T00:00:00Z,2022-02-21T06:00:00Z,2022-03-23T00:00:00Z,train
2732,2021-12-23T12:00:00Z,2022-02-21T06:00:00Z,2022-02-21T12:00:00Z,2022-03-23T06:00:00Z,train
2733,2021-12-23T18:00:00Z,2022-02-21T12:00:00Z,2022-02-21T18:00:00Z,2022-03-23T12:00:00Z,train
2734,2021-12-24T00:00:00Z,2022-02-21T18:00:00Z,2022-02-22T00:00:00Z,2022-03-23T18:00:00Z,train
2735,2021-12-24T06:00:00Z,2022-02-22T00:00:00Z,2022-02-22T06:00:00Z,2022-03-24T00:00:00Z,train
2736,2021-12-24T12:00:00Z,2022-02-22T06:00:00Z,2022-02-22T12:00:00Z,2022-03-24T06:00:00Z,train
2737,2021-12-24T18:00:00Z,2022-02-22T12:00:00Z,2022-02-22T18:00:00Z,2022-03-24T12:00:00Z,train
2738,2021-12-25T00:00:00Z,2022-02-22T18:00:00Z,2022-02-23T00:00:00Z,2022-03-24T18:00:00Z,train
2739,2021-12-25T06:00:00Z,2022-02-23T00:00:00Z,2022-02-23T06:00:00Z,2022-03-25T00:00:00Z,train
2740,2021-12-25T12:00:00Z,2022-02-23T06:00:00Z,2022-02-23T12:00:00Z,2022-03-25T06:00:00Z,train
2741,2021-12-25T18:00:00Z,2022-02-23T12:00:00Z,2022-02-23T18:00:00Z,2022-03-25T12:00:00Z,train
2742,2021-12-26T00:00:00Z,2022-02-23T18:00:00Z,2022-02-24T00:00:00Z,2022-03-25T18:00:00Z,train
2743,2021-12-26T06:00:00Z,2022-02-24T00:00:00Z,2022-02-24T06:00:00Z,2022-03-26T00:00:00Z,train
2744,2021-12-26T12:00:00Z,2022-02-24T06:00:00Z,2022-02-24T12:00:00Z,2022-03-26T06:00:00Z,train
2745,2021-12-26T18:00:00Z,2022-02-24T12:00:00Z,2022-02-24T18:00:00Z,2022-03-26T12:00:00Z,train
2746,2021-12-27T00:00:00Z,2022-02-24T18:00:00Z,2022-02-25T00:00:00Z,2022-03-26T18:00:00Z,train
2747,2021-12-27T06:00:00Z,2022-02-25T00:00:00Z,2022-02-25T06:00:00Z,2022-03-27T00:00:00Z,train
2748,2021-12-27T12:00:00Z,2022-02-25T06:00:00Z,2022-02-25T12:00:00Z,2022-03-27T06:00:00Z,train
2749,2021-12-27T18:00:00Z,2022-02-25T12:00:00Z,2022-02-25T18:00:00Z,2022-03-27T12:00:00Z,train
2750,2021-12-28T00:00:00Z,2022-02-25T18:00:00Z,2022-02-26T00:00:00Z,2022-03-27T18:00:00Z,train
2751,2021-12-28T06:00:00Z,2022-02-26T00:00:00Z,2022-02-26T06:00:00Z,2022-03-28T00:00:00Z,train
2752,2021-12-28T12:00:00Z,2022-02-26T06:00:00Z,2022-02-26T12:00:00Z,2022-03-28T06:00:00Z,train
2753,2021-12-28T18:00:00Z,2022-02-26T12:00:00Z,2022-02-26T18:00:00Z,2022-03-28T12:00:00Z,train
2754,2021-12-29T00:00:00Z,2022-02-26T18:00:00Z,2022-02-27T00:00:00Z,2022-03-28T18:00:00Z,train
2755,2021-12-29T06:00:00Z,2022-02-27T00:00:00Z,2022-02-27T06:00:00Z,2022-03-29T00:00:00Z,train
2756,2021-12-29T12:00:00Z,2022-02-27T06:00:00Z,2022-02-27T12:00:00Z,2022-03-29T06:00:00Z,train
2757,2021-12-29T18:00:00Z,2022-02-27T12:00:00Z,2022-02-27T18:00:00Z,2022-03-29T12:00:00Z,train
2758,2021-12-30T00:00:00Z,2022-02-27T18:00:00Z,2022-02-28T00:00:00Z,2022-03-29T18:00:00Z,train
2759,2021-12-30T06:00:00Z,2022-02-28T00:00:00Z,2022-02-28T06:00:00Z,2022-03-30T00:00:00Z,train
2760,2021-12-30T12:00:00Z,2022-02-28T06:00:00Z,2022-02-28T12:00:00Z,2022-03-30T06:00:00Z,train
2761,2021-12-30T18:00:00Z,2022-02-28T12:00:00Z,2022-02-28T18:00:00Z,2022-03-30T12:00:00Z,train
2762,2021-12-31T00:00:00Z,2022-02-28T18:00:00Z,2022-03-01T00:00:00Z,2022-03-30T18:00:00Z,train
2763,2021-12-31T06:00:00Z,2022-03-01T00:00:00Z,2022-03-01T06:00:00Z,2022-03-31T00:00:00Z,train
2764,2021-12-31T12:00:00Z,2022-03-01T06:00:00Z,2022-03-01T12:00:00Z,2022-03-31T06:00:00Z,train
2765,2021-12-31T18:00:00Z,2022-03-01T12:00:00Z,2022-03-01T18:00:00Z,2022-03-31T12:00:00Z,train
2766,2022-01-01T00:00:00Z,2022-03-01T18:00:00Z,2022-03-02T00:00:00Z,2022-03-31T18:00:00Z,train
2767,2022-01-01T06:00:00Z,2022-03-02T00:00:00Z,2022-03-02T06:00:00Z,2022-04-01T00:00:00Z,train
2768,2022-01-01T12:00:00Z,2022-03-02T06:00:00Z,2022-03-02T12:00:00Z,2022-04-01T06:00:00Z,train
2769,2022-01-01T18:00:00Z,2022-03-02T12:00:00Z,2022-03-02T18:00:00Z,2022-04-01T12:00:00Z,train
2770,2022-01-02T00:00:00Z,2022-03-02T18:00:00Z,2022-03-03T00:00:00Z,2022-04-01T18:00:00Z,train
2771,2022-01-02T06:00:00Z,2022-03-03T00:00:00Z,2022-03-03T06:00:00Z,2022-04-02T00:00:00Z,train
2772,2022-01-02T12:00:00Z,2022-03-03T06:00:00Z,2022-03-03T12:00:00Z,2022-04-02T06:00:00Z,train
2773,2022-01-02T18:00:00Z,2022-03-03T12:00:00Z,2022-03-03T18:00:00Z,2022-04-02T12:00:00Z,train
2774,2022-01-03T00:00:00Z,2022-03-03T18:00:00Z,2022-03-04T00:00:00Z,2022-04-02T18:00:00Z,train
2775,2022-01-03T06:00:00Z,2022-03-04T00:00:00Z,2022-03-04T06:00:00Z,2022-04-03T00:00:00Z,train
2776,2022-01-03T12:00:00Z,2022-03-04T06:00:00Z,2022-03-04T12:00:00Z,2022-04-03T06:00:00Z,train
2777,2022-01-03T18:00:00Z,2022-03-04T12:00:00Z,2022-03-04T18:00:00Z,2022-04-03T12:00:00Z,train
2778,2022-01-04T00:00:00Z,2022-03-04T18:00:00Z,2022-03-05T00:00:00Z,2022-04-03T18:00:00Z,train
2779,2022-01-04T06:00:00Z,2022-03-05T00:00:00Z,2022-03-05T06:00:00Z,2022-04-04T00:00:00Z,train
2780,2022-01-04T12:00:00Z,2022-03-05T06:00:00Z,2022-03-05T12:00:00Z,2022-04-04T06:00:00Z,train
2781,2022-01-04T18:00:00Z,2022-03-05T12:00:00Z,2022-03-05T18:00:00Z,2022-04-04T12:00:00Z,train
2782,2022-01-05T00:00:00Z,2022-03-05T18:00:00Z,2022-03-06T00:00:00Z,2022-04-04T18:00:00Z,train
2783,2022-01-05T06:00:00Z,2022-03-06T00:00:00Z,2022-03-06T06:00:00Z,2022-04-05T00:00:00Z,train
2784,2022-01-05T12:00:00Z,2022-03-06T06:00:00Z,2022-03-06T12:00:00Z,2022-04-05T06:00:00Z,train
2785,2022-01-05T18:00:00Z,2022-03-06T12:00:00Z,2022-03-06T18:00:00Z,2022-04-05T12:00:00Z,train
2786,2022-01-06T00:00:00Z,2022-03-06T18:00:00Z,2022-03-07T00:00:00Z,2022-04-05T18:00:00Z,train
2787,2022-01-06T06:00:00Z,2022-03-07T00:00:00Z,2022-03-07T06:00:00Z,2022-04-06T00:00:00Z,train
2788,2022-01-06T12:00:00Z,2022-03-07T06:00:00Z,2022-03-07T12:00:00Z,2022-04-06T06:00:00Z,train
2789,2022-01-06T18:00:00Z,2022-03-07T12:00:00Z,2022-03-07T18:00:00Z,2022-04-06T12:00:00Z,train
2790,2022-01-07T00:00:00Z,2022-03-07T18:00:00Z,2022-03-08T00:00:00Z,2022-04-06T18:00:00Z,train
2791,2022-01-07T06:00:00Z,2022-03-08T00:00:00Z,2022-03-08T06:00:00Z,2022-04-07T00:00:00Z,train
2792,2022-01-07T12:00:00Z,2022-03-08T06:00:00Z,2022-03-08T12:00:00Z,2022-04-07T06:00:00Z,train
2793,2022-01-07T18:00:00Z,2022-03-08T12:00:00Z,2022-03-08T18:00:00Z,2022-04-07T12:00:00Z,train
2794,2022-01-08T00:00:00Z,2022-03-08T18:00:00Z,2022-03-09T00:00:00Z,2022-04-07T18:00:00Z,train
2795,2022-01-08T06:00:00Z,2022-03-09T00:00:00Z,2022-03-09T06:00:00Z,2022-04-08T00:00:00Z,train
2796,2022-01-08T12:00:00Z,2022-03-09T06:00:00Z,2022-03-09T12:00:00Z,2022-04-08T06:00:00Z,train
2797,2022-01-08T18:00:00Z,2022-03-09T12:00:00Z,2022-03-09T18:00:00Z,2022-04-08T12:00:00Z,train
2798,2022-01-09T00:00:00Z,2022-03-09T18:00:00Z,2022-03-10T00:00:00Z,2022-04-08T18:00:00Z,train
2799,2022-01-09T06:00:00Z,2022-03-10T00:00:00Z,2022-03-10T06:00:00Z,2022-04-09T00:00:00Z,train
2800,2022-01-09T12:00:00Z,2022-03-10T06:00:00Z,2022-03-10T12:00:00Z,2022-04-09T06:00:00Z,train
2801,2022-01-09T18:00:00Z,2022-03-10T12:00:00Z,2022-03-10T18:00:00Z,2022-04-09T12:00:00Z,train
2802,2022-01-10T00:00:00Z,2022-03-10T18:00:00Z,2022-03-11T00:00:00Z,2022-04-09T18:00:00Z,train
2803,2022-01-10T06:00:00Z,2022-03-11T00:00:00Z,2022-03-11T06:00:00Z,2022-04-10T00:00:00Z,train
2804,2022-01-10T12:00:00Z,2022-03-11T06:00:00Z,2022-03-11T12:00:00Z,2022-04-10T06:00:00Z,train
2805,2022-01-10T18:00:00Z,2022-03-11T12:00:00Z,2022-03-11T18:00:00Z,2022-04-10T12:00:00Z,train
2806,2022-01-11T00:00:00Z,2022-03-11T18:00:00Z,2022-03-12T00:00:00Z,2022-04-10T18:00:00Z,train
2807,2022-01-11T06:00:00Z,2022-03-12T00:00:00Z,2022-03-12T06:00:00Z,2022-04-11T00:00:00Z,train
2808,2022-01-11T12:00:00Z,2022-03-12T06:00:00Z,2022-03-12T12:00:00Z,2022-04-11T06:00:00Z,train
2809,2022-01-11T18:00:00Z,2022-03-12T12:00:00Z,2022-03-12T18:00:00Z,2022-04-11T12:00:00Z,train
2810,2022-01-12T00:00:00Z,2022-03-12T18:00:00Z,2022-03-13T00:00:00Z,2022-04-11T18:00:00Z,train
2811,2022-01-12T06:00:00Z,2022-03-13T00:00:00Z,2022-03-13T06:00:00Z,2022-04-12T00:00:00Z,train
2812,2022-01-12T12:00:00Z,2022-03-13T06:00:00Z,2022-03-13T12:00:00Z,2022-04-12T06:00:00Z,train
2813,2022-01-12T18:00:00Z,2022-03-13T12:00:00Z,2022-03-13T18:00:00Z,2022-04-12T12:00:00Z,train
2814,2022-01-13T00:00:00Z,2022-03-13T18:00:00Z,2022-03-14T00:00:00Z,2022-04-12T18:00:00Z,train
2815,2022-01-13T06:00:00Z,2022-03-14T00:00:00Z,2022-03-14T06:00:00Z,2022-04-13T00:00:00Z,train
2816,2022-01-13T12:00:00Z,2022-03-14T06:00:00Z,2022-03-14T12:00:00Z,2022-04-13T06:00:00Z,train
2817,2022-01-13T18:00:00Z,2022-03-14T12:00:00Z,2022-03-14T18:00:00Z,2022-04-13T12:00:00Z,train
2818,2022-01-14T00:00:00Z,2022-03-14T18:00:00Z,2022-03-15T00:00:00Z,2022-04-13T18:00:00Z,train
2819,2022-01-14T06:00:00Z,2022-03-15T00:00:00Z,2022-03-15T06:00:00Z,2022-04-14T00:00:00Z,train
2820,2022-01-14T12:00:00Z,2022-03-15T06:00:00Z,2022-03-15T12:00:00Z,2022-04-14T06:00:00Z,train
2821,2022-01-14T18:00:00Z,2022-03-15T12:00:00Z,2022-03-15T18:00:00Z,2022-04-14T12:00:00Z,train
2822,2022-01-15T00:00:00Z,2022-03-15T18:00:00Z,2022-03-16T00:00:00Z,2022-04-14T18:00:00Z,train
2823,2022-01-15T06:00:00Z,2022-03-16T00:00:00Z,2022-03-16T06:00:00Z,2022-04-15T00:00:00Z,train
2824,2022-01-15T12:00:00Z,2022-03-16T06:00:00Z,2022-03-16T12:00:00Z,2022-04-15T06:00:00Z,train
2825,2022-01-15T18:00:00Z,2022-03-16T12:00:00Z,2022-03-16T18:00:00Z,2022-04-15T12:00:00Z,train
2826,2022-01-16T00:00:00Z,2022-03-16T18:00:00Z,2022-03-17T00:00:00Z,2022-04-15T18:00:00Z,train
2827,2022-01-16T06:00:00Z,2022-03-17T00:00:00Z,2022-03-17T06:00:00Z,2022-04-16T00:00:00Z,train
2828,2022-01-16T12:00:00Z,2022-03-17T06:00:00Z,2022-03-17T12:00:00Z,2022-04-16T06:00:00Z,train
2829,2022-01-16T18:00:00Z,2022-03-17T12:00:00Z,2022-03-17T18:00:00Z,2022-04-16T12:00:00Z,train
2830,2022-01-17T00:00:00Z,2022-03-17T18:00:00Z,2022-03-18T00:00:00Z,2022-04-16T18:00:00Z,train
2831,2022-01-17T06:00:00Z,2022-03-18T00:00:00Z,2022-03-18T06:00:00Z,2022-04-17T00:00:00Z,train
2832,2022-01-17T12:00:00Z,2022-03-18T06:00:00Z,2022-03-18T12:00:00Z,2022-04-17T06:00:00Z,train
2833,2022-01-17T18:00:00Z,2022-03-18T12:00:00Z,2022-03-18T18:00:00Z,2022-04-17T12:00:00Z,train
2834,2022-01-18T00:00:00Z,2022-03-18T18:00:00Z,2022-03-19T00:00:00Z,2022-04-17T18:00:00Z,train
2835,2022-01-18T06:00:00Z,2022-03-19T00:00:00Z,2022-03-19T06:00:00Z,2022-04-18T00:00:00Z,train
2836,2022-01-18T12:00:00Z,2022-03-19T06:00:00Z,2022-03-19T12:00:00Z,2022-04-18T06:00:00Z,train
2837,2022-01-18T18:00:00Z,2022-03-19T12:00:00Z,2022-03-19T18:00:00Z,2022-04-18T12:00:00Z,train
2838,2022-01-19T00:00:00Z,2022-03-19T18:00:00Z,2022-03-20T00:00:00Z,2022-04-18T18:00:00Z,train
2839,2022-01-19T06:00:00Z,2022-03-20T00:00:00Z,2022-03-20T06:00:00Z,2022-04-19T00:00:00Z,train
2840,2022-01-19T12:00:00Z,2022-03-20T06:00:00Z,2022-03-20T12:00:00Z,2022-04-19T06:00:00Z,train
2841,2022-01-19T18:00:00Z,2022-03-20T12:00:00Z,2022-03-20T18:00:00Z,2022-04-19T12:00:00Z,train
2842,2022-01-20T00:00:00Z,2022-03-20T18:00:00Z,2022-03-21T00:00:00Z,2022-04-19T18:00:00Z,train
2843,2022-01-20T06:00:00Z,2022-03-21T00:00:00Z,2022-03-21T06:00:00Z,2022-04-20T00:00:00Z,train
2844,2022-01-20T12:00:00Z,2022-03-21T06:00:00Z,2022-03-21T12:00:00Z,2022-04-20T06:00:00Z,train
2845,2022-01-20T18:00:00Z,2022-03-21T12:00:00Z,2022-03-21T18:00:00Z,2022-04-20T12:00:00Z,train
2846,2022-01-21T00:00:00Z,2022-03-21T18:00:00Z,2022-03-22T00:00:00Z,2022-04-20T18:00:00Z,train
2847,2022-01-21T06:00:00Z,2022-03-22T00:00:00Z,2022-03-22T06:00:00Z,2022-04-21T00:00:00Z,train
2848,2022-01-21T12:00:00Z,2022-03-22T06:00:00Z,2022-03-22T12:00:00Z,2022-04-21T06:00:00Z,train
2849,2022-01-21T18:00:00Z,2022-03-22T12:00:00Z,2022-03-22T18:00:00Z,2022-04-21T12:00:00Z,train
2850,2022-01-22T00:00:00Z,2022-03-22T18:00:00Z,2022-03-23T00:00:00Z,2022-04-21T18:00:00Z,train
2851,2022-01-22T06:00:00Z,2022-03-23T00:00:00Z,2022-03-23T06:00:00Z,2022-04-22T00:00:00Z,train
2852,2022-01-22T12:00:00Z,2022-03-23T06:00:00Z,2022-03-23T12:00:00Z,2022-04-22T06:00:00Z,train
2853,2022-01-22T18:00:00Z,2022-03-23T12:00:00Z,2022-03-23T18:00:00Z,2022-04-22T12:00:00Z,train
2854,2022-01-23T00:00:00Z,2022-03-23T18:00:00Z,2022-03-24T00:00:00Z,2022-04-22T18:00:00Z,train
2855,2022-01-23T06:00:00Z,2022-03-24T00:00:00Z,2022-03-24T06:00:00Z,2022-04-23T00:00:00Z,train
2856,2022-01-23T12:00:00Z,2022-03-24T06:00:00Z,2022-03-24T12:00:00Z,2022-04-23T06:00:00Z,train
2857,2022-01-23T18:00:00Z,2022-03-24T12:00:00Z,2022-03-24T18:00:00Z,2022-04-23T12:00:00Z,train
2858,2022-01-24T00:00:00Z,2022-03-24T18:00:00Z,2022-03-25T00:00:00Z,2022-04-23T18:00:00Z,train
2859,2022-01-24T06:00:00Z,2022-03-25T00:00:00Z,2022-03-25T06:00:00Z,2022-04-24T00:00:00Z,train
2860,2022-01-24T12:00:00Z,2022-03-25T06:00:00Z,2022-03-25T12:00:00Z,2022-04-24T06:00:00Z,train
2861,2022-01-24T18:00:00Z,2022-03-25T12:00:00Z,2022-03-25T18:00:00Z,2022-04-24T12:00:00Z,train
2862,2022-01-25T00:00:00Z,2022-03-25T18:00:00Z,2022-03-26T00:00:00Z,2022-04-24T18:00:00Z,train
2863,2022-01-25T06:00:00Z,2022-03-26T00:00:00Z,2022-03-26T06:00:00Z,2022-04-25T00:00:00Z,train
2864,2022-01-25T12:00:00Z,2022-03-26T06:00:00Z,2022-03-26T12:00:00Z,2022-04-25T06:00:00Z,train
2865,2022-01-25T18:00:00Z,2022-03-26T12:00:00Z,2022-03-26T18:00:00Z,2022-04-25T12:00:00Z,train
2866,2022-01-26T00:00:00Z,2022-03-26T18:00:00Z,2022-03-27T00:00:00Z,2022-04-25T18:00:00Z,train
2867,2022-01-26T06:00:00Z,2022-03-27T00:00:00Z,2022-03-27T06:00:00Z,2022-04-26T00:00:00Z,train
2868,2022-01-26T12:00:00Z,2022-03-27T06:00:00Z,2022-03-27T12:00:00Z,2022-04-26T06:00:00Z,train
2869,2022-01-26T18:00:00Z,2022-03-27T12:00:00Z,2022-03-27T18:00:00Z,2022-04-26T12:00:00Z,train
2870,2022-01-27T00:00:00Z,2022-03-27T18:00:00Z,2022-03-28T00:00:00Z,2022-04-26T18:00:00Z,train
2871,2022-01-27T06:00:00Z,2022-03-28T00:00:00Z,2022-03-28T06:00:00Z,2022-04-27T00:00:00Z,train
2872,2022-01-27T12:00:00Z,2022-03-28T06:00:00Z,2022-03-28T12:00:00Z,2022-04-27T06:00:00Z,train
2873,2022-01-27T18:00:00Z,2022-03-28T12:00:00Z,2022-03-28T18:00:00Z,2022-04-27T12:00:00Z,train
2874,2022-01-28T00:00:00Z,2022-03-28T18:00:00Z,2022-03-29T00:00:00Z,2022-04-27T18:00:00Z,train
2875,2022-01-28T06:00:00Z,2022-03-29T00:00:00Z,2022-03-29T06:00:00Z,2022-04-28T00:00:00Z,train
2876,2022-01-28T12:00:00Z,2022-03-29T06:00:00Z,2022-03-29T12:00:00Z,2022-04-28T06:00:00Z,train
2877,2022-01-28T18:00:00Z,2022-03-29T12:00:00Z,2022-03-29T18:00:00Z,2022-04-28T12:00:00Z,train
2878,2022-01-29T00:00:00Z,2022-03-29T18:00:00Z,2022-03-30T00:00:00Z,2022-04-28T18:00:00Z,train
2879,2022-01-29T06:00:00Z,2022-03-30T00:00:00Z,2022-03-30T06:00:00Z,2022-04-29T00:00:00Z,train
2880,2022-01-29T12:00:00Z,2022-03-30T06:00:00Z,2022-03-30T12:00:00Z,2022-04-29T06:00:00Z,train
2881,2022-01-29T18:00:00Z,2022-03-30T12:00:00Z,2022-03-30T18:00:00Z,2022-04-29T12:00:00Z,train
2882,2022-01-30T00:00:00Z,2022-03-30T18:00:00Z,2022-03-31T00:00:00Z,2022-04-29T18:00:00Z,train
2883,2022-01-30T06:00:00Z,2022-03-31T00:00:00Z,2022-03-31T06:00:00Z,2022-04-30T00:00:00Z,train
2884,2022-01-30T12:00:00Z,2022-03-31T06:00:00Z,2022-03-31T12:00:00Z,2022-04-30T06:00:00Z,train
2885,2022-01-30T18:00:00Z,2022-03-31T12:00:00Z,2022-03-31T18:00:00Z,2022-04-30T12:00:00Z,train
2886,2022-01-31T00:00:00Z,2022-03-31T18:00:00Z,2022-04-01T00:00:00Z,2022-04-30T18:00:00Z,train
2887,2022-01-31T06:00:00Z,2022-04-01T00:00:00Z,2022-04-01T06:00:00Z,2022-05-01T00:00:00Z,train
2888,2022-01-31T12:00:00Z,2022-04-01T06:00:00Z,2022-04-01T12:00:00Z,2022-05-01T06:00:00Z,train
2889,2022-01-31T18:00:00Z,2022-04-01T12:00:00Z,2022-04-01T18:00:00Z,2022-05-01T12:00:00Z,train
2890,2022-02-01T00:00:00Z,2022-04-01T18:00:00Z,2022-04-02T00:00:00Z,2022-05-01T18:00:00Z,train
2891,2022-02-01T06:00:00Z,2022-04-02T00:00:00Z,2022-04-02T06:00:00Z,2022-05-02T00:00:00Z,train
2892,2022-02-01T12:00:00Z,2022-04-02T06:00:00Z,2022-04-02T12:00:00Z,2022-05-02T06:00:00Z,train
2893,2022-02-01T18:00:00Z,2022-04-02T12:00:00Z,2022-04-02T18:00:00Z,2022-05-02T12:00:00Z,train
2894,2022-02-02T00:00:00Z,2022-04-02T18:00:00Z,2022-04-03T00:00:00Z,2022-05-02T18:00:00Z,train
2895,2022-02-02T06:00:00Z,2022-04-03T00:00:00Z,2022-04-03T06:00:00Z,2022-05-03T00:00:00Z,train
2896,2022-02-02T12:00:00Z,2022-04-03T06:00:00Z,2022-04-03T12:00:00Z,2022-05-03T06:00:00Z,train
2897,2022-02-02T18:00:00Z,2022-04-03T12:00:00Z,2022-04-03T18:00:00Z,2022-05-03T12:00:00Z,train
2898,2022-02-03T00:00:00Z,2022-04-03T18:00:00Z,2022-04-04T00:00:00Z,2022-05-03T18:00:00Z,train
2899,2022-02-03T06:00:00Z,2022-04-04T00:00:00Z,2022-04-04T06:00:00Z,2022-05-04T00:00:00Z,train
2900,2022-02-03T12:00:00Z,2022-04-04T06:00:00Z,2022-04-04T12:00:00Z,2022-05-04T06:00:00Z,train
2901,2022-02-03T18:00:00Z,2022-04-04T12:00:00Z,2022-04-04T18:00:00Z,2022-05-04T12:00:00Z,train
2902,2022-02-04T00:00:00Z,2022-04-04T18:00:00Z,2022-04-05T00:00:00Z,2022-05-04T18:00:00Z,train
2903,2022-02-04T06:00:00Z,2022-04-05T00:00:00Z,2022-04-05T06:00:00Z,2022-05-05T00:00:00Z,train
2904,2022-02-04T12:00:00Z,2022-04-05T06:00:00Z,2022-04-05T12:00:00Z,2022-05-05T06:00:00Z,train
2905,2022-02-04T18:00:00Z,2022-04-05T12:00:00Z,2022-04-05T18:00:00Z,2022-05-05T12:00:00Z,train
2906,2022-02-05T00:00:00Z,2022-04-05T18:00:00Z,2022-04-06T00:00:00Z,2022-05-05T18:00:00Z,train
2907,2022-02-05T06:00:00Z,2022-04-06T00:00:00Z,2022-04-06T06:00:00Z,2022-05-06T00:00:00Z,train
2908,2022-02-05T12:00:00Z,2022-04-06T06:00:00Z,2022-04-06T12:00:00Z,2022-05-06T06:00:00Z,train
2909,2022-02-05T18:00:00Z,2022-04-06T12:00:00Z,2022-04-06T18:00:00Z,2022-05-06T12:00:00Z,train
2910,2022-02-06T00:00:00Z,2022-04-06T18:00:00Z,2022-04-07T00:00:00Z,2022-05-06T18:00:00Z,train
2911,2022-02-06T06:00:00Z,2022-04-07T00:00:00Z,2022-04-07T06:00:00Z,2022-05-07T00:00:00Z,train
2912,2022-02-06T12:00:00Z,2022-04-07T06:00:00Z,2022-04-07T12:00:00Z,2022-05-07T06:00:00Z,train
2913,2022-02-06T18:00:00Z,2022-04-07T12:00:00Z,2022-04-07T18:00:00Z,2022-05-07T12:00:00Z,train
2914,2022-02-07T00:00:00Z,2022-04-07T18:00:00Z,2022-04-08T00:00:00Z,2022-05-07T18:00:00Z,train
2915,2022-02-07T06:00:00Z,2022-04-08T00:00:00Z,2022-04-08T06:00:00Z,2022-05-08T00:00:00Z,train
2916,2022-02-07T12:00:00Z,2022-04-08T06:00:00Z,2022-04-08T12:00:00Z,2022-05-08T06:00:00Z,train
2917,2022-02-07T18:00:00Z,2022-04-08T12:00:00Z,2022-04-08T18:00:00Z,2022-05-08T12:00:00Z,train
2918,2022-02-08T00:00:00Z,2022-04-08T18:00:00Z,2022-04-09T00:00:00Z,2022-05-08T18:00:00Z,train
2919,2022-02-08T06:00:00Z,2022-04-09T00:00:00Z,2022-04-09T06:00:00Z,2022-05-09T00:00:00Z,train
2920,2022-02-08T12:00:00Z,2022-04-09T06:00:00Z,2022-04-09T12:00:00Z,2022-05-09T06:00:00Z,train
2921,2022-02-08T18:00:00Z,2022-04-09T12:00:00Z,2022-04-09T18:00:00Z,2022-05-09T12:00:00Z,train
2922,2022-02-09T00:00:00Z,2022-04-09T18:00:00Z,2022-04-10T00:00:00Z,2022-05-09T18:00:00Z,train
2923,2022-02-09T06:00:00Z,2022-04-10T00:00:00Z,2022-04-10T06:00:00Z,2022-05-10T00:00:00Z,train
2924,2022-02-09T12:00:00Z,2022-04-10T06:00:00Z,2022-04-10T12:00:00Z,2022-05-10T06:00:00Z,train
2925,2022-02-09T18:00:00Z,2022-04-10T12:00:00Z,2022-04-10T18:00:00Z,2022-05-10T12:00:00Z,train
2926,2022-02-10T00:00:00Z,2022-04-10T18:00:00Z,2022-04-11T00:00:00Z,2022-05-10T18:00:00Z,train
2927,2022-02-10T06:00:00Z,2022-04-11T00:00:00Z,2022-04-11T06:00:00Z,2022-05-11T00:00:00Z,train
2928,2022-02-10T12:00:00Z,2022-04-11T06:00:00Z,2022-04-11T12:00:00Z,2022-05-11T06:00:00Z,train
2929,2022-02-10T18:00:00Z,2022-04-11T12:00:00Z,2022-04-11T18:00:00Z,2022-05-11T12:00:00Z,train
2930,2022-02-11T00:00:00Z,2022-04-11T18:00:00Z,2022-04-12T00:00:00Z,2022-05-11T18:00:00Z,train
2931,2022-02-11T06:00:00Z,2022-04-12T00:00:00Z,2022-04-12T06:00:00Z,2022-05-12T00:00:00Z,train
2932,2022-02-11T12:00:00Z,2022-04-12T06:00:00Z,2022-04-12T12:00:00Z,2022-05-12T06:00:00Z,train
2933,2022-02-11T18:00:00Z,2022-04-12T12:00:00Z,2022-04-12T18:00:00Z,2022-05-12T12:00:00Z,train
2934,2022-02-12T00:00:00Z,2022-04-12T18:00:00Z,2022-04-13T00:00:00Z,2022-05-12T18:00:00Z,train
2935,2022-02-12T06:00:00Z,2022-04-13T00:00:00Z,2022-04-13T06:00:00Z,2022-05-13T00:00:00Z,train
2936,2022-02-12T12:00:00Z,2022-04-13T06:00:00Z,2022-04-13T12:00:00Z,2022-05-13T06:00:00Z,train
2937,2022-02-12T18:00:00Z,2022-04-13T12:00:00Z,2022-04-13T18:00:00Z,2022-05-13T12:00:00Z,train
2938,2022-02-13T00:00:00Z,2022-04-13T18:00:00Z,2022-04-14T00:00:00Z,2022-05-13T18:00:00Z,train
2939,2022-02-13T06:00:00Z,2022-04-14T00:00:00Z,2022-04-14T06:00:00Z,2022-05-14T00:00:00Z,train
2940,2022-02-13T12:00:00Z,2022-04-14T06:00:00Z,2022-04-14T12:00:00Z,2022-05-14T06:00:00Z,train
2941,2022-02-13T18:00:00Z,2022-04-14T12:00:00Z,2022-04-14T18:00:00Z,2022-05-14T12:00:00Z,train
2942,2022-02-14T00:00:00Z,2022-04-14T18:00:00Z,2022-04-15T00:00:00Z,2022-05-14T18:00:00Z,train
2943,2022-02-14T06:00:00Z,2022-04-15T00:00:00Z,2022-04-15T06:00:00Z,2022-05-15T00:00:00Z,train
2944,2022-02-14T12:00:00Z,2022-04-15T06:00:00Z,2022-04-15T12:00:00Z,2022-05-15T06:00:00Z,train
2945,2022-02-14T18:00:00Z,2022-04-15T12:00:00Z,2022-04-15T18:00:00Z,2022-05-15T12:00:00Z,train
2946,2022-02-15T00:00:00Z,2022-04-15T18:00:00Z,2022-04-16T00:00:00Z,2022-05-15T18:00:00Z,train
2947,2022-02-15T06:00:00Z,2022-04-16T00:00:00Z,2022-04-16T06:00:00Z,2022-05-16T00:00:00Z,train
2948,2022-02-15T12:00:00Z,2022-04-16T06:00:00Z,2022-04-16T12:00:00Z,2022-05-16T06:00:00Z,train
2949,2022-02-15T18:00:00Z,2022-04-16T12:00:00Z,2022-04-16T18:00:00Z,2022-05-16T12:00:00Z,train
2950,2022-02-16T00:00:00Z,2022-04-16T18:00:00Z,2022-04-17T00:00:00Z,2022-05-16T18:00:00Z,train
2951,2022-02-16T06:00:00Z,2022-04-17T00:00:00Z,2022-04-17T06:00:00Z,2022-05-17T00:00:00Z,train
2952,2022-02-16T12:00:00Z,2022-04-17T06:00:00Z,2022-04-17T12:00:00Z,2022-05-17T06:00:00Z,train
2953,2022-02-16T18:00:00Z,2022-04-17T12:00:00Z,2022-04-17T18:00:00Z,2022-05-17T12:00:00Z,train
2954,2022-02-17T00:00:00Z,2022-04-17T18:00:00Z,2022-04-18T00:00:00Z,2022-05-17T18:00:00Z,train
2955,2022-02-17T06:00:00Z,2022-04-18T00:00:00Z,2022-04-18T06:00:00Z,2022-05-18T00:00:00Z,train
2956,2022-02-17T12:00:00Z,2022-04-18T06:00:00Z,2022-04-18T12:00:00Z,2022-05-18T06:00:00Z,train
2957,2022-02-17T18:00:00Z,2022-04-18T12:00:00Z,2022-04-18T18:00:00Z,2022-05-18T12:00:00Z,train
2958,2022-02-18T00:00:00Z,2022-04-18T18:00:00Z,2022-04-19T00:00:00Z,2022-05-18T18:00:00Z,train
2959,2022-02-18T06:00:00Z,2022-04-19T00:00:00Z,2022-04-19T06:00:00Z,2022-05-19T00:00:00Z,train
2960,2022-02-18T12:00:00Z,2022-04-19T06:00:00Z,2022-04-19T12:00:00Z,2022-05-19T06:00:00Z,train
2961,2022-02-18T18:00:00Z,2022-04-19T12:00:00Z,2022-04-19T18:00:00Z,2022-05-19T12:00:00Z,train
2962,2022-02-19T00:00:00Z,2022-04-19T18:00:00Z,2022-04-20T00:00:00Z,2022-05-19T18:00:00Z,train
2963,2022-02-19T06:00:00Z,2022-04-20T00:00:00Z,2022-04-20T06:00:00Z,2022-05-20T00:00:00Z,train
2964,2022-02-19T12:00:00Z,2022-04-20T06:00:00Z,2022-04-20T12:00:00Z,2022-05-20T06:00:00Z,train
2965,2022-02-19T18:00:00Z,2022-04-20T12:00:00Z,2022-04-20T18:00:00Z,2022-05-20T12:00:00Z,train
2966,2022-02-20T00:00:00Z,2022-04-20T18:00:00Z,2022-04-21T00:00:00Z,2022-05-20T18:00:00Z,train
2967,2022-02-20T06:00:00Z,2022-04-21T00:00:00Z,2022-04-21T06:00:00Z,2022-05-21T00:00:00Z,train
2968,2022-02-20T12:00:00Z,2022-04-21T06:00:00Z,2022-04-21T12:00:00Z,2022-05-21T06:00:00Z,train
2969,2022-02-20T18:00:00Z,2022-04-21T12:00:00Z,2022-04-21T18:00:00Z,2022-05-21T12:00:00Z,train
2970,2022-02-21T00:00:00Z,2022-04-21T18:00:00Z,2022-04-22T00:00:00Z,2022-05-21T18:00:00Z,train
2971,2022-02-21T06:00:00Z,2022-04-22T00:00:00Z,2022-04-22T06:00:00Z,2022-05-22T00:00:00Z,train
2972,2022-02-21T12:00:00Z,2022-04-22T06:00:00Z,2022-04-22T12:00:00Z,2022-05-22T06:00:00Z,train
2973,2022-02-21T18:00:00Z,2022-04-22T12:00:00Z,2022-04-22T18:00:00Z,2022-05-22T12:00:00Z,train
2974,2022-02-22T00:00:00Z,2022-04-22T18:00:00Z,2022-04-23T00:00:00Z,2022-05-22T18:00:00Z,train
2975,2022-02-22T06:00:00Z,2022-04-23T00:00:00Z,2022-04-23T06:00:00Z,2022-05-23T00:00:00Z,train
2976,2022-02-22T12:00:00Z,2022-04-23T06:00:00Z,2022-04-23T12:00:00Z,2022-05-23T06:00:00Z,train
2977,2022-02-22T18:00:00Z,2022-04-23T12:00:00Z,2022-04-23T18:00:00Z,2022-05-23T12:00:00Z,train
2978,2022-02-23T00:00:00Z,2022-04-23T18:00:00Z,2022-04-24T00:00:00Z,2022-05-23T18:00:00Z,train
2979,2022-02-23T06:00:00Z,2022-04-24T00:00:00Z,2022-04-24T06:00:00Z,2022-05-24T00:00:00Z,train
2980,2022-02-23T12:00:00Z,2022-04-24T06:00:00Z,2022-04-24T12:00:00Z,2022-05-24T06:00:00Z,train
2981,2022-02-23T18:00:00Z,2022-04-24T12:00:00Z,2022-04-24T18:00:00Z,2022-05-24T12:00:00Z,train
2982,2022-02-24T00:00:00Z,2022-04-24T18:00:00Z,2022-04-25T00:00:00Z,2022-05-24T18:00:00Z,train
2983,2022-02-24T06:00:00Z,2022-04-25T00:00:00Z,2022-04-25T06:00:00Z,2022-05-25T00:00:00Z,train
2984,2022-02-24T12:00:00Z,2022-04-25T06:00:00Z,2022-04-25T12:00:00Z,2022-05-25T06:00:00Z,train
2985,2022-02-24T18:00:00Z,2022-04-25T12:00:00Z,2022-04-25T18:00:00Z,2022-05-25T12:00:00Z,train
2986,2022-02-25T00:00:00Z,2022-04-25T18:00:00Z,2022-04-26T00:00:00Z,2022-05-25T18:00:00Z,train
2987,2022-02-25T06:00:00Z,2022-04-26T00:00:00Z,2022-04-26T06:00:00Z,2022-05-26T00:00:00Z,train
2988,2022-02-25T12:00:00Z,2022-04-26T06:00:00Z,2022-04-26T12:00:00Z,2022-05-26T06:00:00Z,train
2989,2022-02-25T18:00:00Z,2022-04-26T12:00:00Z,2022-04-26T18:00:00Z,2022-05-26T12:00:00Z,train
2990,2022-02-26T00:00:00Z,2022-04-26T18:00:00Z,2022-04-27T00:00:00Z,2022-05-26T18:00:00Z,train
2991,2022-02-26T06:00:00Z,2022-04-27T00:00:00Z,2022-04-27T06:00:00Z,2022-05-27T00:00:00Z,train
2992,2022-02-26T12:00:00Z,2022-04-27T06:00:00Z,2022-04-27T12:00:00Z,2022-05-27T06:00:00Z,train
2993,2022-02-26T18:00:00Z,2022-04-27T12:00:00Z,2022-04-27T18:00:00Z,2022-05-27T12:00:00Z,train
2994,2022-02-27T00:00:00Z,2022-04-27T18:00:00Z,2022-04-28T00:00:00Z,2022-05-27T18:00:00Z,train
2995,2022-02-27T06:00:00Z,2022-04-28T00:00:00Z,2022-04-28T06:00:00Z,2022-05-28T00:00:00Z,train
2996,2022-02-27T12:00:00Z,2022-04-28T06:00:00Z,2022-04-28T12:00:00Z,2022-05-28T06:00:00Z,train
2997,2022-02-27T18:00:00Z,2022-04-28T12:00:00Z,2022-04-28T18:00:00Z,2022-05-28T12:00:00Z,train
2998,2022-02-28T00:00:00Z,2022-04-28T18:00:00Z,2022-04-29T00:00:00Z,2022-05-28T18:00:00Z,train
2999,2022-02-28T06:00:00Z,2022-04-29T00:00:00Z,2022-04-29T06:00:00Z,2022-05-29T00:00:00Z,train
3000,2022-02-28T12:00:00Z,2022-04-29T06:00:00Z,2022-04-29T12:00:00Z,2022-05-29T06:00:00Z,train
3001,2022-02-28T18:00:00Z,2022-04-29T12:00:00Z,2022-04-29T18:00:00Z,2022-05-29T12:00:00Z,train
3002,2022-03-01T00:00:00Z,2022-04-29T18:00:00Z,2022-04-30T00:00:00Z,2022-05-29T18:00:00Z,train
3003,2022-03-01T06:00:00Z,2022-04-30T00:00:00Z,2022-04-30T06:00:00Z,2022-05-30T00:00:00Z,train
3004,2022-03-01T12:00:00Z,2022-04-30T06:00:00Z,2022-04-30T12:00:00Z,2022-05-30T06:00:00Z,train
3005,2022-03-01T18:00:00Z,2022-04-30T12:00:00Z,2022-04-30T18:00:00Z,2022-05-30T12:00:00Z,train
3006,2022-03-02T00:00:00Z,2022-04-30T18:00:00Z,2022-05-01T00:00:00Z,2022-05-30T18:00:00Z,train
3007,2022-03-02T06:00:00Z,2022-05-01T00:00:00Z,2022-05-01T06:00:00Z,2022-05-31T00:00:00Z,train
3008,2022-03-02T12:00:00Z,2022-05-01T06:00:00Z,2022-05-01T12:00:00Z,2022-05-31T06:00:00Z,train
3009,2022-03-02T18:00:00Z,2022-05-01T12:00:00Z,2022-05-01T18:00:00Z,2022-05-31T12:00:00Z,train
3010,2022-03-03T00:00:00Z,2022-05-01T18:00:00Z,2022-05-02T00:00:00Z,2022-05-31T18:00:00Z,train
3011,2022-03-03T06:00:00Z,2022-05-02T00:00:00Z,2022-05-02T06:00:00Z,2022-06-01T00:00:00Z,train
3012,2022-03-03T12:00:00Z,2022-05-02T06:00:00Z,2022-05-02T12:00:00Z,2022-06-01T06:00:00Z,train
3013,2022-03-03T18:00:00Z,2022-05-02T12:00:00Z,2022-05-02T18:00:00Z,2022-06-01T12:00:00Z,train
3014,2022-03-04T00:00:00Z,2022-05-02T18:00:00Z,2022-05-03T00:00:00Z,2022-06-01T18:00:00Z,train
3015,2022-03-04T06:00:00Z,2022-05-03T00:00:00Z,2022-05-03T06:00:00Z,2022-06-02T00:00:00Z,train
3016,2022-03-04T12:00:00Z,2022-05-03T06:00:00Z,2022-05-03T12:00:00Z,2022-06-02T06:00:00Z,train
3017,2022-03-04T18:00:00Z,2022-05-03T12:00:00Z,2022-05-03T18:00:00Z,2022-06-02T12:00:00Z,train
3018,2022-03-05T00:00:00Z,2022-05-03T18:00:00Z,2022-05-04T00:00:00Z,2022-06-02T18:00:00Z,train
3019,2022-03-05T06:00:00Z,2022-05-04T00:00:00Z,2022-05-04T06:00:00Z,2022-06-03T00:00:00Z,train
3020,2022-03-05T12:00:00Z,2022-05-04T06:00:00Z,2022-05-04T12:00:00Z,2022-06-03T06:00:00Z,train
3021,2022-03-05T18:00:00Z,2022-05-04T12:00:00Z,2022-05-04T18:00:00Z,2022-06-03T12:00:00Z,train
3022,2022-03-06T00:00:00Z,2022-05-04T18:00:00Z,2022-05-05T00:00:00Z,2022-06-03T18:00:00Z,train
3023,2022-03-06T06:00:00Z,2022-05-05T00:00:00Z,2022-05-05T06:00:00Z,2022-06-04T00:00:00Z,train
3024,2022-03-06T12:00:00Z,2022-05-05T06:00:00Z,2022-05-05T12:00:00Z,2022-06-04T06:00:00Z,train
3025,2022-03-06T18:00:00Z,2022-05-05T12:00:00Z,2022-05-05T18:00:00Z,2022-06-04T12:00:00Z,train
3026,2022-03-07T00:00:00Z,2022-05-05T18:00:00Z,2022-05-06T00:00:00Z,2022-06-04T18:00:00Z,train
3027,2022-03-07T06:00:00Z,2022-05-06T00:00:00Z,2022-05-06T06:00:00Z,2022-06-05T00:00:00Z,train
3028,2022-03-07T12:00:00Z,2022-05-06T06:00:00Z,2022-05-06T12:00:00Z,2022-06-05T06:00:00Z,train
3029,2022-03-07T18:00:00Z,2022-05-06T12:00:00Z,2022-05-06T18:00:00Z,2022-06-05T12:00:00Z,train
3030,2022-03-08T00:00:00Z,2022-05-06T18:00:00Z,2022-05-07T00:00:00Z,2022-06-05T18:00:00Z,train
3031,2022-03-08T06:00:00Z,2022-05-07T00:00:00Z,2022-05-07T06:00:00Z,2022-06-06T00:00:00Z,train
3032,2022-03-08T12:00:00Z,2022-05-07T06:00:00Z,2022-05-07T12:00:00Z,2022-06-06T06:00:00Z,train
3033,2022-03-08T18:00:00Z,2022-05-07T12:00:00Z,2022-05-07T18:00:00Z,2022-06-06T12:00:00Z,train
3034,2022-03-09T00:00:00Z,2022-05-07T18:00:00Z,2022-05-08T00:00:00Z,2022-06-06T18:00:00Z,train
3035,2022-03-09T06:00:00Z,2022-05-08T00:00:00Z,2022-05-08T06:00:00Z,2022-06-07T00:00:00Z,train
3036,2022-03-09T12:00:00Z,2022-05-08T06:00:00Z,2022-05-08T12:00:00Z,2022-06-07T06:00:00Z,train
3037,2022-03-09T18:00:00Z,2022-05-08T12:00:00Z,2022-05-08T18:00:00Z,2022-06-07T12:00:00Z,train
3038,2022-03-10T00:00:00Z,2022-05-08T18:00:00Z,2022-05-09T00:00:00Z,2022-06-07T18:00:00Z,train
3039,2022-03-10T06:00:00Z,2022-05-09T00:00:00Z,2022-05-09T06:00:00Z,2022-06-08T00:00:00Z,train
3040,2022-03-10T12:00:00Z,2022-05-09T06:00:00Z,2022-05-09T12:00:00Z,2022-06-08T06:00:00Z,train
3041,2022-03-10T18:00:00Z,2022-05-09T12:00:00Z,2022-05-09T18:00:00Z,2022-06-08T12:00:00Z,train
3042,2022-03-11T00:00:00Z,2022-05-09T18:00:00Z,2022-05-10T00:00:00Z,2022-06-08T18:00:00Z,train
3043,2022-03-11T06:00:00Z,2022-05-10T00:00:00Z,2022-05-10T06:00:00Z,2022-06-09T00:00:00Z,train
3044,2022-03-11T12:00:00Z,2022-05-10T06:00:00Z,2022-05-10T12:00:00Z,2022-06-09T06:00:00Z,train
3045,2022-03-11T18:00:00Z,2022-05-10T12:00:00Z,2022-05-10T18:00:00Z,2022-06-09T12:00:00Z,train
3046,2022-03-12T00:00:00Z,2022-05-10T18:00:00Z,2022-05-11T00:00:00Z,2022-06-09T18:00:00Z,train
3047,2022-03-12T06:00:00Z,2022-05-11T00:00:00Z,2022-05-11T06:00:00Z,2022-06-10T00:00:00Z,train
3048,2022-03-12T12:00:00Z,2022-05-11T06:00:00Z,2022-05-11T12:00:00Z,2022-06-10T06:00:00Z,train
3049,2022-03-12T18:00:00Z,2022-05-11T12:00:00Z,2022-05-11T18:00:00Z,2022-06-10T12:00:00Z,train
3050,2022-03-13T00:00:00Z,2022-05-11T18:00:00Z,2022-05-12T00:00:00Z,2022-06-10T18:00:00Z,train
3051,2022-03-13T06:00:00Z,2022-05-12T00:00:00Z,2022-05-12T06:00:00Z,2022-06-11T00:00:00Z,train
3052,2022-03-13T12:00:00Z,2022-05-12T06:00:00Z,2022-05-12T12:00:00Z,2022-06-11T06:00:00Z,train
3053,2022-03-13T18:00:00Z,2022-05-12T12:00:00Z,2022-05-12T18:00:00Z,2022-06-11T12:00:00Z,train
3054,2022-03-14T00:00:00Z,2022-05-12T18:00:00Z,2022-05-13T00:00:00Z,2022-06-11T18:00:00Z,train
3055,2022-03-14T06:00:00Z,2022-05-13T00:00:00Z,2022-05-13T06:00:00Z,2022-06-12T00:00:00Z,train
3056,2022-03-14T12:00:00Z,2022-05-13T06:00:00Z,2022-05-13T12:00:00Z,2022-06-12T06:00:00Z,train
3057,2022-03-14T18:00:00Z,2022-05-13T12:00:00Z,2022-05-13T18:00:00Z,2022-06-12T12:00:00Z,train
3058,2022-03-15T00:00:00Z,2022-05-13T18:00:00Z,2022-05-14T00:00:00Z,2022-06-12T18:00:00Z,train
3059,2022-03-15T06:00:00Z,2022-05-14T00:00:00Z,2022-05-14T06:00:00Z,2022-06-13T00:00:00Z,train
3060,2022-03-15T12:00:00Z,2022-05-14T06:00:00Z,2022-05-14T12:00:00Z,2022-06-13T06:00:00Z,train
3061,2022-03-15T18:00:00Z,2022-05-14T12:00:00Z,2022-05-14T18:00:00Z,2022-06-13T12:00:00Z,train
3062,2022-03-16T00:00:00Z,2022-05-14T18:00:00Z,2022-05-15T00:00:00Z,2022-06-13T18:00:00Z,train
3063,2022-03-16T06:00:00Z,2022-05-15T00:00:00Z,2022-05-15T06:00:00Z,2022-06-14T00:00:00Z,train
3064,2022-03-16T12:00:00Z,2022-05-15T06:00:00Z,2022-05-15T12:00:00Z,2022-06-14T06:00:00Z,train
3065,2022-03-16T18:00:00Z,2022-05-15T12:00:00Z,2022-05-15T18:00:00Z,2022-06-14T12:00:00Z,train
3066,2022-03-17T00:00:00Z,2022-05-15T18:00:00Z,2022-05-16T00:00:00Z,2022-06-14T18:00:00Z,train
3067,2022-03-17T06:00:00Z,2022-05-16T00:00:00Z,2022-05-16T06:00:00Z,2022-06-15T00:00:00Z,train
3068,2022-03-17T12:00:00Z,2022-05-16T06:00:00Z,2022-05-16T12:00:00Z,2022-06-15T06:00:00Z,train
3069,2022-03-17T18:00:00Z,2022-05-16T12:00:00Z,2022-05-16T18:00:00Z,2022-06-15T12:00:00Z,train
3070,2022-03-18T00:00:00Z,2022-05-16T18:00:00Z,2022-05-17T00:00:00Z,2022-06-15T18:00:00Z,train
3071,2022-03-18T06:00:00Z,2022-05-17T00:00:00Z,2022-05-17T06:00:00Z,2022-06-16T00:00:00Z,train
3072,2022-03-18T12:00:00Z,2022-05-17T06:00:00Z,2022-05-17T12:00:00Z,2022-06-16T06:00:00Z,train
3073,2022-03-18T18:00:00Z,2022-05-17T12:00:00Z,2022-05-17T18:00:00Z,2022-06-16T12:00:00Z,train
3074,2022-03-19T00:00:00Z,2022-05-17T18:00:00Z,2022-05-18T00:00:00Z,2022-06-16T18:00:00Z,train
3075,2022-03-19T06:00:00Z,2022-05-18T00:00:00Z,2022-05-18T06:00:00Z,2022-06-17T00:00:00Z,train
3076,2022-03-19T12:00:00Z,2022-05-18T06:00:00Z,2022-05-18T12:00:00Z,2022-06-17T06:00:00Z,train
3077,2022-03-19T18:00:00Z,2022-05-18T12:00:00Z,2022-05-18T18:00:00Z,2022-06-17T12:00:00Z,train
3078,2022-03-20T00:00:00Z,2022-05-18T18:00:00Z,2022-05-19T00:00:00Z,2022-06-17T18:00:00Z,train
3079,2022-03-20T06:00:00Z,2022-05-19T00:00:00Z,2022-05-19T06:00:00Z,2022-06-18T00:00:00Z,train
3080,2022-03-20T12:00:00Z,2022-05-19T06:00:00Z,2022-05-19T12:00:00Z,2022-06-18T06:00:00Z,train
3081,2022-03-20T18:00:00Z,2022-05-19T12:00:00Z,2022-05-19T18:00:00Z,2022-06-18T12:00:00Z,train
3082,2022-03-21T00:00:00Z,2022-05-19T18:00:00Z,2022-05-20T00:00:00Z,2022-06-18T18:00:00Z,train
3083,2022-03-21T06:00:00Z,2022-05-20T00:00:00Z,2022-05-20T06:00:00Z,2022-06-19T00:00:00Z,train
3084,2022-03-21T12:00:00Z,2022-05-20T06:00:00Z,2022-05-20T12:00:00Z,2022-06-19T06:00:00Z,train
3085,2022-03-21T18:00:00Z,2022-05-20T12:00:00Z,2022-05-20T18:00:00Z,2022-06-19T12:00:00Z,train
3086,2022-03-22T00:00:00Z,2022-05-20T18:00:00Z,2022-05-21T00:00:00Z,2022-06-19T18:00:00Z,train
3087,2022-03-22T06:00:00Z,2022-05-21T00:00:00Z,2022-05-21T06:00:00Z,2022-06-20T00:00:00Z,train
3088,2022-03-22T12:00:00Z,2022-05-21T06:00:00Z,2022-05-21T12:00:00Z,2022-06-20T06:00:00Z,train
3089,2022-03-22T18:00:00Z,2022-05-21T12:00:00Z,2022-05-21T18:00:00Z,2022-06-20T12:00:00Z,train
3090,2022-03-23T00:00:00Z,2022-05-21T18:00:00Z,2022-05-22T00:00:00Z,2022-06-20T18:00:00Z,train
3091,2022-03-23T06:00:00Z,2022-05-22T00:00:00Z,2022-05-22T06:00:00Z,2022-06-21T00:00:00Z,train
3092,2022-03-23T12:00:00Z,2022-05-22T06:00:00Z,2022-05-22T12:00:00Z,2022-06-21T06:00:00Z,train
3093,2022-03-23T18:00:00Z,2022-05-22T12:00:00Z,2022-05-22T18:00:00Z,2022-06-21T12:00:00Z,train
3094,2022-03-24T00:00:00Z,2022-05-22T18:00:00Z,2022-05-23T00:00:00Z,2022-06-21T18:00:00Z,train
3095,2022-03-24T06:00:00Z,2022-05-23T00:00:00Z,2022-05-23T06:00:00Z,2022-06-22T00:00:00Z,train
3096,2022-03-24T12:00:00Z,2022-05-23T06:00:00Z,2022-05-23T12:00:00Z,2022-06-22T06:00:00Z,train
3097,2022-03-24T18:00:00Z,2022-05-23T12:00:00Z,2022-05-23T18:00:00Z,2022-06-22T12:00:00Z,train
3098,2022-03-25T00:00:00Z,2022-05-23T18:00:00Z,2022-05-24T00:00:00Z,2022-06-22T18:00:00Z,train
3099,2022-03-25T06:00:00Z,2022-05-24T00:00:00Z,2022-05-24T06:00:00Z,2022-06-23T00:00:00Z,train
3100,2022-03-25T12:00:00Z,2022-05-24T06:00:00Z,2022-05-24T12:00:00Z,2022-06-23T06:00:00Z,train
3101,2022-03-25T18:00:00Z,2022-05-24T12:00:00Z,2022-05-24T18:00:00Z,2022-06-23T12:00:00Z,train
3102,2022-03-26T00:00:00Z,2022-05-24T18:00:00Z,2022-05-25T00:00:00Z,2022-06-23T18:00:00Z,train
3103,2022-03-26T06:00:00Z,2022-05-25T00:00:00Z,2022-05-25T06:00:00Z,2022-06-24T00:00:00Z,train
3104,2022-03-26T12:00:00Z,2022-05-25T06:00:00Z,2022-05-25T12:00:00Z,2022-06-24T06:00:00Z,train
3105,2022-03-26T18:00:00Z,2022-05-25T12:00:00Z,2022-05-25T18:00:00Z,2022-06-24T12:00:00Z,train
3106,2022-03-27T00:00:00Z,2022-05-25T18:00:00Z,2022-05-26T00:00:00Z,2022-06-24T18:00:00Z,train
3107,2022-03-27T06:00:00Z,2022-05-26T00:00:00Z,2022-05-26T06:00:00Z,2022-06-25T00:00:00Z,train
3108,2022-03-27T12:00:00Z,2022-05-26T06:00:00Z,2022-05-26T12:00:00Z,2022-06-25T06:00:00Z,train
3109,2022-03-27T18:00:00Z,2022-05-26T12:00:00Z,2022-05-26T18:00:00Z,2022-06-25T12:00:00Z,train
3110,2022-03-28T00:00:00Z,2022-05-26T18:00:00Z,2022-05-27T00:00:00Z,2022-06-25T18:00:00Z,train
3111,2022-03-28T06:00:00Z,2022-05-27T00:00:00Z,2022-05-27T06:00:00Z,2022-06-26T00:00:00Z,train
3112,2022-03-28T12:00:00Z,2022-05-27T06:00:00Z,2022-05-27T12:00:00Z,2022-06-26T06:00:00Z,train
3113,2022-03-28T18:00:00Z,2022-05-27T12:00:00Z,2022-05-27T18:00:00Z,2022-06-26T12:00:00Z,train
3114,2022-03-29T00:00:00Z,2022-05-27T18:00:00Z,2022-05-28T00:00:00Z,2022-06-26T18:00:00Z,train
3115,2022-03-29T06:00:00Z,2022-05-28T00:00:00Z,2022-05-28T06:00:00Z,2022-06-27T00:00:00Z,train
3116,2022-03-29T12:00:00Z,2022-05-28T06:00:00Z,2022-05-28T12:00:00Z,2022-06-27T06:00:00Z,train
3117,2022-03-29T18:00:00Z,2022-05-28T12:00:00Z,2022-05-28T18:00:00Z,2022-06-27T12:00:00Z,train
3118,2022-03-30T00:00:00Z,2022-05-28T18:00:00Z,2022-05-29T00:00:00Z,2022-06-27T18:00:00Z,train
3119,2022-03-30T06:00:00Z,2022-05-29T00:00:00Z,2022-05-29T06:00:00Z,2022-06-28T00:00:00Z,train
3120,2022-03-30T12:00:00Z,2022-05-29T06:00:00Z,2022-05-29T12:00:00Z,2022-06-28T06:00:00Z,train
3121,2022-03-30T18:00:00Z,2022-05-29T12:00:00Z,2022-05-29T18:00:00Z,2022-06-28T12:00:00Z,train
3122,2022-03-31T00:00:00Z,2022-05-29T18:00:00Z,2022-05-30T00:00:00Z,2022-06-28T18:00:00Z,train
3123,2022-03-31T06:00:00Z,2022-05-30T00:00:00Z,2022-05-30T06:00:00Z,2022-06-29T00:00:00Z,train
3124,2022-03-31T12:00:00Z,2022-05-30T06:00:00Z,2022-05-30T12:00:00Z,2022-06-29T06:00:00Z,train
3125,2022-03-31T18:00:00Z,2022-05-30T12:00:00Z,2022-05-30T18:00:00Z,2022-06-29T12:00:00Z,train
3126,2022-04-01T00:00:00Z,2022-05-30T18:00:00Z,2022-05-31T00:00:00Z,2022-06-29T18:00:00Z,train
3127,2022-04-01T06:00:00Z,2022-05-31T00:00:00Z,2022-05-31T06:00:00Z,2022-06-30T00:00:00Z,train
3128,2022-04-01T12:00:00Z,2022-05-31T06:00:00Z,2022-05-31T12:00:00Z,2022-06-30T06:00:00Z,train
3129,2022-04-01T18:00:00Z,2022-05-31T12:00:00Z,2022-05-31T18:00:00Z,2022-06-30T12:00:00Z,train
3130,2022-04-02T00:00:00Z,2022-05-31T18:00:00Z,2022-06-01T00:00:00Z,2022-06-30T18:00:00Z,train
3131,2022-04-02T06:00:00Z,2022-06-01T00:00:00Z,2022-06-01T06:00:00Z,2022-07-01T00:00:00Z,train
3132,2022-04-02T12:00:00Z,2022-06-01T06:00:00Z,2022-06-01T12:00:00Z,2022-07-01T06:00:00Z,train
3133,2022-04-02T18:00:00Z,2022-06-01T12:00:00Z,2022-06-01T18:00:00Z,2022-07-01T12:00:00Z,train
3134,2022-04-03T00:00:00Z,2022-06-01T18:00:00Z,2022-06-02T00:00:00Z,2022-07-01T18:00:00Z,train
3135,2022-04-03T06:00:00Z,2022-06-02T00:00:00Z,2022-06-02T06:00:00Z,2022-07-02T00:00:00Z,train
3136,2022-04-03T12:00:00Z,2022-06-02T06:00:00Z,2022-06-02T12:00:00Z,2022-07-02T06:00:00Z,train
3137,2022-04-03T18:00:00Z,2022-06-02T12:00:00Z,2022-06-02T18:00:00Z,2022-07-02T12:00:00Z,train
3138,2022-04-04T00:00:00Z,2022-06-02T18:00:00Z,2022-06-03T00:00:00Z,2022-07-02T18:00:00Z,train
3139,2022-04-04T06:00:00Z,2022-06-03T00:00:00Z,2022-06-03T06:00:00Z,2022-07-03T00:00:00Z,train
3140,2022-04-04T12:00:00Z,2022-06-03T06:00:00Z,2022-06-03T12:00:00Z,2022-07-03T06:00:00Z,train
3141,2022-04-04T18:00:00Z,2022-06-03T12:00:00Z,2022-06-03T18:00:00Z,2022-07-03T12:00:00Z,train
3142,2022-04-05T00:00:00Z,2022-06-03T18:00:00Z,2022-06-04T00:00:00Z,2022-07-03T18:00:00Z,train
3143,2022-04-05T06:00:00Z,2022-06-04T00:00:00Z,2022-06-04T06:00:00Z,2022-07-04T00:00:00Z,train
3144,2022-04-05T12:00:00Z,2022-06-04T06:00:00Z,2022-06-04T12:00:00Z,2022-07-04T06:00:00Z,train
3145,2022-04-05T18:00:00Z,2022-06-04T12:00:00Z,2022-06-04T18:00:00Z,2022-07-04T12:00:00Z,train
3146,2022-04-06T00:00:00Z,2022-06-04T18:00:00Z,2022-06-05T00:00:00Z,2022-07-04T18:00:00Z,train
3147,2022-04-06T06:00:00Z,2022-06-05T00:00:00Z,2022-06-05T06:00:00Z,2022-07-05T00:00:00Z,train
3148,2022-04-06T12:00:00Z,2022-06-05T06:00:00Z,2022-06-05T12:00:00Z,2022-07-05T06:00:00Z,train
3149,2022-04-06T18:00:00Z,2022-06-05T12:00:00Z,2022-06-05T18:00:00Z,2022-07-05T12:00:00Z,train
3150,2022-04-07T00:00:00Z,2022-06-05T18:00:00Z,2022-06-06T00:00:00Z,2022-07-05T18:00:00Z,train
3151,2022-04-07T06:00:00Z,2022-06-06T00:00:00Z,2022-06-06T06:00:00Z,2022-07-06T00:00:00Z,train
3152,2022-04-07T12:00:00Z,2022-06-06T06:00:00Z,2022-06-06T12:00:00Z,2022-07-06T06:00:00Z,train
3153,2022-04-07T18:00:00Z,2022-06-06T12:00:00Z,2022-06-06T18:00:00Z,2022-07-06T12:00:00Z,train
3154,2022-04-08T00:00:00Z,2022-06-06T18:00:00Z,2022-06-07T00:00:00Z,2022-07-06T18:00:00Z,train
3155,2022-04-08T06:00:00Z,2022-06-07T00:00:00Z,2022-06-07T06:00:00Z,2022-07-07T00:00:00Z,train
3156,2022-04-08T12:00:00Z,2022-06-07T06:00:00Z,2022-06-07T12:00:00Z,2022-07-07T06:00:00Z,train
3157,2022-04-08T18:00:00Z,2022-06-07T12:00:00Z,2022-06-07T18:00:00Z,2022-07-07T12:00:00Z,train
3158,2022-04-09T00:00:00Z,2022-06-07T18:00:00Z,2022-06-08T00:00:00Z,2022-07-07T18:00:00Z,train
3159,2022-04-09T06:00:00Z,2022-06-08T00:00:00Z,2022-06-08T06:00:00Z,2022-07-08T00:00:00Z,train
3160,2022-04-09T12:00:00Z,2022-06-08T06:00:00Z,2022-06-08T12:00:00Z,2022-07-08T06:00:00Z,train
3161,2022-04-09T18:00:00Z,2022-06-08T12:00:00Z,2022-06-08T18:00:00Z,2022-07-08T12:00:00Z,train
3162,2022-04-10T00:00:00Z,2022-06-08T18:00:00Z,2022-06-09T00:00:00Z,2022-07-08T18:00:00Z,train
3163,2022-04-10T06:00:00Z,2022-06-09T00:00:00Z,2022-06-09T06:00:00Z,2022-07-09T00:00:00Z,train
3164,2022-04-10T12:00:00Z,2022-06-09T06:00:00Z,2022-06-09T12:00:00Z,2022-07-09T06:00:00Z,train
3165,2022-04-10T18:00:00Z,2022-06-09T12:00:00Z,2022-06-09T18:00:00Z,2022-07-09T12:00:00Z,train
3166,2022-04-11T00:00:00Z,2022-06-09T18:00:00Z,2022-06-10T00:00:00Z,2022-07-09T18:00:00Z,train
3167,2022-04-11T06:00:00Z,2022-06-10T00:00:00Z,2022-06-10T06:00:00Z,2022-07-10T00:00:00Z,train
3168,2022-04-11T12:00:00Z,2022-06-10T06:00:00Z,2022-06-10T12:00:00Z,2022-07-10T06:00:00Z,train
3169,2022-04-11T18:00:00Z,2022-06-10T12:00:00Z,2022-06-10T18:00:00Z,2022-07-10T12:00:00Z,train
3170,2022-04-12T00:00:00Z,2022-06-10T18:00:00Z,2022-06-11T00:00:00Z,2022-07-10T18:00:00Z,train
3171,2022-04-12T06:00:00Z,2022-06-11T00:00:00Z,2022-06-11T06:00:00Z,2022-07-11T00:00:00Z,train
3172,2022-04-12T12:00:00Z,2022-06-11T06:00:00Z,2022-06-11T12:00:00Z,2022-07-11T06:00:00Z,train
3173,2022-04-12T18:00:00Z,2022-06-11T12:00:00Z,2022-06-11T18:00:00Z,2022-07-11T12:00:00Z,train
3174,2022-04-13T00:00:00Z,2022-06-11T18:00:00Z,2022-06-12T00:00:00Z,2022-07-11T18:00:00Z,train
3175,2022-04-13T06:00:00Z,2022-06-12T00:00:00Z,2022-06-12T06:00:00Z,2022-07-12T00:00:00Z,train
3176,2022-04-13T12:00:00Z,2022-06-12T06:00:00Z,2022-06-12T12:00:00Z,2022-07-12T06:00:00Z,train
3177,2022-04-13T18:00:00Z,2022-06-12T12:00:00Z,2022-06-12T18:00:00Z,2022-07-12T12:00:00Z,train
3178,2022-04-14T00:00:00Z,2022-06-12T18:00:00Z,2022-06-13T00:00:00Z,2022-07-12T18:00:00Z,train
3179,2022-04-14T06:00:00Z,2022-06-13T00:00:00Z,2022-06-13T06:00:00Z,2022-07-13T00:00:00Z,train
3180,2022-04-14T12:00:00Z,2022-06-13T06:00:00Z,2022-06-13T12:00:00Z,2022-07-13T06:00:00Z,train
3181,2022-04-14T18:00:00Z,2022-06-13T12:00:00Z,2022-06-13T18:00:00Z,2022-07-13T12:00:00Z,train
3182,2022-04-15T00:00:00Z,2022-06-13T18:00:00Z,2022-06-14T00:00:00Z,2022-07-13T18:00:00Z,train
3183,2022-04-15T06:00:00Z,2022-06-14T00:00:00Z,2022-06-14T06:00:00Z,2022-07-14T00:00:00Z,train
3184,2022-04-15T12:00:00Z,2022-06-14T06:00:00Z,2022-06-14T12:00:00Z,2022-07-14T06:00:00Z,train
3185,2022-04-15T18:00:00Z,2022-06-14T12:00:00Z,2022-06-14T18:00:00Z,2022-07-14T12:00:00Z,train
3186,2022-04-16T00:00:00Z,2022-06-14T18:00:00Z,2022-06-15T00:00:00Z,2022-07-14T18:00:00Z,train
3187,2022-04-16T06:00:00Z,2022-06-15T00:00:00Z,2022-06-15T06:00:00Z,2022-07-15T00:00:00Z,train
3188,2022-04-16T12:00:00Z,2022-06-15T06:00:00Z,2022-06-15T12:00:00Z,2022-07-15T06:00:00Z,train
3189,2022-04-16T18:00:00Z,2022-06-15T12:00:00Z,2022-06-15T18:00:00Z,2022-07-15T12:00:00Z,train
3190,2022-04-17T00:00:00Z,2022-06-15T18:00:00Z,2022-06-16T00:00:00Z,2022-07-15T18:00:00Z,train
3191,2022-04-17T06:00:00Z,2022-06-16T00:00:00Z,2022-06-16T06:00:00Z,2022-07-16T00:00:00Z,train
3192,2022-04-17T12:00:00Z,2022-06-16T06:00:00Z,2022-06-16T12:00:00Z,2022-07-16T06:00:00Z,train
3193,2022-04-17T18:00:00Z,2022-06-16T12:00:00Z,2022-06-16T18:00:00Z,2022-07-16T12:00:00Z,train
3194,2022-04-18T00:00:00Z,2022-06-16T18:00:00Z,2022-06-17T00:00:00Z,2022-07-16T18:00:00Z,train
3195,2022-04-18T06:00:00Z,2022-06-17T00:00:00Z,2022-06-17T06:00:00Z,2022-07-17T00:00:00Z,train
3196,2022-04-18T12:00:00Z,2022-06-17T06:00:00Z,2022-06-17T12:00:00Z,2022-07-17T06:00:00Z,train
3197,2022-04-18T18:00:00Z,2022-06-17T12:00:00Z,2022-06-17T18:00:00Z,2022-07-17T12:00:00Z,train
3198,2022-04-19T00:00:00Z,2022-06-17T18:00:00Z,2022-06-18T00:00:00Z,2022-07-17T18:00:00Z,train
3199,2022-04-19T06:00:00Z,2022-06-18T00:00:00Z,2022-06-18T06:00:00Z,2022-07-18T00:00:00Z,train
3200,2022-04-19T12:00:00Z,2022-06-18T06:00:00Z,2022-06-18T12:00:00Z,2022-07-18T06:00:00Z,train
3201,2022-04-19T18:00:00Z,2022-06-18T12:00:00Z,2022-06-18T18:00:00Z,2022-07-18T12:00:00Z,train
3202,2022-04-20T00:00:00Z,2022-06-18T18:00:00Z,2022-06-19T00:00:00Z,2022-07-18T18:00:00Z,train
3203,2022-04-20T06:00:00Z,2022-06-19T00:00:00Z,2022-06-19T06:00:00Z,2022-07-19T00:00:00Z,train
3204,2022-04-20T12:00:00Z,2022-06-19T06:00:00Z,2022-06-19T12:00:00Z,2022-07-19T06:00:00Z,train
3205,2022-04-20T18:00:00Z,2022-06-19T12:00:00Z,2022-06-19T18:00:00Z,2022-07-19T12:00:00Z,train
3206,2022-04-21T00:00:00Z,2022-06-19T18:00:00Z,2022-06-20T00:00:00Z,2022-07-19T18:00:00Z,train
3207,2022-04-21T06:00:00Z,2022-06-20T00:00:00Z,2022-06-20T06:00:00Z,2022-07-20T00:00:00Z,train
3208,2022-04-21T12:00:00Z,2022-06-20T06:00:00Z,2022-06-20T12:00:00Z,2022-07-20T06:00:00Z,train
3209,2022-04-21T18:00:00Z,2022-06-20T12:00:00Z,2022-06-20T18:00:00Z,2022-07-20T12:00:00Z,train
3210,2022-04-22T00:00:00Z,2022-06-20T18:00:00Z,2022-06-21T00:00:00Z,2022-07-20T18:00:00Z,train
3211,2022-04-22T06:00:00Z,2022-06-21T00:00:00Z,2022-06-21T06:00:00Z,2022-07-21T00:00:00Z,train
3212,2022-04-22T12:00:00Z,2022-06-21T06:00:00Z,2022-06-21T12:00:00Z,2022-07-21T06:00:00Z,train
3213,2022-04-22T18:00:00Z,2022-06-21T12:00:00Z,2022-06-21T18:00:00Z,2022-07-21T12:00:00Z,train
3214,2022-04-23T00:00:00Z,2022-06-21T18:00:00Z,2022-06-22T00:00:00Z,2022-07-21T18:00:00Z,train
3215,2022-04-23T06:00:00Z,2022-06-22T00:00:00Z,2022-06-22T06:00:00Z,2022-07-22T00:00:00Z,train
3216,2022-04-23T12:00:00Z,2022-06-22T06:00:00Z,2022-06-22T12:00:00Z,2022-07-22T06:00:00Z,train
3217,2022-04-23T18:00:00Z,2022-06-22T12:00:00Z,2022-06-22T18:00:00Z,2022-07-22T12:00:00Z,train
3218,2022-04-24T00:00:00Z,2022-06-22T18:00:00Z,2022-06-23T00:00:00Z,2022-07-22T18:00:00Z,train
3219,2022-04-24T06:00:00Z,2022-06-23T00:00:00Z,2022-06-23T06:00:00Z,2022-07-23T00:00:00Z,train
3220,2022-04-24T12:00:00Z,2022-06-23T06:00:00Z,2022-06-23T12:00:00Z,2022-07-23T06:00:00Z,train
3221,2022-04-24T18:00:00Z,2022-06-23T12:00:00Z,2022-06-23T18:00:00Z,2022-07-23T12:00:00Z,train
3222,2022-04-25T00:00:00Z,2022-06-23T18:00:00Z,2022-06-24T00:00:00Z,2022-07-23T18:00:00Z,train
3223,2022-04-25T06:00:00Z,2022-06-24T00:00:00Z,2022-06-24T06:00:00Z,2022-07-24T00:00:00Z,train
3224,2022-04-25T12:00:00Z,2022-06-24T06:00:00Z,2022-06-24T12:00:00Z,2022-07-24T06:00:00Z,train
3225,2022-04-25T18:00:00Z,2022-06-24T12:00:00Z,2022-06-24T18:00:00Z,2022-07-24T12:00:00Z,train
3226,2022-04-26T00:00:00Z,2022-06-24T18:00:00Z,2022-06-25T00:00:00Z,2022-07-24T18:00:00Z,train
3227,2022-04-26T06:00:00Z,2022-06-25T00:00:00Z,2022-06-25T06:00:00Z,2022-07-25T00:00:00Z,train
3228,2022-04-26T12:00:00Z,2022-06-25T06:00:00Z,2022-06-25T12:00:00Z,2022-07-25T06:00:00Z,train
3229,2022-04-26T18:00:00Z,2022-06-25T12:00:00Z,2022-06-25T18:00:00Z,2022-07-25T12:00:00Z,train
3230,2022-04-27T00:00:00Z,2022-06-25T18:00:00Z,2022-06-26T00:00:00Z,2022-07-25T18:00:00Z,train
3231,2022-04-27T06:00:00Z,2022-06-26T00:00:00Z,2022-06-26T06:00:00Z,2022-07-26T00:00:00Z,train
3232,2022-04-27T12:00:00Z,2022-06-26T06:00:00Z,2022-06-26T12:00:00Z,2022-07-26T06:00:00Z,train
3233,2022-04-27T18:00:00Z,2022-06-26T12:00:00Z,2022-06-26T18:00:00Z,2022-07-26T12:00:00Z,train
3234,2022-04-28T00:00:00Z,2022-06-26T18:00:00Z,2022-06-27T00:00:00Z,2022-07-26T18:00:00Z,train
3235,2022-04-28T06:00:00Z,2022-06-27T00:00:00Z,2022-06-27T06:00:00Z,2022-07-27T00:00:00Z,train
3236,2022-04-28T12:00:00Z,2022-06-27T06:00:00Z,2022-06-27T12:00:00Z,2022-07-27T06:00:00Z,train
3237,2022-04-28T18:00:00Z,2022-06-27T12:00:00Z,2022-06-27T18:00:00Z,2022-07-27T12:00:00Z,train
3238,2022-04-29T00:00:00Z,2022-06-27T18:00:00Z,2022-06-28T00:00:00Z,2022-07-27T18:00:00Z,train
3239,2022-04-29T06:00:00Z,2022-06-28T00:00:00Z,2022-06-28T06:00:00Z,2022-07-28T00:00:00Z,train
3240,2022-04-29T12:00:00Z,2022-06-28T06:00:00Z,2022-06-28T12:00:00Z,2022-07-28T06:00:00Z,train
3241,2022-04-29T18:00:00Z,2022-06-28T12:00:00Z,2022-06-28T18:00:00Z,2022-07-28T12:00:00Z,train
3242,2022-04-30T00:00:00Z,2022-06-28T18:00:00Z,2022-06-29T00:00:00Z,2022-07-28T18:00:00Z,train
3243,2022-04-30T06:00:00Z,2022-06-29T00:00:00Z,2022-06-29T06:00:00Z,2022-07-29T00:00:00Z,train
3244,2022-04-30T12:00:00Z,2022-06-29T06:00:00Z,2022-06-29T12:00:00Z,2022-07-29T06:00:00Z,train
3245,2022-04-30T18:00:00Z,2022-06-29T12:00:00Z,2022-06-29T18:00:00Z,2022-07-29T12:00:00Z,train
3246,2022-05-01T00:00:00Z,2022-06-29T18:00:00Z,2022-06-30T00:00:00Z,2022-07-29T18:00:00Z,train
3247,2022-05-01T06:00:00Z,2022-06-30T00:00:00Z,2022-06-30T06:00:00Z,2022-07-30T00:00:00Z,train
3248,2022-05-01T12:00:00Z,2022-06-30T06:00:00Z,2022-06-30T12:00:00Z,2022-07-30T06:00:00Z,train
3249,2022-05-01T18:00:00Z,2022-06-30T12:00:00Z,2022-06-30T18:00:00Z,2022-07-30T12:00:00Z,train
3250,2022-05-02T00:00:00Z,2022-06-30T18:00:00Z,2022-07-01T00:00:00Z,2022-07-30T18:00:00Z,train
3251,2022-05-02T06:00:00Z,2022-07-01T00:00:00Z,2022-07-01T06:00:00Z,2022-07-31T00:00:00Z,train
3252,2022-05-02T12:00:00Z,2022-07-01T06:00:00Z,2022-07-01T12:00:00Z,2022-07-31T06:00:00Z,train
3253,2022-05-02T18:00:00Z,2022-07-01T12:00:00Z,2022-07-01T18:00:00Z,2022-07-31T12:00:00Z,train
3254,2022-05-03T00:00:00Z,2022-07-01T18:00:00Z,2022-07-02T00:00:00Z,2022-07-31T18:00:00Z,train
3255,2022-05-03T06:00:00Z,2022-07-02T00:00:00Z,2022-07-02T06:00:00Z,2022-08-01T00:00:00Z,train
3256,2022-05-03T12:00:00Z,2022-07-02T06:00:00Z,2022-07-02T12:00:00Z,2022-08-01T06:00:00Z,train
3257,2022-05-03T18:00:00Z,2022-07-02T12:00:00Z,2022-07-02T18:00:00Z,2022-08-01T12:00:00Z,train
3258,2022-05-04T00:00:00Z,2022-07-02T18:00:00Z,2022-07-03T00:00:00Z,2022-08-01T18:00:00Z,train
3259,2022-05-04T06:00:00Z,2022-07-03T00:00:00Z,2022-07-03T06:00:00Z,2022-08-02T00:00:00Z,train
3260,2022-05-04T12:00:00Z,2022-07-03T06:00:00Z,2022-07-03T12:00:00Z,2022-08-02T06:00:00Z,train
3261,2022-05-04T18:00:00Z,2022-07-03T12:00:00Z,2022-07-03T18:00:00Z,2022-08-02T12:00:00Z,train
3262,2022-05-05T00:00:00Z,2022-07-03T18:00:00Z,2022-07-04T00:00:00Z,2022-08-02T18:00:00Z,train
3263,2022-05-05T06:00:00Z,2022-07-04T00:00:00Z,2022-07-04T06:00:00Z,2022-08-03T00:00:00Z,train
3264,2022-05-05T12:00:00Z,2022-07-04T06:00:00Z,2022-07-04T12:00:00Z,2022-08-03T06:00:00Z,train
3265,2022-05-05T18:00:00Z,2022-07-04T12:00:00Z,2022-07-04T18:00:00Z,2022-08-03T12:00:00Z,train
3266,2022-05-06T00:00:00Z,2022-07-04T18:00:00Z,2022-07-05T00:00:00Z,2022-08-03T18:00:00Z,train
3267,2022-05-06T06:00:00Z,2022-07-05T00:00:00Z,2022-07-05T06:00:00Z,2022-08-04T00:00:00Z,train
3268,2022-05-06T12:00:00Z,2022-07-05T06:00:00Z,2022-07-05T12:00:00Z,2022-08-04T06:00:00Z,train
3269,2022-05-06T18:00:00Z,2022-07-05T12:00:00Z,2022-07-05T18:00:00Z,2022-08-04T12:00:00Z,train
3270,2022-05-07T00:00:00Z,2022-07-05T18:00:00Z,2022-07-06T00:00:00Z,2022-08-04T18:00:00Z,train
3271,2022-05-07T06:00:00Z,2022-07-06T00:00:00Z,2022-07-06T06:00:00Z,2022-08-05T00:00:00Z,train
3272,2022-05-07T12:00:00Z,2022-07-06T06:00:00Z,2022-07-06T12:00:00Z,2022-08-05T06:00:00Z,train
3273,2022-05-07T18:00:00Z,2022-07-06T12:00:00Z,2022-07-06T18:00:00Z,2022-08-05T12:00:00Z,train
3274,2022-05-08T00:00:00Z,2022-07-06T18:00:00Z,2022-07-07T00:00:00Z,2022-08-05T18:00:00Z,train
3275,2022-05-08T06:00:00Z,2022-07-07T00:00:00Z,2022-07-07T06:00:00Z,2022-08-06T00:00:00Z,train
3276,2022-05-08T12:00:00Z,2022-07-07T06:00:00Z,2022-07-07T12:00:00Z,2022-08-06T06:00:00Z,train
3277,2022-05-08T18:00:00Z,2022-07-07T12:00:00Z,2022-07-07T18:00:00Z,2022-08-06T12:00:00Z,train
3278,2022-05-09T00:00:00Z,2022-07-07T18:00:00Z,2022-07-08T00:00:00Z,2022-08-06T18:00:00Z,train
3279,2022-05-09T06:00:00Z,2022-07-08T00:00:00Z,2022-07-08T06:00:00Z,2022-08-07T00:00:00Z,train
3280,2022-05-09T12:00:00Z,2022-07-08T06:00:00Z,2022-07-08T12:00:00Z,2022-08-07T06:00:00Z,train
3281,2022-05-09T18:00:00Z,2022-07-08T12:00:00Z,2022-07-08T18:00:00Z,2022-08-07T12:00:00Z,train
3282,2022-05-10T00:00:00Z,2022-07-08T18:00:00Z,2022-07-09T00:00:00Z,2022-08-07T18:00:00Z,train
3283,2022-05-10T06:00:00Z,2022-07-09T00:00:00Z,2022-07-09T06:00:00Z,2022-08-08T00:00:00Z,train
3284,2022-05-10T12:00:00Z,2022-07-09T06:00:00Z,2022-07-09T12:00:00Z,2022-08-08T06:00:00Z,train
3285,2022-05-10T18:00:00Z,2022-07-09T12:00:00Z,2022-07-09T18:00:00Z,2022-08-08T12:00:00Z,train
3286,2022-05-11T00:00:00Z,2022-07-09T18:00:00Z,2022-07-10T00:00:00Z,2022-08-08T18:00:00Z,train
3287,2022-05-11T06:00:00Z,2022-07-10T00:00:00Z,2022-07-10T06:00:00Z,2022-08-09T00:00:00Z,train
3288,2022-05-11T12:00:00Z,2022-07-10T06:00:00Z,2022-07-10T12:00:00Z,2022-08-09T06:00:00Z,train
3289,2022-05-11T18:00:00Z,2022-07-10T12:00:00Z,2022-07-10T18:00:00Z,2022-08-09T12:00:00Z,train
3290,2022-05-12T00:00:00Z,2022-07-10T18:00:00Z,2022-07-11T00:00:00Z,2022-08-09T18:00:00Z,train
3291,2022-05-12T06:00:00Z,2022-07-11T00:00:00Z,2022-07-11T06:00:00Z,2022-08-10T00:00:00Z,train
3292,2022-05-12T12:00:00Z,2022-07-11T06:00:00Z,2022-07-11T12:00:00Z,2022-08-10T06:00:00Z,train
3293,2022-05-12T18:00:00Z,2022-07-11T12:00:00Z,2022-07-11T18:00:00Z,2022-08-10T12:00:00Z,train
3294,2022-05-13T00:00:00Z,2022-07-11T18:00:00Z,2022-07-12T00:00:00Z,2022-08-10T18:00:00Z,train
3295,2022-05-13T06:00:00Z,2022-07-12T00:00:00Z,2022-07-12T06:00:00Z,2022-08-11T00:00:00Z,train
3296,2022-05-13T12:00:00Z,2022-07-12T06:00:00Z,2022-07-12T12:00:00Z,2022-08-11T06:00:00Z,train
3297,2022-05-13T18:00:00Z,2022-07-12T12:00:00Z,2022-07-12T18:00:00Z,2022-08-11T12:00:00Z,train
3298,2022-05-14T00:00:00Z,2022-07-12T18:00:00Z,2022-07-13T00:00:00Z,2022-08-11T18:00:00Z,train
3299,2022-05-14T06:00:00Z,2022-07-13T00:00:00Z,2022-07-13T06:00:00Z,2022-08-12T00:00:00Z,train
3300,2022-05-14T12:00:00Z,2022-07-13T06:00:00Z,2022-07-13T12:00:00Z,2022-08-12T06:00:00Z,train
3301,2022-05-14T18:00:00Z,2022-07-13T12:00:00Z,2022-07-13T18:00:00Z,2022-08-12T12:00:00Z,train
3302,2022-05-15T00:00:00Z,2022-07-13T18:00:00Z,2022-07-14T00:00:00Z,2022-08-12T18:00:00Z,train
3303,2022-05-15T06:00:00Z,2022-07-14T00:00:00Z,2022-07-14T06:00:00Z,2022-08-13T00:00:00Z,train
3304,2022-05-15T12:00:00Z,2022-07-14T06:00:00Z,2022-07-14T12:00:00Z,2022-08-13T06:00:00Z,train
3305,2022-05-15T18:00:00Z,2022-07-14T12:00:00Z,2022-07-14T18:00:00Z,2022-08-13T12:00:00Z,train
3306,2022-05-16T00:00:00Z,2022-07-14T18:00:00Z,2022-07-15T00:00:00Z,2022-08-13T18:00:00Z,train
3307,2022-05-16T06:00:00Z,2022-07-15T00:00:00Z,2022-07-15T06:00:00Z,2022-08-14T00:00:00Z,train
3308,2022-05-16T12:00:00Z,2022-07-15T06:00:00Z,2022-07-15T12:00:00Z,2022-08-14T06:00:00Z,train
3309,2022-05-16T18:00:00Z,2022-07-15T12:00:00Z,2022-07-15T18:00:00Z,2022-08-14T12:00:00Z,train
3310,2022-05-17T00:00:00Z,2022-07-15T18:00:00Z,2022-07-16T00:00:00Z,2022-08-14T18:00:00Z,train
3311,2022-05-17T06:00:00Z,2022-07-16T00:00:00Z,2022-07-16T06:00:00Z,2022-08-15T00:00:00Z,train
3312,2022-05-17T12:00:00Z,2022-07-16T06:00:00Z,2022-07-16T12:00:00Z,2022-08-15T06:00:00Z,train
3313,2022-05-17T18:00:00Z,2022-07-16T12:00:00Z,2022-07-16T18:00:00Z,2022-08-15T12:00:00Z,train
3314,2022-05-18T00:00:00Z,2022-07-16T18:00:00Z,2022-07-17T00:00:00Z,2022-08-15T18:00:00Z,train
3315,2022-05-18T06:00:00Z,2022-07-17T00:00:00Z,2022-07-17T06:00:00Z,2022-08-16T00:00:00Z,train
3316,2022-05-18T12:00:00Z,2022-07-17T06:00:00Z,2022-07-17T12:00:00Z,2022-08-16T06:00:00Z,train
3317,2022-05-18T18:00:00Z,2022-07-17T12:00:00Z,2022-07-17T18:00:00Z,2022-08-16T12:00:00Z,train
3318,2022-05-19T00:00:00Z,2022-07-17T18:00:00Z,2022-07-18T00:00:00Z,2022-08-16T18:00:00Z,train
3319,2022-05-19T06:00:00Z,2022-07-18T00:00:00Z,2022-07-18T06:00:00Z,2022-08-17T00:00:00Z,train
3320,2022-05-19T12:00:00Z,2022-07-18T06:00:00Z,2022-07-18T12:00:00Z,2022-08-17T06:00:00Z,train
3321,2022-05-19T18:00:00Z,2022-07-18T12:00:00Z,2022-07-18T18:00:00Z,2022-08-17T12:00:00Z,train
3322,2022-05-20T00:00:00Z,2022-07-18T18:00:00Z,2022-07-19T00:00:00Z,2022-08-17T18:00:00Z,train
3323,2022-05-20T06:00:00Z,2022-07-19T00:00:00Z,2022-07-19T06:00:00Z,2022-08-18T00:00:00Z,train
3324,2022-05-20T12:00:00Z,2022-07-19T06:00:00Z,2022-07-19T12:00:00Z,2022-08-18T06:00:00Z,train
3325,2022-05-20T18:00:00Z,2022-07-19T12:00:00Z,2022-07-19T18:00:00Z,2022-08-18T12:00:00Z,train
3326,2022-05-21T00:00:00Z,2022-07-19T18:00:00Z,2022-07-20T00:00:00Z,2022-08-18T18:00:00Z,train
3327,2022-05-21T06:00:00Z,2022-07-20T00:00:00Z,2022-07-20T06:00:00Z,2022-08-19T00:00:00Z,train
3328,2022-05-21T12:00:00Z,2022-07-20T06:00:00Z,2022-07-20T12:00:00Z,2022-08-19T06:00:00Z,train
3329,2022-05-21T18:00:00Z,2022-07-20T12:00:00Z,2022-07-20T18:00:00Z,2022-08-19T12:00:00Z,train
3330,2022-05-22T00:00:00Z,2022-07-20T18:00:00Z,2022-07-21T00:00:00Z,2022-08-19T18:00:00Z,train
3331,2022-05-22T06:00:00Z,2022-07-21T00:00:00Z,2022-07-21T06:00:00Z,2022-08-20T00:00:00Z,train
3332,2022-05-22T12:00:00Z,2022-07-21T06:00:00Z,2022-07-21T12:00:00Z,2022-08-20T06:00:00Z,train
3333,2022-05-22T18:00:00Z,2022-07-21T12:00:00Z,2022-07-21T18:00:00Z,2022-08-20T12:00:00Z,train
3334,2022-05-23T00:00:00Z,2022-07-21T18:00:00Z,2022-07-22T00:00:00Z,2022-08-20T18:00:00Z,train
3335,2022-05-23T06:00:00Z,2022-07-22T00:00:00Z,2022-07-22T06:00:00Z,2022-08-21T00:00:00Z,train
3336,2022-05-23T12:00:00Z,2022-07-22T06:00:00Z,2022-07-22T12:00:00Z,2022-08-21T06:00:00Z,train
3337,2022-05-23T18:00:00Z,2022-07-22T12:00:00Z,2022-07-22T18:00:00Z,2022-08-21T12:00:00Z,train
3338,2022-05-24T00:00:00Z,2022-07-22T18:00:00Z,2022-07-23T00:00:00Z,2022-08-21T18:00:00Z,train
3339,2022-05-24T06:00:00Z,2022-07-23T00:00:00Z,2022-07-23T06:00:00Z,2022-08-22T00:00:00Z,train
3340,2022-05-24T12:00:00Z,2022-07-23T06:00:00Z,2022-07-23T12:00:00Z,2022-08-22T06:00:00Z,train
3341,2022-05-24T18:00:00Z,2022-07-23T12:00:00Z,2022-07-23T18:00:00Z,2022-08-22T12:00:00Z,train
3342,2022-05-25T00:00:00Z,2022-07-23T18:00:00Z,2022-07-24T00:00:00Z,2022-08-22T18:00:00Z,train
3343,2022-05-25T06:00:00Z,2022-07-24T00:00:00Z,2022-07-24T06:00:00Z,2022-08-23T00:00:00Z,train
3344,2022-05-25T12:00:00Z,2022-07-24T06:00:00Z,2022-07-24T12:00:00Z,2022-08-23T06:00:00Z,train
3345,2022-05-25T18:00:00Z,2022-07-24T12:00:00Z,2022-07-24T18:00:00Z,2022-08-23T12:00:00Z,train
3346,2022-05-26T00:00:00Z,2022-07-24T18:00:00Z,2022-07-25T00:00:00Z,2022-08-23T18:00:00Z,train
3347,2022-05-26T06:00:00Z,2022-07-25T00:00:00Z,2022-07-25T06:00:00Z,2022-08-24T00:00:00Z,train
3348,2022-05-26T12:00:00Z,2022-07-25T06:00:00Z,2022-07-25T12:00:00Z,2022-08-24T06:00:00Z,train
3349,2022-05-26T18:00:00Z,2022-07-25T12:00:00Z,2022-07-25T18:00:00Z,2022-08-24T12:00:00Z,train
3350,2022-05-27T00:00:00Z,2022-07-25T18:00:00Z,2022-07-26T00:00:00Z,2022-08-24T18:00:00Z,train
3351,2022-05-27T06:00:00Z,2022-07-26T00:00:00Z,2022-07-26T06:00:00Z,2022-08-25T00:00:00Z,train
3352,2022-05-27T12:00:00Z,2022-07-26T06:00:00Z,2022-07-26T12:00:00Z,2022-08-25T06:00:00Z,train
3353,2022-05-27T18:00:00Z,2022-07-26T12:00:00Z,2022-07-26T18:00:00Z,2022-08-25T12:00:00Z,train
3354,2022-05-28T00:00:00Z,2022-07-26T18:00:00Z,2022-07-27T00:00:00Z,2022-08-25T18:00:00Z,train
3355,2022-05-28T06:00:00Z,2022-07-27T00:00:00Z,2022-07-27T06:00:00Z,2022-08-26T00:00:00Z,train
3356,2022-05-28T12:00:00Z,2022-07-27T06:00:00Z,2022-07-27T12:00:00Z,2022-08-26T06:00:00Z,train
3357,2022-05-28T18:00:00Z,2022-07-27T12:00:00Z,2022-07-27T18:00:00Z,2022-08-26T12:00:00Z,train
3358,2022-05-29T00:00:00Z,2022-07-27T18:00:00Z,2022-07-28T00:00:00Z,2022-08-26T18:00:00Z,train
3359,2022-05-29T06:00:00Z,2022-07-28T00:00:00Z,2022-07-28T06:00:00Z,2022-08-27T00:00:00Z,train
3360,2022-05-29T12:00:00Z,2022-07-28T06:00:00Z,2022-07-28T12:00:00Z,2022-08-27T06:00:00Z,train
3361,2022-05-29T18:00:00Z,2022-07-28T12:00:00Z,2022-07-28T18:00:00Z,2022-08-27T12:00:00Z,train
3362,2022-05-30T00:00:00Z,2022-07-28T18:00:00Z,2022-07-29T00:00:00Z,2022-08-27T18:00:00Z,train
3363,2022-05-30T06:00:00Z,2022-07-29T00:00:00Z,2022-07-29T06:00:00Z,2022-08-28T00:00:00Z,train
3364,2022-05-30T12:00:00Z,2022-07-29T06:00:00Z,2022-07-29T12:00:00Z,2022-08-28T06:00:00Z,train
3365,2022-05-30T18:00:00Z,2022-07-29T12:00:00Z,2022-07-29T18:00:00Z,2022-08-28T12:00:00Z,train
3366,2022-05-31T00:00:00Z,2022-07-29T18:00:00Z,2022-07-30T00:00:00Z,2022-08-28T18:00:00Z,train
3367,2022-05-31T06:00:00Z,2022-07-30T00:00:00Z,2022-07-30T06:00:00Z,2022-08-29T00:00:00Z,train
3368,2022-05-31T12:00:00Z,2022-07-30T06:00:00Z,2022-07-30T12:00:00Z,2022-08-29T06:00:00Z,train
3369,2022-05-31T18:00:00Z,2022-07-30T12:00:00Z,2022-07-30T18:00:00Z,2022-08-29T12:00:00Z,train
3370,2022-06-01T00:00:00Z,2022-07-30T18:00:00Z,2022-07-31T00:00:00Z,2022-08-29T18:00:00Z,train
3371,2022-06-01T06:00:00Z,2022-07-31T00:00:00Z,2022-07-31T06:00:00Z,2022-08-30T00:00:00Z,train
3372,2022-06-01T12:00:00Z,2022-07-31T06:00:00Z,2022-07-31T12:00:00Z,2022-08-30T06:00:00Z,train
3373,2022-06-01T18:00:00Z,2022-07-31T12:00:00Z,2022-07-31T18:00:00Z,2022-08-30T12:00:00Z,train
3374,2022-06-02T00:00:00Z,2022-07-31T18:00:00Z,2022-08-01T00:00:00Z,2022-08-30T18:00:00Z,train
3375,2022-06-02T06:00:00Z,2022-08-01T00:00:00Z,2022-08-01T06:00:00Z,2022-08-31T00:00:00Z,train
3376,2022-06-02T12:00:00Z,2022-08-01T06:00:00Z,2022-08-01T12:00:00Z,2022-08-31T06:00:00Z,train
3377,2022-06-02T18:00:00Z,2022-08-01T12:00:00Z,2022-08-01T18:00:00Z,2022-08-31T12:00:00Z,train
3378,2022-06-03T00:00:00Z,2022-08-01T18:00:00Z,2022-08-02T00:00:00Z,2022-08-31T18:00:00Z,train
3379,2022-06-03T06:00:00Z,2022-08-02T00:00:00Z,2022-08-02T06:00:00Z,2022-09-01T00:00:00Z,train
3380,2022-06-03T12:00:00Z,2022-08-02T06:00:00Z,2022-08-02T12:00:00Z,2022-09-01T06:00:00Z,train
3381,2022-06-03T18:00:00Z,2022-08-02T12:00:00Z,2022-08-02T18:00:00Z,2022-09-01T12:00:00Z,train
3382,2022-06-04T00:00:00Z,2022-08-02T18:00:00Z,2022-08-03T00:00:00Z,2022-09-01T18:00:00Z,train
3383,2022-06-04T06:00:00Z,2022-08-03T00:00:00Z,2022-08-03T06:00:00Z,2022-09-02T00:00:00Z,train
3384,2022-06-04T12:00:00Z,2022-08-03T06:00:00Z,2022-08-03T12:00:00Z,2022-09-02T06:00:00Z,train
3385,2022-06-04T18:00:00Z,2022-08-03T12:00:00Z,2022-08-03T18:00:00Z,2022-09-02T12:00:00Z,train
3386,2022-06-05T00:00:00Z,2022-08-03T18:00:00Z,2022-08-04T00:00:00Z,2022-09-02T18:00:00Z,train
3387,2022-06-05T06:00:00Z,2022-08-04T00:00:00Z,2022-08-04T06:00:00Z,2022-09-03T00:00:00Z,train
3388,2022-06-05T12:00:00Z,2022-08-04T06:00:00Z,2022-08-04T12:00:00Z,2022-09-03T06:00:00Z,train
3389,2022-06-05T18:00:00Z,2022-08-04T12:00:00Z,2022-08-04T18:00:00Z,2022-09-03T12:00:00Z,train
3390,2022-06-06T00:00:00Z,2022-08-04T18:00:00Z,2022-08-05T00:00:00Z,2022-09-03T18:00:00Z,train
3391,2022-06-06T06:00:00Z,2022-08-05T00:00:00Z,2022-08-05T06:00:00Z,2022-09-04T00:00:00Z,train
3392,2022-06-06T12:00:00Z,2022-08-05T06:00:00Z,2022-08-05T12:00:00Z,2022-09-04T06:00:00Z,train
3393,2022-06-06T18:00:00Z,2022-08-05T12:00:00Z,2022-08-05T18:00:00Z,2022-09-04T12:00:00Z,train
3394,2022-06-07T00:00:00Z,2022-08-05T18:00:00Z,2022-08-06T00:00:00Z,2022-09-04T18:00:00Z,train
3395,2022-06-07T06:00:00Z,2022-08-06T00:00:00Z,2022-08-06T06:00:00Z,2022-09-05T00:00:00Z,train
3396,2022-06-07T12:00:00Z,2022-08-06T06:00:00Z,2022-08-06T12:00:00Z,2022-09-05T06:00:00Z,train
3397,2022-06-07T18:00:00Z,2022-08-06T12:00:00Z,2022-08-06T18:00:00Z,2022-09-05T12:00:00Z,train
3398,2022-06-08T00:00:00Z,2022-08-06T18:00:00Z,2022-08-07T00:00:00Z,2022-09-05T18:00:00Z,train
3399,2022-06-08T06:00:00Z,2022-08-07T00:00:00Z,2022-08-07T06:00:00Z,2022-09-06T00:00:00Z,train
3400,2022-06-08T12:00:00Z,2022-08-07T06:00:00Z,2022-08-07T12:00:00Z,2022-09-06T06:00:00Z,train
3401,2022-06-08T18:00:00Z,2022-08-07T12:00:00Z,2022-08-07T18:00:00Z,2022-09-06T12:00:00Z,train
3402,2022-06-09T00:00:00Z,2022-08-07T18:00:00Z,2022-08-08T00:00:00Z,2022-09-06T18:00:00Z,train
3403,2022-06-09T06:00:00Z,2022-08-08T00:00:00Z,2022-08-08T06:00:00Z,2022-09-07T00:00:00Z,train
3404,2022-06-09T12:00:00Z,2022-08-08T06:00:00Z,2022-08-08T12:00:00Z,2022-09-07T06:00:00Z,train
3405,2022-06-09T18:00:00Z,2022-08-08T12:00:00Z,2022-08-08T18:00:00Z,2022-09-07T12:00:00Z,train
3406,2022-06-10T00:00:00Z,2022-08-08T18:00:00Z,2022-08-09T00:00:00Z,2022-09-07T18:00:00Z,train
3407,2022-06-10T06:00:00Z,2022-08-09T00:00:00Z,2022-08-09T06:00:00Z,2022-09-08T00:00:00Z,train
3408,2022-06-10T12:00:00Z,2022-08-09T06:00:00Z,2022-08-09T12:00:00Z,2022-09-08T06:00:00Z,train
3409,2022-06-10T18:00:00Z,2022-08-09T12:00:00Z,2022-08-09T18:00:00Z,2022-09-08T12:00:00Z,train
3410,2022-06-11T00:00:00Z,2022-08-09T18:00:00Z,2022-08-10T00:00:00Z,2022-09-08T18:00:00Z,train
3411,2022-06-11T06:00:00Z,2022-08-10T00:00:00Z,2022-08-10T06:00:00Z,2022-09-09T00:00:00Z,train
3412,2022-06-11T12:00:00Z,2022-08-10T06:00:00Z,2022-08-10T12:00:00Z,2022-09-09T06:00:00Z,train
3413,2022-06-11T18:00:00Z,2022-08-10T12:00:00Z,2022-08-10T18:00:00Z,2022-09-09T12:00:00Z,train
3414,2022-06-12T00:00:00Z,2022-08-10T18:00:00Z,2022-08-11T00:00:00Z,2022-09-09T18:00:00Z,train
3415,2022-06-12T06:00:00Z,2022-08-11T00:00:00Z,2022-08-11T06:00:00Z,2022-09-10T00:00:00Z,train
3416,2022-06-12T12:00:00Z,2022-08-11T06:00:00Z,2022-08-11T12:00:00Z,2022-09-10T06:00:00Z,train
3417,2022-06-12T18:00:00Z,2022-08-11T12:00:00Z,2022-08-11T18:00:00Z,2022-09-10T12:00:00Z,train
3418,2022-06-13T00:00:00Z,2022-08-11T18:00:00Z,2022-08-12T00:00:00Z,2022-09-10T18:00:00Z,train
3419,2022-06-13T06:00:00Z,2022-08-12T00:00:00Z,2022-08-12T06:00:00Z,2022-09-11T00:00:00Z,train
3420,2022-06-13T12:00:00Z,2022-08-12T06:00:00Z,2022-08-12T12:00:00Z,2022-09-11T06:00:00Z,train
3421,2022-06-13T18:00:00Z,2022-08-12T12:00:00Z,2022-08-12T18:00:00Z,2022-09-11T12:00:00Z,train
3422,2022-06-14T00:00:00Z,2022-08-12T18:00:00Z,2022-08-13T00:00:00Z,2022-09-11T18:00:00Z,train
3423,2022-06-14T06:00:00Z,2022-08-13T00:00:00Z,2022-08-13T06:00:00Z,2022-09-12T00:00:00Z,train
3424,2022-06-14T12:00:00Z,2022-08-13T06:00:00Z,2022-08-13T12:00:00Z,2022-09-12T06:00:00Z,train
3425,2022-06-14T18:00:00Z,2022-08-13T12:00:00Z,2022-08-13T18:00:00Z,2022-09-12T12:00:00Z,train
3426,2022-06-15T00:00:00Z,2022-08-13T18:00:00Z,2022-08-14T00:00:00Z,2022-09-12T18:00:00Z,train
3427,2022-06-15T06:00:00Z,2022-08-14T00:00:00Z,2022-08-14T06:00:00Z,2022-09-13T00:00:00Z,train
3428,2022-06-15T12:00:00Z,2022-08-14T06:00:00Z,2022-08-14T12:00:00Z,2022-09-13T06:00:00Z,train
3429,2022-06-15T18:00:00Z,2022-08-14T12:00:00Z,2022-08-14T18:00:00Z,2022-09-13T12:00:00Z,train
3430,2022-06-16T00:00:00Z,2022-08-14T18:00:00Z,2022-08-15T00:00:00Z,2022-09-13T18:00:00Z,train
3431,2022-06-16T06:00:00Z,2022-08-15T00:00:00Z,2022-08-15T06:00:00Z,2022-09-14T00:00:00Z,train
3432,2022-06-16T12:00:00Z,2022-08-15T06:00:00Z,2022-08-15T12:00:00Z,2022-09-14T06:00:00Z,train
3433,2022-06-16T18:00:00Z,2022-08-15T12:00:00Z,2022-08-15T18:00:00Z,2022-09-14T12:00:00Z,train
3434,2022-06-17T00:00:00Z,2022-08-15T18:00:00Z,2022-08-16T00:00:00Z,2022-09-14T18:00:00Z,train
3435,2022-06-17T06:00:00Z,2022-08-16T00:00:00Z,2022-08-16T06:00:00Z,2022-09-15T00:00:00Z,train
3436,2022-06-17T12:00:00Z,2022-08-16T06:00:00Z,2022-08-16T12:00:00Z,2022-09-15T06:00:00Z,train
3437,2022-06-17T18:00:00Z,2022-08-16T12:00:00Z,2022-08-16T18:00:00Z,2022-09-15T12:00:00Z,train
3438,2022-06-18T00:00:00Z,2022-08-16T18:00:00Z,2022-08-17T00:00:00Z,2022-09-15T18:00:00Z,train
3439,2022-06-18T06:00:00Z,2022-08-17T00:00:00Z,2022-08-17T06:00:00Z,2022-09-16T00:00:00Z,train
3440,2022-06-18T12:00:00Z,2022-08-17T06:00:00Z,2022-08-17T12:00:00Z,2022-09-16T06:00:00Z,train
3441,2022-06-18T18:00:00Z,2022-08-17T12:00:00Z,2022-08-17T18:00:00Z,2022-09-16T12:00:00Z,train
3442,2022-06-19T00:00:00Z,2022-08-17T18:00:00Z,2022-08-18T00:00:00Z,2022-09-16T18:00:00Z,train
3443,2022-06-19T06:00:00Z,2022-08-18T00:00:00Z,2022-08-18T06:00:00Z,2022-09-17T00:00:00Z,train
3444,2022-06-19T12:00:00Z,2022-08-18T06:00:00Z,2022-08-18T12:00:00Z,2022-09-17T06:00:00Z,train
3445,2022-06-19T18:00:00Z,2022-08-18T12:00:00Z,2022-08-18T18:00:00Z,2022-09-17T12:00:00Z,train
3446,2022-06-20T00:00:00Z,2022-08-18T18:00:00Z,2022-08-19T00:00:00Z,2022-09-17T18:00:00Z,train
3447,2022-06-20T06:00:00Z,2022-08-19T00:00:00Z,2022-08-19T06:00:00Z,2022-09-18T00:00:00Z,train
3448,2022-06-20T12:00:00Z,2022-08-19T06:00:00Z,2022-08-19T12:00:00Z,2022-09-18T06:00:00Z,train
3449,2022-06-20T18:00:00Z,2022-08-19T12:00:00Z,2022-08-19T18:00:00Z,2022-09-18T12:00:00Z,train
3450,2022-06-21T00:00:00Z,2022-08-19T18:00:00Z,2022-08-20T00:00:00Z,2022-09-18T18:00:00Z,train
3451,2022-06-21T06:00:00Z,2022-08-20T00:00:00Z,2022-08-20T06:00:00Z,2022-09-19T00:00:00Z,train
3452,2022-06-21T12:00:00Z,2022-08-20T06:00:00Z,2022-08-20T12:00:00Z,2022-09-19T06:00:00Z,train
3453,2022-06-21T18:00:00Z,2022-08-20T12:00:00Z,2022-08-20T18:00:00Z,2022-09-19T12:00:00Z,train
3454,2022-06-22T00:00:00Z,2022-08-20T18:00:00Z,2022-08-21T00:00:00Z,2022-09-19T18:00:00Z,train
3455,2022-06-22T06:00:00Z,2022-08-21T00:00:00Z,2022-08-21T06:00:00Z,2022-09-20T00:00:00Z,train
3456,2022-06-22T12:00:00Z,2022-08-21T06:00:00Z,2022-08-21T12:00:00Z,2022-09-20T06:00:00Z,train
3457,2022-06-22T18:00:00Z,2022-08-21T12:00:00Z,2022-08-21T18:00:00Z,2022-09-20T12:00:00Z,train
3458,2022-06-23T00:00:00Z,2022-08-21T18:00:00Z,2022-08-22T00:00:00Z,2022-09-20T18:00:00Z,train
3459,2022-06-23T06:00:00Z,2022-08-22T00:00:00Z,2022-08-22T06:00:00Z,2022-09-21T00:00:00Z,train
3460,2022-06-23T12:00:00Z,2022-08-22T06:00:00Z,2022-08-22T12:00:00Z,2022-09-21T06:00:00Z,train
3461,2022-06-23T18:00:00Z,2022-08-22T12:00:00Z,2022-08-22T18:00:00Z,2022-09-21T12:00:00Z,train
3462,2022-06-24T00:00:00Z,2022-08-22T18:00:00Z,2022-08-23T00:00:00Z,2022-09-21T18:00:00Z,train
3463,2022-06-24T06:00:00Z,2022-08-23T00:00:00Z,2022-08-23T06:00:00Z,2022-09-22T00:00:00Z,train
3464,2022-06-24T12:00:00Z,2022-08-23T06:00:00Z,2022-08-23T12:00:00Z,2022-09-22T06:00:00Z,train
3465,2022-06-24T18:00:00Z,2022-08-23T12:00:00Z,2022-08-23T18:00:00Z,2022-09-22T12:00:00Z,train
3466,2022-06-25T00:00:00Z,2022-08-23T18:00:00Z,2022-08-24T00:00:00Z,2022-09-22T18:00:00Z,train
3467,2022-06-25T06:00:00Z,2022-08-24T00:00:00Z,2022-08-24T06:00:00Z,2022-09-23T00:00:00Z,train
3468,2022-06-25T12:00:00Z,2022-08-24T06:00:00Z,2022-08-24T12:00:00Z,2022-09-23T06:00:00Z,train
3469,2022-06-25T18:00:00Z,2022-08-24T12:00:00Z,2022-08-24T18:00:00Z,2022-09-23T12:00:00Z,train
3470,2022-06-26T00:00:00Z,2022-08-24T18:00:00Z,2022-08-25T00:00:00Z,2022-09-23T18:00:00Z,train
3471,2022-06-26T06:00:00Z,2022-08-25T00:00:00Z,2022-08-25T06:00:00Z,2022-09-24T00:00:00Z,train
3472,2022-06-26T12:00:00Z,2022-08-25T06:00:00Z,2022-08-25T12:00:00Z,2022-09-24T06:00:00Z,train
3473,2022-06-26T18:00:00Z,2022-08-25T12:00:00Z,2022-08-25T18:00:00Z,2022-09-24T12:00:00Z,train
3474,2022-06-27T00:00:00Z,2022-08-25T18:00:00Z,2022-08-26T00:00:00Z,2022-09-24T18:00:00Z,train
3475,2022-06-27T06:00:00Z,2022-08-26T00:00:00Z,2022-08-26T06:00:00Z,2022-09-25T00:00:00Z,train
3476,2022-06-27T12:00:00Z,2022-08-26T06:00:00Z,2022-08-26T12:00:00Z,2022-09-25T06:00:00Z,train
3477,2022-06-27T18:00:00Z,2022-08-26T12:00:00Z,2022-08-26T18:00:00Z,2022-09-25T12:00:00Z,train
3478,2022-06-28T00:00:00Z,2022-08-26T18:00:00Z,2022-08-27T00:00:00Z,2022-09-25T18:00:00Z,train
3479,2022-06-28T06:00:00Z,2022-08-27T00:00:00Z,2022-08-27T06:00:00Z,2022-09-26T00:00:00Z,train
3480,2022-06-28T12:00:00Z,2022-08-27T06:00:00Z,2022-08-27T12:00:00Z,2022-09-26T06:00:00Z,train
3481,2022-06-28T18:00:00Z,2022-08-27T12:00:00Z,2022-08-27T18:00:00Z,2022-09-26T12:00:00Z,train
3482,2022-06-29T00:00:00Z,2022-08-27T18:00:00Z,2022-08-28T00:00:00Z,2022-09-26T18:00:00Z,train
3483,2022-06-29T06:00:00Z,2022-08-28T00:00:00Z,2022-08-28T06:00:00Z,2022-09-27T00:00:00Z,train
3484,2022-06-29T12:00:00Z,2022-08-28T06:00:00Z,2022-08-28T12:00:00Z,2022-09-27T06:00:00Z,train
3485,2022-06-29T18:00:00Z,2022-08-28T12:00:00Z,2022-08-28T18:00:00Z,2022-09-27T12:00:00Z,train
3486,2022-06-30T00:00:00Z,2022-08-28T18:00:00Z,2022-08-29T00:00:00Z,2022-09-27T18:00:00Z,train
3487,2022-06-30T06:00:00Z,2022-08-29T00:00:00Z,2022-08-29T06:00:00Z,2022-09-28T00:00:00Z,train
3488,2022-06-30T12:00:00Z,2022-08-29T06:00:00Z,2022-08-29T12:00:00Z,2022-09-28T06:00:00Z,train
3489,2022-06-30T18:00:00Z,2022-08-29T12:00:00Z,2022-08-29T18:00:00Z,2022-09-28T12:00:00Z,train
3490,2022-07-01T00:00:00Z,2022-08-29T18:00:00Z,2022-08-30T00:00:00Z,2022-09-28T18:00:00Z,train
3491,2022-07-01T06:00:00Z,2022-08-30T00:00:00Z,2022-08-30T06:00:00Z,2022-09-29T00:00:00Z,train
3492,2022-07-01T12:00:00Z,2022-08-30T06:00:00Z,2022-08-30T12:00:00Z,2022-09-29T06:00:00Z,train
3493,2022-07-01T18:00:00Z,2022-08-30T12:00:00Z,2022-08-30T18:00:00Z,2022-09-29T12:00:00Z,train
3494,2022-07-02T00:00:00Z,2022-08-30T18:00:00Z,2022-08-31T00:00:00Z,2022-09-29T18:00:00Z,train
3495,2022-07-02T06:00:00Z,2022-08-31T00:00:00Z,2022-08-31T06:00:00Z,2022-09-30T00:00:00Z,train
3496,2022-07-02T12:00:00Z,2022-08-31T06:00:00Z,2022-08-31T12:00:00Z,2022-09-30T06:00:00Z,train
3497,2022-07-02T18:00:00Z,2022-08-31T12:00:00Z,2022-08-31T18:00:00Z,2022-09-30T12:00:00Z,train
3498,2022-07-03T00:00:00Z,2022-08-31T18:00:00Z,2022-09-01T00:00:00Z,2022-09-30T18:00:00Z,train
3499,2022-07-03T06:00:00Z,2022-09-01T00:00:00Z,2022-09-01T06:00:00Z,2022-10-01T00:00:00Z,train
3500,2022-07-03T12:00:00Z,2022-09-01T06:00:00Z,2022-09-01T12:00:00Z,2022-10-01T06:00:00Z,train
3501,2022-07-03T18:00:00Z,2022-09-01T12:00:00Z,2022-09-01T18:00:00Z,2022-10-01T12:00:00Z,train
3502,2022-07-04T00:00:00Z,2022-09-01T18:00:00Z,2022-09-02T00:00:00Z,2022-10-01T18:00:00Z,train
3503,2022-07-04T06:00:00Z,2022-09-02T00:00:00Z,2022-09-02T06:00:00Z,2022-10-02T00:00:00Z,train
3504,2022-07-04T12:00:00Z,2022-09-02T06:00:00Z,2022-09-02T12:00:00Z,2022-10-02T06:00:00Z,train
3505,2022-07-04T18:00:00Z,2022-09-02T12:00:00Z,2022-09-02T18:00:00Z,2022-10-02T12:00:00Z,train
3506,2022-07-05T00:00:00Z,2022-09-02T18:00:00Z,2022-09-03T00:00:00Z,2022-10-02T18:00:00Z,train
3507,2022-07-05T06:00:00Z,2022-09-03T00:00:00Z,2022-09-03T06:00:00Z,2022-10-03T00:00:00Z,train
3508,2022-07-05T12:00:00Z,2022-09-03T06:00:00Z,2022-09-03T12:00:00Z,2022-10-03T06:00:00Z,train
3509,2022-07-05T18:00:00Z,2022-09-03T12:00:00Z,2022-09-03T18:00:00Z,2022-10-03T12:00:00Z,train
3510,2022-07-06T00:00:00Z,2022-09-03T18:00:00Z,2022-09-04T00:00:00Z,2022-10-03T18:00:00Z,train
3511,2022-07-06T06:00:00Z,2022-09-04T00:00:00Z,2022-09-04T06:00:00Z,2022-10-04T00:00:00Z,train
3512,2022-07-06T12:00:00Z,2022-09-04T06:00:00Z,2022-09-04T12:00:00Z,2022-10-04T06:00:00Z,train
3513,2022-07-06T18:00:00Z,2022-09-04T12:00:00Z,2022-09-04T18:00:00Z,2022-10-04T12:00:00Z,train
3514,2022-07-07T00:00:00Z,2022-09-04T18:00:00Z,2022-09-05T00:00:00Z,2022-10-04T18:00:00Z,train
3515,2022-07-07T06:00:00Z,2022-09-05T00:00:00Z,2022-09-05T06:00:00Z,2022-10-05T00:00:00Z,train
3516,2022-07-07T12:00:00Z,2022-09-05T06:00:00Z,2022-09-05T12:00:00Z,2022-10-05T06:00:00Z,train
3517,2022-07-07T18:00:00Z,2022-09-05T12:00:00Z,2022-09-05T18:00:00Z,2022-10-05T12:00:00Z,train
3518,2022-07-08T00:00:00Z,2022-09-05T18:00:00Z,2022-09-06T00:00:00Z,2022-10-05T18:00:00Z,train
3519,2022-07-08T06:00:00Z,2022-09-06T00:00:00Z,2022-09-06T06:00:00Z,2022-10-06T00:00:00Z,train
3520,2022-07-08T12:00:00Z,2022-09-06T06:00:00Z,2022-09-06T12:00:00Z,2022-10-06T06:00:00Z,train
3521,2022-07-08T18:00:00Z,2022-09-06T12:00:00Z,2022-09-06T18:00:00Z,2022-10-06T12:00:00Z,train
3522,2022-07-09T00:00:00Z,2022-09-06T18:00:00Z,2022-09-07T00:00:00Z,2022-10-06T18:00:00Z,train
3523,2022-07-09T06:00:00Z,2022-09-07T00:00:00Z,2022-09-07T06:00:00Z,2022-10-07T00:00:00Z,train
3524,2022-07-09T12:00:00Z,2022-09-07T06:00:00Z,2022-09-07T12:00:00Z,2022-10-07T06:00:00Z,train
3525,2022-07-09T18:00:00Z,2022-09-07T12:00:00Z,2022-09-07T18:00:00Z,2022-10-07T12:00:00Z,train
3526,2022-07-10T00:00:00Z,2022-09-07T18:00:00Z,2022-09-08T00:00:00Z,2022-10-07T18:00:00Z,train
3527,2022-07-10T06:00:00Z,2022-09-08T00:00:00Z,2022-09-08T06:00:00Z,2022-10-08T00:00:00Z,train
3528,2022-07-10T12:00:00Z,2022-09-08T06:00:00Z,2022-09-08T12:00:00Z,2022-10-08T06:00:00Z,train
3529,2022-07-10T18:00:00Z,2022-09-08T12:00:00Z,2022-09-08T18:00:00Z,2022-10-08T12:00:00Z,train
3530,2022-07-11T00:00:00Z,2022-09-08T18:00:00Z,2022-09-09T00:00:00Z,2022-10-08T18:00:00Z,train
3531,2022-07-11T06:00:00Z,2022-09-09T00:00:00Z,2022-09-09T06:00:00Z,2022-10-09T00:00:00Z,train
3532,2022-07-11T12:00:00Z,2022-09-09T06:00:00Z,2022-09-09T12:00:00Z,2022-10-09T06:00:00Z,train
3533,2022-07-11T18:00:00Z,2022-09-09T12:00:00Z,2022-09-09T18:00:00Z,2022-10-09T12:00:00Z,train
3534,2022-07-12T00:00:00Z,2022-09-09T18:00:00Z,2022-09-10T00:00:00Z,2022-10-09T18:00:00Z,train
3535,2022-07-12T06:00:00Z,2022-09-10T00:00:00Z,2022-09-10T06:00:00Z,2022-10-10T00:00:00Z,train
3536,2022-07-12T12:00:00Z,2022-09-10T06:00:00Z,2022-09-10T12:00:00Z,2022-10-10T06:00:00Z,train
3537,2022-07-12T18:00:00Z,2022-09-10T12:00:00Z,2022-09-10T18:00:00Z,2022-10-10T12:00:00Z,train
3538,2022-07-13T00:00:00Z,2022-09-10T18:00:00Z,2022-09-11T00:00:00Z,2022-10-10T18:00:00Z,train
3539,2022-07-13T06:00:00Z,2022-09-11T00:00:00Z,2022-09-11T06:00:00Z,2022-10-11T00:00:00Z,train
3540,2022-07-13T12:00:00Z,2022-09-11T06:00:00Z,2022-09-11T12:00:00Z,2022-10-11T06:00:00Z,train
3541,2022-07-13T18:00:00Z,2022-09-11T12:00:00Z,2022-09-11T18:00:00Z,2022-10-11T12:00:00Z,train
3542,2022-07-14T00:00:00Z,2022-09-11T18:00:00Z,2022-09-12T00:00:00Z,2022-10-11T18:00:00Z,train
3543,2022-07-14T06:00:00Z,2022-09-12T00:00:00Z,2022-09-12T06:00:00Z,2022-10-12T00:00:00Z,train
3544,2022-07-14T12:00:00Z,2022-09-12T06:00:00Z,2022-09-12T12:00:00Z,2022-10-12T06:00:00Z,train
3545,2022-07-14T18:00:00Z,2022-09-12T12:00:00Z,2022-09-12T18:00:00Z,2022-10-12T12:00:00Z,train
3546,2022-07-15T00:00:00Z,2022-09-12T18:00:00Z,2022-09-13T00:00:00Z,2022-10-12T18:00:00Z,train
3547,2022-07-15T06:00:00Z,2022-09-13T00:00:00Z,2022-09-13T06:00:00Z,2022-10-13T00:00:00Z,train
3548,2022-07-15T12:00:00Z,2022-09-13T06:00:00Z,2022-09-13T12:00:00Z,2022-10-13T06:00:00Z,train
3549,2022-07-15T18:00:00Z,2022-09-13T12:00:00Z,2022-09-13T18:00:00Z,2022-10-13T12:00:00Z,train
3550,2022-07-16T00:00:00Z,2022-09-13T18:00:00Z,2022-09-14T00:00:00Z,2022-10-13T18:00:00Z,train
3551,2022-07-16T06:00:00Z,2022-09-14T00:00:00Z,2022-09-14T06:00:00Z,2022-10-14T00:00:00Z,train
3552,2022-07-16T12:00:00Z,2022-09-14T06:00:00Z,2022-09-14T12:00:00Z,2022-10-14T06:00:00Z,train
3553,2022-07-16T18:00:00Z,2022-09-14T12:00:00Z,2022-09-14T18:00:00Z,2022-10-14T12:00:00Z,train
3554,2022-07-17T00:00:00Z,2022-09-14T18:00:00Z,2022-09-15T00:00:00Z,2022-10-14T18:00:00Z,train
3555,2022-07-17T06:00:00Z,2022-09-15T00:00:00Z,2022-09-15T06:00:00Z,2022-10-15T00:00:00Z,train
3556,2022-07-17T12:00:00Z,2022-09-15T06:00:00Z,2022-09-15T12:00:00Z,2022-10-15T06:00:00Z,train
3557,2022-07-17T18:00:00Z,2022-09-15T12:00:00Z,2022-09-15T18:00:00Z,2022-10-15T12:00:00Z,train
3558,2022-07-18T00:00:00Z,2022-09-15T18:00:00Z,2022-09-16T00:00:00Z,2022-10-15T18:00:00Z,train
3559,2022-07-18T06:00:00Z,2022-09-16T00:00:00Z,2022-09-16T06:00:00Z,2022-10-16T00:00:00Z,train
3560,2022-07-18T12:00:00Z,2022-09-16T06:00:00Z,2022-09-16T12:00:00Z,2022-10-16T06:00:00Z,train
3561,2022-07-18T18:00:00Z,2022-09-16T12:00:00Z,2022-09-16T18:00:00Z,2022-10-16T12:00:00Z,train
3562,2022-07-19T00:00:00Z,2022-09-16T18:00:00Z,2022-09-17T00:00:00Z,2022-10-16T18:00:00Z,train
3563,2022-07-19T06:00:00Z,2022-09-17T00:00:00Z,2022-09-17T06:00:00Z,2022-10-17T00:00:00Z,train
3564,2022-07-19T12:00:00Z,2022-09-17T06:00:00Z,2022-09-17T12:00:00Z,2022-10-17T06:00:00Z,train
3565,2022-07-19T18:00:00Z,2022-09-17T12:00:00Z,2022-09-17T18:00:00Z,2022-10-17T12:00:00Z,train
3566,2022-07-20T00:00:00Z,2022-09-17T18:00:00Z,2022-09-18T00:00:00Z,2022-10-17T18:00:00Z,train
3567,2022-07-20T06:00:00Z,2022-09-18T00:00:00Z,2022-09-18T06:00:00Z,2022-10-18T00:00:00Z,train
3568,2022-07-20T12:00:00Z,2022-09-18T06:00:00Z,2022-09-18T12:00:00Z,2022-10-18T06:00:00Z,train
3569,2022-07-20T18:00:00Z,2022-09-18T12:00:00Z,2022-09-18T18:00:00Z,2022-10-18T12:00:00Z,train
3570,2022-07-21T00:00:00Z,2022-09-18T18:00:00Z,2022-09-19T00:00:00Z,2022-10-18T18:00:00Z,train
3571,2022-07-21T06:00:00Z,2022-09-19T00:00:00Z,2022-09-19T06:00:00Z,2022-10-19T00:00:00Z,train
3572,2022-07-21T12:00:00Z,2022-09-19T06:00:00Z,2022-09-19T12:00:00Z,2022-10-19T06:00:00Z,train
3573,2022-07-21T18:00:00Z,2022-09-19T12:00:00Z,2022-09-19T18:00:00Z,2022-10-19T12:00:00Z,train
3574,2022-07-22T00:00:00Z,2022-09-19T18:00:00Z,2022-09-20T00:00:00Z,2022-10-19T18:00:00Z,train
3575,2022-07-22T06:00:00Z,2022-09-20T00:00:00Z,2022-09-20T06:00:00Z,2022-10-20T00:00:00Z,train
3576,2022-07-22T12:00:00Z,2022-09-20T06:00:00Z,2022-09-20T12:00:00Z,2022-10-20T06:00:00Z,train
3577,2022-07-22T18:00:00Z,2022-09-20T12:00:00Z,2022-09-20T18:00:00Z,2022-10-20T12:00:00Z,train
3578,2022-07-23T00:00:00Z,2022-09-20T18:00:00Z,2022-09-21T00:00:00Z,2022-10-20T18:00:00Z,train
3579,2022-07-23T06:00:00Z,2022-09-21T00:00:00Z,2022-09-21T06:00:00Z,2022-10-21T00:00:00Z,train
3580,2022-07-23T12:00:00Z,2022-09-21T06:00:00Z,2022-09-21T12:00:00Z,2022-10-21T06:00:00Z,train
3581,2022-07-23T18:00:00Z,2022-09-21T12:00:00Z,2022-09-21T18:00:00Z,2022-10-21T12:00:00Z,train
3582,2022-07-24T00:00:00Z,2022-09-21T18:00:00Z,2022-09-22T00:00:00Z,2022-10-21T18:00:00Z,train
3583,2022-07-24T06:00:00Z,2022-09-22T00:00:00Z,2022-09-22T06:00:00Z,2022-10-22T00:00:00Z,train
3584,2022-07-24T12:00:00Z,2022-09-22T06:00:00Z,2022-09-22T12:00:00Z,2022-10-22T06:00:00Z,train
3585,2022-07-24T18:00:00Z,2022-09-22T12:00:00Z,2022-09-22T18:00:00Z,2022-10-22T12:00:00Z,train
3586,2022-07-25T00:00:00Z,2022-09-22T18:00:00Z,2022-09-23T00:00:00Z,2022-10-22T18:00:00Z,train
3587,2022-07-25T06:00:00Z,2022-09-23T00:00:00Z,2022-09-23T06:00:00Z,2022-10-23T00:00:00Z,train
3588,2022-07-25T12:00:00Z,2022-09-23T06:00:00Z,2022-09-23T12:00:00Z,2022-10-23T06:00:00Z,train
3589,2022-07-25T18:00:00Z,2022-09-23T12:00:00Z,2022-09-23T18:00:00Z,2022-10-23T12:00:00Z,train
3590,2022-07-26T00:00:00Z,2022-09-23T18:00:00Z,2022-09-24T00:00:00Z,2022-10-23T18:00:00Z,train
3591,2022-07-26T06:00:00Z,2022-09-24T00:00:00Z,2022-09-24T06:00:00Z,2022-10-24T00:00:00Z,train
3592,2022-07-26T12:00:00Z,2022-09-24T06:00:00Z,2022-09-24T12:00:00Z,2022-10-24T06:00:00Z,train
3593,2022-07-26T18:00:00Z,2022-09-24T12:00:00Z,2022-09-24T18:00:00Z,2022-10-24T12:00:00Z,train
3594,2022-07-27T00:00:00Z,2022-09-24T18:00:00Z,2022-09-25T00:00:00Z,2022-10-24T18:00:00Z,train
3595,2022-07-27T06:00:00Z,2022-09-25T00:00:00Z,2022-09-25T06:00:00Z,2022-10-25T00:00:00Z,train
3596,2022-07-27T12:00:00Z,2022-09-25T06:00:00Z,2022-09-25T12:00:00Z,2022-10-25T06:00:00Z,train
3597,2022-07-27T18:00:00Z,2022-09-25T12:00:00Z,2022-09-25T18:00:00Z,2022-10-25T12:00:00Z,train
3598,2022-07-28T00:00:00Z,2022-09-25T18:00:00Z,2022-09-26T00:00:00Z,2022-10-25T18:00:00Z,train
3599,2022-07-28T06:00:00Z,2022-09-26T00:00:00Z,2022-09-26T06:00:00Z,2022-10-26T00:00:00Z,train
3600,2022-07-28T12:00:00Z,2022-09-26T06:00:00Z,2022-09-26T12:00:00Z,2022-10-26T06:00:00Z,train
3601,2022-07-28T18:00:00Z,2022-09-26T12:00:00Z,2022-09-26T18:00:00Z,2022-10-26T12:00:00Z,train
3602,2022-07-29T00:00:00Z,2022-09-26T18:00:00Z,2022-09-27T00:00:00Z,2022-10-26T18:00:00Z,train
3603,2022-07-29T06:00:00Z,2022-09-27T00:00:00Z,2022-09-27T06:00:00Z,2022-10-27T00:00:00Z,train
3604,2022-07-29T12:00:00Z,2022-09-27T06:00:00Z,2022-09-27T12:00:00Z,2022-10-27T06:00:00Z,train
3605,2022-07-29T18:00:00Z,2022-09-27T12:00:00Z,2022-09-27T18:00:00Z,2022-10-27T12:00:00Z,train
3606,2022-07-30T00:00:00Z,2022-09-27T18:00:00Z,2022-09-28T00:00:00Z,2022-10-27T18:00:00Z,train
3607,2022-07-30T06:00:00Z,2022-09-28T00:00:00Z,2022-09-28T06:00:00Z,2022-10-28T00:00:00Z,train
3608,2022-07-30T12:00:00Z,2022-09-28T06:00:00Z,2022-09-28T12:00:00Z,2022-10-28T06:00:00Z,train
3609,2022-07-30T18:00:00Z,2022-09-28T12:00:00Z,2022-09-28T18:00:00Z,2022-10-28T12:00:00Z,train
3610,2022-07-31T00:00:00Z,2022-09-28T18:00:00Z,2022-09-29T00:00:00Z,2022-10-28T18:00:00Z,train
3611,2022-07-31T06:00:00Z,2022-09-29T00:00:00Z,2022-09-29T06:00:00Z,2022-10-29T00:00:00Z,train
3612,2022-07-31T12:00:00Z,2022-09-29T06:00:00Z,2022-09-29T12:00:00Z,2022-10-29T06:00:00Z,train
3613,2022-07-31T18:00:00Z,2022-09-29T12:00:00Z,2022-09-29T18:00:00Z,2022-10-29T12:00:00Z,train
3614,2022-08-01T00:00:00Z,2022-09-29T18:00:00Z,2022-09-30T00:00:00Z,2022-10-29T18:00:00Z,train
3615,2022-08-01T06:00:00Z,2022-09-30T00:00:00Z,2022-09-30T06:00:00Z,2022-10-30T00:00:00Z,train
3616,2022-08-01T12:00:00Z,2022-09-30T06:00:00Z,2022-09-30T12:00:00Z,2022-10-30T06:00:00Z,train
3617,2022-08-01T18:00:00Z,2022-09-30T12:00:00Z,2022-09-30T18:00:00Z,2022-10-30T12:00:00Z,train
3618,2022-08-02T00:00:00Z,2022-09-30T18:00:00Z,2022-10-01T00:00:00Z,2022-10-30T18:00:00Z,train
3619,2022-08-02T06:00:00Z,2022-10-01T00:00:00Z,2022-10-01T06:00:00Z,2022-10-31T00:00:00Z,train
3620,2022-08-02T12:00:00Z,2022-10-01T06:00:00Z,2022-10-01T12:00:00Z,2022-10-31T06:00:00Z,train
3621,2022-08-02T18:00:00Z,2022-10-01T12:00:00Z,2022-10-01T18:00:00Z,2022-10-31T12:00:00Z,train
3622,2022-08-03T00:00:00Z,2022-10-01T18:00:00Z,2022-10-02T00:00:00Z,2022-10-31T18:00:00Z,train
3623,2022-08-03T06:00:00Z,2022-10-02T00:00:00Z,2022-10-02T06:00:00Z,2022-11-01T00:00:00Z,train
3624,2022-08-03T12:00:00Z,2022-10-02T06:00:00Z,2022-10-02T12:00:00Z,2022-11-01T06:00:00Z,train
3625,2022-08-03T18:00:00Z,2022-10-02T12:00:00Z,2022-10-02T18:00:00Z,2022-11-01T12:00:00Z,train
3626,2022-08-04T00:00:00Z,2022-10-02T18:00:00Z,2022-10-03T00:00:00Z,2022-11-01T18:00:00Z,train
3627,2022-08-04T06:00:00Z,2022-10-03T00:00:00Z,2022-10-03T06:00:00Z,2022-11-02T00:00:00Z,train
3628,2022-08-04T12:00:00Z,2022-10-03T06:00:00Z,2022-10-03T12:00:00Z,2022-11-02T06:00:00Z,train
3629,2022-08-04T18:00:00Z,2022-10-03T12:00:00Z,2022-10-03T18:00:00Z,2022-11-02T12:00:00Z,train
3630,2022-08-05T00:00:00Z,2022-10-03T18:00:00Z,2022-10-04T00:00:00Z,2022-11-02T18:00:00Z,train
3631,2022-08-05T06:00:00Z,2022-10-04T00:00:00Z,2022-10-04T06:00:00Z,2022-11-03T00:00:00Z,train
3632,2022-08-05T12:00:00Z,2022-10-04T06:00:00Z,2022-10-04T12:00:00Z,2022-11-03T06:00:00Z,train
3633,2022-08-05T18:00:00Z,2022-10-04T12:00:00Z,2022-10-04T18:00:00Z,2022-11-03T12:00:00Z,train
3634,2022-08-06T00:00:00Z,2022-10-04T18:00:00Z,2022-10-05T00:00:00Z,2022-11-03T18:00:00Z,train
3635,2022-08-06T06:00:00Z,2022-10-05T00:00:00Z,2022-10-05T06:00:00Z,2022-11-04T00:00:00Z,train
3636,2022-08-06T12:00:00Z,2022-10-05T06:00:00Z,2022-10-05T12:00:00Z,2022-11-04T06:00:00Z,train
3637,2022-08-06T18:00:00Z,2022-10-05T12:00:00Z,2022-10-05T18:00:00Z,2022-11-04T12:00:00Z,train
3638,2022-08-07T00:00:00Z,2022-10-05T18:00:00Z,2022-10-06T00:00:00Z,2022-11-04T18:00:00Z,train
3639,2022-08-07T06:00:00Z,2022-10-06T00:00:00Z,2022-10-06T06:00:00Z,2022-11-05T00:00:00Z,train
3640,2022-08-07T12:00:00Z,2022-10-06T06:00:00Z,2022-10-06T12:00:00Z,2022-11-05T06:00:00Z,train
3641,2022-08-07T18:00:00Z,2022-10-06T12:00:00Z,2022-10-06T18:00:00Z,2022-11-05T12:00:00Z,train
3642,2022-08-08T00:00:00Z,2022-10-06T18:00:00Z,2022-10-07T00:00:00Z,2022-11-05T18:00:00Z,train
3643,2022-08-08T06:00:00Z,2022-10-07T00:00:00Z,2022-10-07T06:00:00Z,2022-11-06T00:00:00Z,train
3644,2022-08-08T12:00:00Z,2022-10-07T06:00:00Z,2022-10-07T12:00:00Z,2022-11-06T06:00:00Z,train
3645,2022-08-08T18:00:00Z,2022-10-07T12:00:00Z,2022-10-07T18:00:00Z,2022-11-06T12:00:00Z,train
3646,2022-08-09T00:00:00Z,2022-10-07T18:00:00Z,2022-10-08T00:00:00Z,2022-11-06T18:00:00Z,train
3647,2022-08-09T06:00:00Z,2022-10-08T00:00:00Z,2022-10-08T06:00:00Z,2022-11-07T00:00:00Z,train
3648,2022-08-09T12:00:00Z,2022-10-08T06:00:00Z,2022-10-08T12:00:00Z,2022-11-07T06:00:00Z,train
3649,2022-08-09T18:00:00Z,2022-10-08T12:00:00Z,2022-10-08T18:00:00Z,2022-11-07T12:00:00Z,train
3650,2022-08-10T00:00:00Z,2022-10-08T18:00:00Z,2022-10-09T00:00:00Z,2022-11-07T18:00:00Z,train
3651,2022-08-10T06:00:00Z,2022-10-09T00:00:00Z,2022-10-09T06:00:00Z,2022-11-08T00:00:00Z,train
3652,2022-08-10T12:00:00Z,2022-10-09T06:00:00Z,2022-10-09T12:00:00Z,2022-11-08T06:00:00Z,train
3653,2022-08-10T18:00:00Z,2022-10-09T12:00:00Z,2022-10-09T18:00:00Z,2022-11-08T12:00:00Z,train
3654,2022-08-11T00:00:00Z,2022-10-09T18:00:00Z,2022-10-10T00:00:00Z,2022-11-08T18:00:00Z,train
3655,2022-08-11T06:00:00Z,2022-10-10T00:00:00Z,2022-10-10T06:00:00Z,2022-11-09T00:00:00Z,train
3656,2022-08-11T12:00:00Z,2022-10-10T06:00:00Z,2022-10-10T12:00:00Z,2022-11-09T06:00:00Z,train
3657,2022-08-11T18:00:00Z,2022-10-10T12:00:00Z,2022-10-10T18:00:00Z,2022-11-09T12:00:00Z,train
3658,2022-08-12T00:00:00Z,2022-10-10T18:00:00Z,2022-10-11T00:00:00Z,2022-11-09T18:00:00Z,train
3659,2022-08-12T06:00:00Z,2022-10-11T00:00:00Z,2022-10-11T06:00:00Z,2022-11-10T00:00:00Z,train
3660,2022-08-12T12:00:00Z,2022-10-11T06:00:00Z,2022-10-11T12:00:00Z,2022-11-10T06:00:00Z,train
3661,2022-08-12T18:00:00Z,2022-10-11T12:00:00Z,2022-10-11T18:00:00Z,2022-11-10T12:00:00Z,train
3662,2022-08-13T00:00:00Z,2022-10-11T18:00:00Z,2022-10-12T00:00:00Z,2022-11-10T18:00:00Z,train
3663,2022-08-13T06:00:00Z,2022-10-12T00:00:00Z,2022-10-12T06:00:00Z,2022-11-11T00:00:00Z,train
3664,2022-08-13T12:00:00Z,2022-10-12T06:00:00Z,2022-10-12T12:00:00Z,2022-11-11T06:00:00Z,train
3665,2022-08-13T18:00:00Z,2022-10-12T12:00:00Z,2022-10-12T18:00:00Z,2022-11-11T12:00:00Z,train
3666,2022-08-14T00:00:00Z,2022-10-12T18:00:00Z,2022-10-13T00:00:00Z,2022-11-11T18:00:00Z,train
3667,2022-08-14T06:00:00Z,2022-10-13T00:00:00Z,2022-10-13T06:00:00Z,2022-11-12T00:00:00Z,train
3668,2022-08-14T12:00:00Z,2022-10-13T06:00:00Z,2022-10-13T12:00:00Z,2022-11-12T06:00:00Z,train
3669,2022-08-14T18:00:00Z,2022-10-13T12:00:00Z,2022-10-13T18:00:00Z,2022-11-12T12:00:00Z,train
3670,2022-08-15T00:00:00Z,2022-10-13T18:00:00Z,2022-10-14T00:00:00Z,2022-11-12T18:00:00Z,train
3671,2022-08-15T06:00:00Z,2022-10-14T00:00:00Z,2022-10-14T06:00:00Z,2022-11-13T00:00:00Z,train
3672,2022-08-15T12:00:00Z,2022-10-14T06:00:00Z,2022-10-14T12:00:00Z,2022-11-13T06:00:00Z,train
3673,2022-08-15T18:00:00Z,2022-10-14T12:00:00Z,2022-10-14T18:00:00Z,2022-11-13T12:00:00Z,train
3674,2022-08-16T00:00:00Z,2022-10-14T18:00:00Z,2022-10-15T00:00:00Z,2022-11-13T18:00:00Z,train
3675,2022-08-16T06:00:00Z,2022-10-15T00:00:00Z,2022-10-15T06:00:00Z,2022-11-14T00:00:00Z,train
3676,2022-08-16T12:00:00Z,2022-10-15T06:00:00Z,2022-10-15T12:00:00Z,2022-11-14T06:00:00Z,train
3677,2022-08-16T18:00:00Z,2022-10-15T12:00:00Z,2022-10-15T18:00:00Z,2022-11-14T12:00:00Z,train
3678,2022-08-17T00:00:00Z,2022-10-15T18:00:00Z,2022-10-16T00:00:00Z,2022-11-14T18:00:00Z,train
3679,2022-08-17T06:00:00Z,2022-10-16T00:00:00Z,2022-10-16T06:00:00Z,2022-11-15T00:00:00Z,train
3680,2022-08-17T12:00:00Z,2022-10-16T06:00:00Z,2022-10-16T12:00:00Z,2022-11-15T06:00:00Z,train
3681,2022-08-17T18:00:00Z,2022-10-16T12:00:00Z,2022-10-16T18:00:00Z,2022-11-15T12:00:00Z,train
3682,2022-08-18T00:00:00Z,2022-10-16T18:00:00Z,2022-10-17T00:00:00Z,2022-11-15T18:00:00Z,train
3683,2022-08-18T06:00:00Z,2022-10-17T00:00:00Z,2022-10-17T06:00:00Z,2022-11-16T00:00:00Z,train
3684,2022-08-18T12:00:00Z,2022-10-17T06:00:00Z,2022-10-17T12:00:00Z,2022-11-16T06:00:00Z,train
3685,2022-08-18T18:00:00Z,2022-10-17T12:00:00Z,2022-10-17T18:00:00Z,2022-11-16T12:00:00Z,train
3686,2022-08-19T00:00:00Z,2022-10-17T18:00:00Z,2022-10-18T00:00:00Z,2022-11-16T18:00:00Z,train
3687,2022-08-19T06:00:00Z,2022-10-18T00:00:00Z,2022-10-18T06:00:00Z,2022-11-17T00:00:00Z,train
3688,2022-08-19T12:00:00Z,2022-10-18T06:00:00Z,2022-10-18T12:00:00Z,2022-11-17T06:00:00Z,train
3689,2022-08-19T18:00:00Z,2022-10-18T12:00:00Z,2022-10-18T18:00:00Z,2022-11-17T12:00:00Z,train
3690,2022-08-20T00:00:00Z,2022-10-18T18:00:00Z,2022-10-19T00:00:00Z,2022-11-17T18:00:00Z,train
3691,2022-08-20T06:00:00Z,2022-10-19T00:00:00Z,2022-10-19T06:00:00Z,2022-11-18T00:00:00Z,train
3692,2022-08-20T12:00:00Z,2022-10-19T06:00:00Z,2022-10-19T12:00:00Z,2022-11-18T06:00:00Z,train
3693,2022-08-20T18:00:00Z,2022-10-19T12:00:00Z,2022-10-19T18:00:00Z,2022-11-18T12:00:00Z,train
3694,2022-08-21T00:00:00Z,2022-10-19T18:00:00Z,2022-10-20T00:00:00Z,2022-11-18T18:00:00Z,train
3695,2022-08-21T06:00:00Z,2022-10-20T00:00:00Z,2022-10-20T06:00:00Z,2022-11-19T00:00:00Z,train
3696,2022-08-21T12:00:00Z,2022-10-20T06:00:00Z,2022-10-20T12:00:00Z,2022-11-19T06:00:00Z,train
3697,2022-08-21T18:00:00Z,2022-10-20T12:00:00Z,2022-10-20T18:00:00Z,2022-11-19T12:00:00Z,train
3698,2022-08-22T00:00:00Z,2022-10-20T18:00:00Z,2022-10-21T00:00:00Z,2022-11-19T18:00:00Z,train
3699,2022-08-22T06:00:00Z,2022-10-21T00:00:00Z,2022-10-21T06:00:00Z,2022-11-20T00:00:00Z,train
3700,2022-08-22T12:00:00Z,2022-10-21T06:00:00Z,2022-10-21T12:00:00Z,2022-11-20T06:00:00Z,train
3701,2022-08-22T18:00:00Z,2022-10-21T12:00:00Z,2022-10-21T18:00:00Z,2022-11-20T12:00:00Z,train
3702,2022-08-23T00:00:00Z,2022-10-21T18:00:00Z,2022-10-22T00:00:00Z,2022-11-20T18:00:00Z,train
3703,2022-08-23T06:00:00Z,2022-10-22T00:00:00Z,2022-10-22T06:00:00Z,2022-11-21T00:00:00Z,train
3704,2022-08-23T12:00:00Z,2022-10-22T06:00:00Z,2022-10-22T12:00:00Z,2022-11-21T06:00:00Z,train
3705,2022-08-23T18:00:00Z,2022-10-22T12:00:00Z,2022-10-22T18:00:00Z,2022-11-21T12:00:00Z,train
3706,2022-08-24T00:00:00Z,2022-10-22T18:00:00Z,2022-10-23T00:00:00Z,2022-11-21T18:00:00Z,train
3707,2022-08-24T06:00:00Z,2022-10-23T00:00:00Z,2022-10-23T06:00:00Z,2022-11-22T00:00:00Z,train
3708,2022-08-24T12:00:00Z,2022-10-23T06:00:00Z,2022-10-23T12:00:00Z,2022-11-22T06:00:00Z,train
3709,2022-08-24T18:00:00Z,2022-10-23T12:00:00Z,2022-10-23T18:00:00Z,2022-11-22T12:00:00Z,train
3710,2022-08-25T00:00:00Z,2022-10-23T18:00:00Z,2022-10-24T00:00:00Z,2022-11-22T18:00:00Z,train
3711,2022-08-25T06:00:00Z,2022-10-24T00:00:00Z,2022-10-24T06:00:00Z,2022-11-23T00:00:00Z,train
3712,2022-08-25T12:00:00Z,2022-10-24T06:00:00Z,2022-10-24T12:00:00Z,2022-11-23T06:00:00Z,train
3713,2022-08-25T18:00:00Z,2022-10-24T12:00:00Z,2022-10-24T18:00:00Z,2022-11-23T12:00:00Z,train
3714,2022-08-26T00:00:00Z,2022-10-24T18:00:00Z,2022-10-25T00:00:00Z,2022-11-23T18:00:00Z,train
3715,2022-08-26T06:00:00Z,2022-10-25T00:00:00Z,2022-10-25T06:00:00Z,2022-11-24T00:00:00Z,train
3716,2022-08-26T12:00:00Z,2022-10-25T06:00:00Z,2022-10-25T12:00:00Z,2022-11-24T06:00:00Z,train
3717,2022-08-26T18:00:00Z,2022-10-25T12:00:00Z,2022-10-25T18:00:00Z,2022-11-24T12:00:00Z,train
3718,2022-08-27T00:00:00Z,2022-10-25T18:00:00Z,2022-10-26T00:00:00Z,2022-11-24T18:00:00Z,train
3719,2022-08-27T06:00:00Z,2022-10-26T00:00:00Z,2022-10-26T06:00:00Z,2022-11-25T00:00:00Z,train
3720,2022-08-27T12:00:00Z,2022-10-26T06:00:00Z,2022-10-26T12:00:00Z,2022-11-25T06:00:00Z,train
3721,2022-08-27T18:00:00Z,2022-10-26T12:00:00Z,2022-10-26T18:00:00Z,2022-11-25T12:00:00Z,train
3722,2022-08-28T00:00:00Z,2022-10-26T18:00:00Z,2022-10-27T00:00:00Z,2022-11-25T18:00:00Z,train
3723,2022-08-28T06:00:00Z,2022-10-27T00:00:00Z,2022-10-27T06:00:00Z,2022-11-26T00:00:00Z,train
3724,2022-08-28T12:00:00Z,2022-10-27T06:00:00Z,2022-10-27T12:00:00Z,2022-11-26T06:00:00Z,train
3725,2022-08-28T18:00:00Z,2022-10-27T12:00:00Z,2022-10-27T18:00:00Z,2022-11-26T12:00:00Z,train
3726,2022-08-29T00:00:00Z,2022-10-27T18:00:00Z,2022-10-28T00:00:00Z,2022-11-26T18:00:00Z,train
3727,2022-08-29T06:00:00Z,2022-10-28T00:00:00Z,2022-10-28T06:00:00Z,2022-11-27T00:00:00Z,train
3728,2022-08-29T12:00:00Z,2022-10-28T06:00:00Z,2022-10-28T12:00:00Z,2022-11-27T06:00:00Z,train
3729,2022-08-29T18:00:00Z,2022-10-28T12:00:00Z,2022-10-28T18:00:00Z,2022-11-27T12:00:00Z,train
3730,2022-08-30T00:00:00Z,2022-10-28T18:00:00Z,2022-10-29T00:00:00Z,2022-11-27T18:00:00Z,train
3731,2022-08-30T06:00:00Z,2022-10-29T00:00:00Z,2022-10-29T06:00:00Z,2022-11-28T00:00:00Z,train
3732,2022-08-30T12:00:00Z,2022-10-29T06:00:00Z,2022-10-29T12:00:00Z,2022-11-28T06:00:00Z,train
3733,2022-08-30T18:00:00Z,2022-10-29T12:00:00Z,2022-10-29T18:00:00Z,2022-11-28T12:00:00Z,train
3734,2022-08-31T00:00:00Z,2022-10-29T18:00:00Z,2022-10-30T00:00:00Z,2022-11-28T18:00:00Z,train
3735,2022-08-31T06:00:00Z,2022-10-30T00:00:00Z,2022-10-30T06:00:00Z,2022-11-29T00:00:00Z,train
3736,2022-08-31T12:00:00Z,2022-10-30T06:00:00Z,2022-10-30T12:00:00Z,2022-11-29T06:00:00Z,train
3737,2022-08-31T18:00:00Z,2022-10-30T12:00:00Z,2022-10-30T18:00:00Z,2022-11-29T12:00:00Z,train
3738,2022-09-01T00:00:00Z,2022-10-30T18:00:00Z,2022-10-31T00:00:00Z,2022-11-29T18:00:00Z,train
3739,2022-09-01T06:00:00Z,2022-10-31T00:00:00Z,2022-10-31T06:00:00Z,2022-11-30T00:00:00Z,train
3740,2022-09-01T12:00:00Z,2022-10-31T06:00:00Z,2022-10-31T12:00:00Z,2022-11-30T06:00:00Z,train
3741,2022-09-01T18:00:00Z,2022-10-31T12:00:00Z,2022-10-31T18:00:00Z,2022-11-30T12:00:00Z,train
3742,2022-09-02T00:00:00Z,2022-10-31T18:00:00Z,2022-11-01T00:00:00Z,2022-11-30T18:00:00Z,train
3743,2022-09-02T06:00:00Z,2022-11-01T00:00:00Z,2022-11-01T06:00:00Z,2022-12-01T00:00:00Z,train
3744,2022-09-02T12:00:00Z,2022-11-01T06:00:00Z,2022-11-01T12:00:00Z,2022-12-01T06:00:00Z,train
3745,2022-09-02T18:00:00Z,2022-11-01T12:00:00Z,2022-11-01T18:00:00Z,2022-12-01T12:00:00Z,train
3746,2022-09-03T00:00:00Z,2022-11-01T18:00:00Z,2022-11-02T00:00:00Z,2022-12-01T18:00:00Z,train
3747,2022-09-03T06:00:00Z,2022-11-02T00:00:00Z,2022-11-02T06:00:00Z,2022-12-02T00:00:00Z,train
3748,2022-09-03T12:00:00Z,2022-11-02T06:00:00Z,2022-11-02T12:00:00Z,2022-12-02T06:00:00Z,train
3749,2022-09-03T18:00:00Z,2022-11-02T12:00:00Z,2022-11-02T18:00:00Z,2022-12-02T12:00:00Z,train
3750,2022-09-04T00:00:00Z,2022-11-02T18:00:00Z,2022-11-03T00:00:00Z,2022-12-02T18:00:00Z,train
3751,2022-09-04T06:00:00Z,2022-11-03T00:00:00Z,2022-11-03T06:00:00Z,2022-12-03T00:00:00Z,train
3752,2022-09-04T12:00:00Z,2022-11-03T06:00:00Z,2022-11-03T12:00:00Z,2022-12-03T06:00:00Z,train
3753,2022-09-04T18:00:00Z,2022-11-03T12:00:00Z,2022-11-03T18:00:00Z,2022-12-03T12:00:00Z,train
3754,2022-09-05T00:00:00Z,2022-11-03T18:00:00Z,2022-11-04T00:00:00Z,2022-12-03T18:00:00Z,train
3755,2022-09-05T06:00:00Z,2022-11-04T00:00:00Z,2022-11-04T06:00:00Z,2022-12-04T00:00:00Z,train
3756,2022-09-05T12:00:00Z,2022-11-04T06:00:00Z,2022-11-04T12:00:00Z,2022-12-04T06:00:00Z,train
3757,2022-09-05T18:00:00Z,2022-11-04T12:00:00Z,2022-11-04T18:00:00Z,2022-12-04T12:00:00Z,train
3758,2022-09-06T00:00:00Z,2022-11-04T18:00:00Z,2022-11-05T00:00:00Z,2022-12-04T18:00:00Z,train
3759,2022-09-06T06:00:00Z,2022-11-05T00:00:00Z,2022-11-05T06:00:00Z,2022-12-05T00:00:00Z,train
3760,2022-09-06T12:00:00Z,2022-11-05T06:00:00Z,2022-11-05T12:00:00Z,2022-12-05T06:00:00Z,train
3761,2022-09-06T18:00:00Z,2022-11-05T12:00:00Z,2022-11-05T18:00:00Z,2022-12-05T12:00:00Z,train
3762,2022-09-07T00:00:00Z,2022-11-05T18:00:00Z,2022-11-06T00:00:00Z,2022-12-05T18:00:00Z,train
3763,2022-09-07T06:00:00Z,2022-11-06T00:00:00Z,2022-11-06T06:00:00Z,2022-12-06T00:00:00Z,train
3764,2022-09-07T12:00:00Z,2022-11-06T06:00:00Z,2022-11-06T12:00:00Z,2022-12-06T06:00:00Z,train
3765,2022-09-07T18:00:00Z,2022-11-06T12:00:00Z,2022-11-06T18:00:00Z,2022-12-06T12:00:00Z,train
3766,2022-09-08T00:00:00Z,2022-11-06T18:00:00Z,2022-11-07T00:00:00Z,2022-12-06T18:00:00Z,train
3767,2022-09-08T06:00:00Z,2022-11-07T00:00:00Z,2022-11-07T06:00:00Z,2022-12-07T00:00:00Z,train
3768,2022-09-08T12:00:00Z,2022-11-07T06:00:00Z,2022-11-07T12:00:00Z,2022-12-07T06:00:00Z,train
3769,2022-09-08T18:00:00Z,2022-11-07T12:00:00Z,2022-11-07T18:00:00Z,2022-12-07T12:00:00Z,train
3770,2022-09-09T00:00:00Z,2022-11-07T18:00:00Z,2022-11-08T00:00:00Z,2022-12-07T18:00:00Z,train
3771,2022-09-09T06:00:00Z,2022-11-08T00:00:00Z,2022-11-08T06:00:00Z,2022-12-08T00:00:00Z,train
3772,2022-09-09T12:00:00Z,2022-11-08T06:00:00Z,2022-11-08T12:00:00Z,2022-12-08T06:00:00Z,train
3773,2022-09-09T18:00:00Z,2022-11-08T12:00:00Z,2022-11-08T18:00:00Z,2022-12-08T12:00:00Z,train
3774,2022-09-10T00:00:00Z,2022-11-08T18:00:00Z,2022-11-09T00:00:00Z,2022-12-08T18:00:00Z,train
3775,2022-09-10T06:00:00Z,2022-11-09T00:00:00Z,2022-11-09T06:00:00Z,2022-12-09T00:00:00Z,train
3776,2022-09-10T12:00:00Z,2022-11-09T06:00:00Z,2022-11-09T12:00:00Z,2022-12-09T06:00:00Z,train
3777,2022-09-10T18:00:00Z,2022-11-09T12:00:00Z,2022-11-09T18:00:00Z,2022-12-09T12:00:00Z,train
3778,2022-09-11T00:00:00Z,2022-11-09T18:00:00Z,2022-11-10T00:00:00Z,2022-12-09T18:00:00Z,train
3779,2022-09-11T06:00:00Z,2022-11-10T00:00:00Z,2022-11-10T06:00:00Z,2022-12-10T00:00:00Z,train
3780,2022-09-11T12:00:00Z,2022-11-10T06:00:00Z,2022-11-10T12:00:00Z,2022-12-10T06:00:00Z,train
3781,2022-09-11T18:00:00Z,2022-11-10T12:00:00Z,2022-11-10T18:00:00Z,2022-12-10T12:00:00Z,train
3782,2022-09-12T00:00:00Z,2022-11-10T18:00:00Z,2022-11-11T00:00:00Z,2022-12-10T18:00:00Z,train
3783,2022-09-12T06:00:00Z,2022-11-11T00:00:00Z,2022-11-11T06:00:00Z,2022-12-11T00:00:00Z,train
3784,2022-09-12T12:00:00Z,2022-11-11T06:00:00Z,2022-11-11T12:00:00Z,2022-12-11T06:00:00Z,train
3785,2022-09-12T18:00:00Z,2022-11-11T12:00:00Z,2022-11-11T18:00:00Z,2022-12-11T12:00:00Z,train
3786,2022-09-13T00:00:00Z,2022-11-11T18:00:00Z,2022-11-12T00:00:00Z,2022-12-11T18:00:00Z,train
3787,2022-09-13T06:00:00Z,2022-11-12T00:00:00Z,2022-11-12T06:00:00Z,2022-12-12T00:00:00Z,train
3788,2022-09-13T12:00:00Z,2022-11-12T06:00:00Z,2022-11-12T12:00:00Z,2022-12-12T06:00:00Z,train
3789,2022-09-13T18:00:00Z,2022-11-12T12:00:00Z,2022-11-12T18:00:00Z,2022-12-12T12:00:00Z,train
3790,2022-09-14T00:00:00Z,2022-11-12T18:00:00Z,2022-11-13T00:00:00Z,2022-12-12T18:00:00Z,train
3791,2022-09-14T06:00:00Z,2022-11-13T00:00:00Z,2022-11-13T06:00:00Z,2022-12-13T00:00:00Z,train
3792,2022-09-14T12:00:00Z,2022-11-13T06:00:00Z,2022-11-13T12:00:00Z,2022-12-13T06:00:00Z,train
3793,2022-09-14T18:00:00Z,2022-11-13T12:00:00Z,2022-11-13T18:00:00Z,2022-12-13T12:00:00Z,train
3794,2022-09-15T00:00:00Z,2022-11-13T18:00:00Z,2022-11-14T00:00:00Z,2022-12-13T18:00:00Z,train
3795,2022-09-15T06:00:00Z,2022-11-14T00:00:00Z,2022-11-14T06:00:00Z,2022-12-14T00:00:00Z,train
3796,2022-09-15T12:00:00Z,2022-11-14T06:00:00Z,2022-11-14T12:00:00Z,2022-12-14T06:00:00Z,train
3797,2022-09-15T18:00:00Z,2022-11-14T12:00:00Z,2022-11-14T18:00:00Z,2022-12-14T12:00:00Z,train
3798,2022-09-16T00:00:00Z,2022-11-14T18:00:00Z,2022-11-15T00:00:00Z,2022-12-14T18:00:00Z,train
3799,2022-09-16T06:00:00Z,2022-11-15T00:00:00Z,2022-11-15T06:00:00Z,2022-12-15T00:00:00Z,train
3800,2022-09-16T12:00:00Z,2022-11-15T06:00:00Z,2022-11-15T12:00:00Z,2022-12-15T06:00:00Z,train
3801,2022-09-16T18:00:00Z,2022-11-15T12:00:00Z,2022-11-15T18:00:00Z,2022-12-15T12:00:00Z,train
3802,2022-09-17T00:00:00Z,2022-11-15T18:00:00Z,2022-11-16T00:00:00Z,2022-12-15T18:00:00Z,train
3803,2022-09-17T06:00:00Z,2022-11-16T00:00:00Z,2022-11-16T06:00:00Z,2022-12-16T00:00:00Z,train
3804,2022-09-17T12:00:00Z,2022-11-16T06:00:00Z,2022-11-16T12:00:00Z,2022-12-16T06:00:00Z,train
3805,2022-09-17T18:00:00Z,2022-11-16T12:00:00Z,2022-11-16T18:00:00Z,2022-12-16T12:00:00Z,train
3806,2022-09-18T00:00:00Z,2022-11-16T18:00:00Z,2022-11-17T00:00:00Z,2022-12-16T18:00:00Z,train
3807,2022-09-18T06:00:00Z,2022-11-17T00:00:00Z,2022-11-17T06:00:00Z,2022-12-17T00:00:00Z,train
3808,2022-09-18T12:00:00Z,2022-11-17T06:00:00Z,2022-11-17T12:00:00Z,2022-12-17T06:00:00Z,train
3809,2022-09-18T18:00:00Z,2022-11-17T12:00:00Z,2022-11-17T18:00:00Z,2022-12-17T12:00:00Z,train
3810,2022-09-19T00:00:00Z,2022-11-17T18:00:00Z,2022-11-18T00:00:00Z,2022-12-17T18:00:00Z,train
3811,2022-09-19T06:00:00Z,2022-11-18T00:00:00Z,2022-11-18T06:00:00Z,2022-12-18T00:00:00Z,train
3812,2022-09-19T12:00:00Z,2022-11-18T06:00:00Z,2022-11-18T12:00:00Z,2022-12-18T06:00:00Z,train
3813,2022-09-19T18:00:00Z,2022-11-18T12:00:00Z,2022-11-18T18:00:00Z,2022-12-18T12:00:00Z,train
3814,2022-09-20T00:00:00Z,2022-11-18T18:00:00Z,2022-11-19T00:00:00Z,2022-12-18T18:00:00Z,train
3815,2022-09-20T06:00:00Z,2022-11-19T00:00:00Z,2022-11-19T06:00:00Z,2022-12-19T00:00:00Z,train
3816,2022-09-20T12:00:00Z,2022-11-19T06:00:00Z,2022-11-19T12:00:00Z,2022-12-19T06:00:00Z,train
3817,2022-09-20T18:00:00Z,2022-11-19T12:00:00Z,2022-11-19T18:00:00Z,2022-12-19T12:00:00Z,train
3818,2022-09-21T00:00:00Z,2022-11-19T18:00:00Z,2022-11-20T00:00:00Z,2022-12-19T18:00:00Z,train
3819,2022-09-21T06:00:00Z,2022-11-20T00:00:00Z,2022-11-20T06:00:00Z,2022-12-20T00:00:00Z,train
3820,2022-09-21T12:00:00Z,2022-11-20T06:00:00Z,2022-11-20T12:00:00Z,2022-12-20T06:00:00Z,train
3821,2022-09-21T18:00:00Z,2022-11-20T12:00:00Z,2022-11-20T18:00:00Z,2022-12-20T12:00:00Z,train
3822,2022-09-22T00:00:00Z,2022-11-20T18:00:00Z,2022-11-21T00:00:00Z,2022-12-20T18:00:00Z,train
3823,2022-09-22T06:00:00Z,2022-11-21T00:00:00Z,2022-11-21T06:00:00Z,2022-12-21T00:00:00Z,train
3824,2022-09-22T12:00:00Z,2022-11-21T06:00:00Z,2022-11-21T12:00:00Z,2022-12-21T06:00:00Z,train
3825,2022-09-22T18:00:00Z,2022-11-21T12:00:00Z,2022-11-21T18:00:00Z,2022-12-21T12:00:00Z,train
3826,2022-09-23T00:00:00Z,2022-11-21T18:00:00Z,2022-11-22T00:00:00Z,2022-12-21T18:00:00Z,train
3827,2022-09-23T06:00:00Z,2022-11-22T00:00:00Z,2022-11-22T06:00:00Z,2022-12-22T00:00:00Z,train
3828,2022-09-23T12:00:00Z,2022-11-22T06:00:00Z,2022-11-22T12:00:00Z,2022-12-22T06:00:00Z,train
3829,2022-09-23T18:00:00Z,2022-11-22T12:00:00Z,2022-11-22T18:00:00Z,2022-12-22T12:00:00Z,train
3830,2022-09-24T00:00:00Z,2022-11-22T18:00:00Z,2022-11-23T00:00:00Z,2022-12-22T18:00:00Z,train
3831,2022-09-24T06:00:00Z,2022-11-23T00:00:00Z,2022-11-23T06:00:00Z,2022-12-23T00:00:00Z,train
3832,2022-09-24T12:00:00Z,2022-11-23T06:00:00Z,2022-11-23T12:00:00Z,2022-12-23T06:00:00Z,train
3833,2022-09-24T18:00:00Z,2022-11-23T12:00:00Z,2022-11-23T18:00:00Z,2022-12-23T12:00:00Z,train
3834,2022-09-25T00:00:00Z,2022-11-23T18:00:00Z,2022-11-24T00:00:00Z,2022-12-23T18:00:00Z,train
3835,2022-09-25T06:00:00Z,2022-11-24T00:00:00Z,2022-11-24T06:00:00Z,2022-12-24T00:00:00Z,train
3836,2022-09-25T12:00:00Z,2022-11-24T06:00:00Z,2022-11-24T12:00:00Z,2022-12-24T06:00:00Z,train
3837,2022-09-25T18:00:00Z,2022-11-24T12:00:00Z,2022-11-24T18:00:00Z,2022-12-24T12:00:00Z,train
3838,2022-09-26T00:00:00Z,2022-11-24T18:00:00Z,2022-11-25T00:00:00Z,2022-12-24T18:00:00Z,train
3839,2022-09-26T06:00:00Z,2022-11-25T00:00:00Z,2022-11-25T06:00:00Z,2022-12-25T00:00:00Z,train
3840,2022-09-26T12:00:00Z,2022-11-25T06:00:00Z,2022-11-25T12:00:00Z,2022-12-25T06:00:00Z,train
3841,2022-09-26T18:00:00Z,2022-11-25T12:00:00Z,2022-11-25T18:00:00Z,2022-12-25T12:00:00Z,train
3842,2022-09-27T00:00:00Z,2022-11-25T18:00:00Z,2022-11-26T00:00:00Z,2022-12-25T18:00:00Z,train
3843,2022-09-27T06:00:00Z,2022-11-26T00:00:00Z,2022-11-26T06:00:00Z,2022-12-26T00:00:00Z,train
3844,2022-09-27T12:00:00Z,2022-11-26T06:00:00Z,2022-11-26T12:00:00Z,2022-12-26T06:00:00Z,train
3845,2022-09-27T18:00:00Z,2022-11-26T12:00:00Z,2022-11-26T18:00:00Z,2022-12-26T12:00:00Z,train
3846,2022-09-28T00:00:00Z,2022-11-26T18:00:00Z,2022-11-27T00:00:00Z,2022-12-26T18:00:00Z,train
3847,2022-09-28T06:00:00Z,2022-11-27T00:00:00Z,2022-11-27T06:00:00Z,2022-12-27T00:00:00Z,train
3848,2022-09-28T12:00:00Z,2022-11-27T06:00:00Z,2022-11-27T12:00:00Z,2022-12-27T06:00:00Z,train
3849,2022-09-28T18:00:00Z,2022-11-27T12:00:00Z,2022-11-27T18:00:00Z,2022-12-27T12:00:00Z,train
3850,2022-09-29T00:00:00Z,2022-11-27T18:00:00Z,2022-11-28T00:00:00Z,2022-12-27T18:00:00Z,train
3851,2022-09-29T06:00:00Z,2022-11-28T00:00:00Z,2022-11-28T06:00:00Z,2022-12-28T00:00:00Z,train
3852,2022-09-29T12:00:00Z,2022-11-28T06:00:00Z,2022-11-28T12:00:00Z,2022-12-28T06:00:00Z,train
3853,2022-09-29T18:00:00Z,2022-11-28T12:00:00Z,2022-11-28T18:00:00Z,2022-12-28T12:00:00Z,train
3854,2022-09-30T00:00:00Z,2022-11-28T18:00:00Z,2022-11-29T00:00:00Z,2022-12-28T18:00:00Z,train
3855,2022-09-30T06:00:00Z,2022-11-29T00:00:00Z,2022-11-29T06:00:00Z,2022-12-29T00:00:00Z,train
3856,2022-09-30T12:00:00Z,2022-11-29T06:00:00Z,2022-11-29T12:00:00Z,2022-12-29T06:00:00Z,train
3857,2022-09-30T18:00:00Z,2022-11-29T12:00:00Z,2022-11-29T18:00:00Z,2022-12-29T12:00:00Z,train
3858,2022-10-01T00:00:00Z,2022-11-29T18:00:00Z,2022-11-30T00:00:00Z,2022-12-29T18:00:00Z,train
3859,2022-10-01T06:00:00Z,2022-11-30T00:00:00Z,2022-11-30T06:00:00Z,2022-12-30T00:00:00Z,train
3860,2022-10-01T12:00:00Z,2022-11-30T06:00:00Z,2022-11-30T12:00:00Z,2022-12-30T06:00:00Z,train
3861,2022-10-01T18:00:00Z,2022-11-30T12:00:00Z,2022-11-30T18:00:00Z,2022-12-30T12:00:00Z,train
3862,2022-10-02T00:00:00Z,2022-11-30T18:00:00Z,2022-12-01T00:00:00Z,2022-12-30T18:00:00Z,train
3863,2022-10-02T06:00:00Z,2022-12-01T00:00:00Z,2022-12-01T06:00:00Z,2022-12-31T00:00:00Z,train
3864,2022-10-02T12:00:00Z,2022-12-01T06:00:00Z,2022-12-01T12:00:00Z,2022-12-31T06:00:00Z,train
3865,2022-10-02T18:00:00Z,2022-12-01T12:00:00Z,2022-12-01T18:00:00Z,2022-12-31T12:00:00Z,train
3866,2022-10-03T00:00:00Z,2022-12-01T18:00:00Z,2022-12-02T00:00:00Z,2022-12-31T18:00:00Z,train
3867,2022-10-03T06:00:00Z,2022-12-02T00:00:00Z,2022-12-02T06:00:00Z,2023-01-01T00:00:00Z,train
3868,2022-10-03T12:00:00Z,2022-12-02T06:00:00Z,2022-12-02T12:00:00Z,2023-01-01T06:00:00Z,train
3869,2022-10-03T18:00:00Z,2022-12-02T12:00:00Z,2022-12-02T18:00:00Z,2023-01-01T12:00:00Z,train
3870,2022-10-04T00:00:00Z,2022-12-02T18:00:00Z,2022-12-03T00:00:00Z,2023-01-01T18:00:00Z,train
3871,2022-10-04T06:00:00Z,2022-12-03T00:00:00Z,2022-12-03T06:00:00Z,2023-01-02T00:00:00Z,train
3872,2022-10-04T12:00:00Z,2022-12-03T06:00:00Z,2022-12-03T12:00:00Z,2023-01-02T06:00:00Z,train
3873,2022-10-04T18:00:00Z,2022-12-03T12:00:00Z,2022-12-03T18:00:00Z,2023-01-02T12:00:00Z,train
3874,2022-10-05T00:00:00Z,2022-12-03T18:00:00Z,2022-12-04T00:00:00Z,2023-01-02T18:00:00Z,train
3875,2022-10-05T06:00:00Z,2022-12-04T00:00:00Z,2022-12-04T06:00:00Z,2023-01-03T00:00:00Z,train
3876,2022-10-05T12:00:00Z,2022-12-04T06:00:00Z,2022-12-04T12:00:00Z,2023-01-03T06:00:00Z,train
3877,2022-10-05T18:00:00Z,2022-12-04T12:00:00Z,2022-12-04T18:00:00Z,2023-01-03T12:00:00Z,train
3878,2022-10-06T00:00:00Z,2022-12-04T18:00:00Z,2022-12-05T00:00:00Z,2023-01-03T18:00:00Z,train
3879,2022-10-06T06:00:00Z,2022-12-05T00:00:00Z,2022-12-05T06:00:00Z,2023-01-04T00:00:00Z,train
3880,2022-10-06T12:00:00Z,2022-12-05T06:00:00Z,2022-12-05T12:00:00Z,2023-01-04T06:00:00Z,train
3881,2022-10-06T18:00:00Z,2022-12-05T12:00:00Z,2022-12-05T18:00:00Z,2023-01-04T12:00:00Z,train
3882,2022-10-07T00:00:00Z,2022-12-05T18:00:00Z,2022-12-06T00:00:00Z,2023-01-04T18:00:00Z,train
3883,2022-10-07T06:00:00Z,2022-12-06T00:00:00Z,2022-12-06T06:00:00Z,2023-01-05T00:00:00Z,train
3884,2022-10-07T12:00:00Z,2022-12-06T06:00:00Z,2022-12-06T12:00:00Z,2023-01-05T06:00:00Z,train
3885,2022-10-07T18:00:00Z,2022-12-06T12:00:00Z,2022-12-06T18:00:00Z,2023-01-05T12:00:00Z,train
3886,2022-10-08T00:00:00Z,2022-12-06T18:00:00Z,2022-12-07T00:00:00Z,2023-01-05T18:00:00Z,train
3887,2022-10-08T06:00:00Z,2022-12-07T00:00:00Z,2022-12-07T06:00:00Z,2023-01-06T00:00:00Z,train
3888,2022-10-08T12:00:00Z,2022-12-07T06:00:00Z,2022-12-07T12:00:00Z,2023-01-06T06:00:00Z,train
3889,2022-10-08T18:00:00Z,2022-12-07T12:00:00Z,2022-12-07T18:00:00Z,2023-01-06T12:00:00Z,train
3890,2022-10-09T00:00:00Z,2022-12-07T18:00:00Z,2022-12-08T00:00:00Z,2023-01-06T18:00:00Z,train
3891,2022-10-09T06:00:00Z,2022-12-08T00:00:00Z,2022-12-08T06:00:00Z,2023-01-07T00:00:00Z,train
3892,2022-10-09T12:00:00Z,2022-12-08T06:00:00Z,2022-12-08T12:00:00Z,2023-01-07T06:00:00Z,train
3893,2022-10-09T18:00:00Z,2022-12-08T12:00:00Z,2022-12-08T18:00:00Z,2023-01-07T12:00:00Z,train
3894,2022-10-10T00:00:00Z,2022-12-08T18:00:00Z,2022-12-09T00:00:00Z,2023-01-07T18:00:00Z,train
3895,2022-10-10T06:00:00Z,2022-12-09T00:00:00Z,2022-12-09T06:00:00Z,2023-01-08T00:00:00Z,train
3896,2022-10-10T12:00:00Z,2022-12-09T06:00:00Z,2022-12-09T12:00:00Z,2023-01-08T06:00:00Z,train
3897,2022-10-10T18:00:00Z,2022-12-09T12:00:00Z,2022-12-09T18:00:00Z,2023-01-08T12:00:00Z,train
3898,2022-10-11T00:00:00Z,2022-12-09T18:00:00Z,2022-12-10T00:00:00Z,2023-01-08T18:00:00Z,train
3899,2022-10-11T06:00:00Z,2022-12-10T00:00:00Z,2022-12-10T06:00:00Z,2023-01-09T00:00:00Z,train
3900,2022-10-11T12:00:00Z,2022-12-10T06:00:00Z,2022-12-10T12:00:00Z,2023-01-09T06:00:00Z,train
3901,2022-10-11T18:00:00Z,2022-12-10T12:00:00Z,2022-12-10T18:00:00Z,2023-01-09T12:00:00Z,train
3902,2022-10-12T00:00:00Z,2022-12-10T18:00:00Z,2022-12-11T00:00:00Z,2023-01-09T18:00:00Z,train
3903,2022-10-12T06:00:00Z,2022-12-11T00:00:00Z,2022-12-11T06:00:00Z,2023-01-10T00:00:00Z,train
3904,2022-10-12T12:00:00Z,2022-12-11T06:00:00Z,2022-12-11T12:00:00Z,2023-01-10T06:00:00Z,train
3905,2022-10-12T18:00:00Z,2022-12-11T12:00:00Z,2022-12-11T18:00:00Z,2023-01-10T12:00:00Z,train
3906,2022-10-13T00:00:00Z,2022-12-11T18:00:00Z,2022-12-12T00:00:00Z,2023-01-10T18:00:00Z,train
3907,2022-10-13T06:00:00Z,2022-12-12T00:00:00Z,2022-12-12T06:00:00Z,2023-01-11T00:00:00Z,train
3908,2022-10-13T12:00:00Z,2022-12-12T06:00:00Z,2022-12-12T12:00:00Z,2023-01-11T06:00:00Z,train
3909,2022-10-13T18:00:00Z,2022-12-12T12:00:00Z,2022-12-12T18:00:00Z,2023-01-11T12:00:00Z,train
3910,2022-10-14T00:00:00Z,2022-12-12T18:00:00Z,2022-12-13T00:00:00Z,2023-01-11T18:00:00Z,train
3911,2022-10-14T06:00:00Z,2022-12-13T00:00:00Z,2022-12-13T06:00:00Z,2023-01-12T00:00:00Z,train
3912,2022-10-14T12:00:00Z,2022-12-13T06:00:00Z,2022-12-13T12:00:00Z,2023-01-12T06:00:00Z,train
3913,2022-10-14T18:00:00Z,2022-12-13T12:00:00Z,2022-12-13T18:00:00Z,2023-01-12T12:00:00Z,train
3914,2022-10-15T00:00:00Z,2022-12-13T18:00:00Z,2022-12-14T00:00:00Z,2023-01-12T18:00:00Z,train
3915,2022-10-15T06:00:00Z,2022-12-14T00:00:00Z,2022-12-14T06:00:00Z,2023-01-13T00:00:00Z,train
3916,2022-10-15T12:00:00Z,2022-12-14T06:00:00Z,2022-12-14T12:00:00Z,2023-01-13T06:00:00Z,train
3917,2022-10-15T18:00:00Z,2022-12-14T12:00:00Z,2022-12-14T18:00:00Z,2023-01-13T12:00:00Z,train
3918,2022-10-16T00:00:00Z,2022-12-14T18:00:00Z,2022-12-15T00:00:00Z,2023-01-13T18:00:00Z,train
3919,2022-10-16T06:00:00Z,2022-12-15T00:00:00Z,2022-12-15T06:00:00Z,2023-01-14T00:00:00Z,train
3920,2022-10-16T12:00:00Z,2022-12-15T06:00:00Z,2022-12-15T12:00:00Z,2023-01-14T06:00:00Z,train
3921,2022-10-16T18:00:00Z,2022-12-15T12:00:00Z,2022-12-15T18:00:00Z,2023-01-14T12:00:00Z,train
3922,2022-10-17T00:00:00Z,2022-12-15T18:00:00Z,2022-12-16T00:00:00Z,2023-01-14T18:00:00Z,train
3923,2022-10-17T06:00:00Z,2022-12-16T00:00:00Z,2022-12-16T06:00:00Z,2023-01-15T00:00:00Z,train
3924,2022-10-17T12:00:00Z,2022-12-16T06:00:00Z,2022-12-16T12:00:00Z,2023-01-15T06:00:00Z,train
3925,2022-10-17T18:00:00Z,2022-12-16T12:00:00Z,2022-12-16T18:00:00Z,2023-01-15T12:00:00Z,train
3926,2022-10-18T00:00:00Z,2022-12-16T18:00:00Z,2022-12-17T00:00:00Z,2023-01-15T18:00:00Z,train
3927,2022-10-18T06:00:00Z,2022-12-17T00:00:00Z,2022-12-17T06:00:00Z,2023-01-16T00:00:00Z,train
3928,2022-10-18T12:00:00Z,2022-12-17T06:00:00Z,2022-12-17T12:00:00Z,2023-01-16T06:00:00Z,train
3929,2022-10-18T18:00:00Z,2022-12-17T12:00:00Z,2022-12-17T18:00:00Z,2023-01-16T12:00:00Z,train
3930,2022-10-19T00:00:00Z,2022-12-17T18:00:00Z,2022-12-18T00:00:00Z,2023-01-16T18:00:00Z,train
3931,2022-10-19T06:00:00Z,2022-12-18T00:00:00Z,2022-12-18T06:00:00Z,2023-01-17T00:00:00Z,train
3932,2022-10-19T12:00:00Z,2022-12-18T06:00:00Z,2022-12-18T12:00:00Z,2023-01-17T06:00:00Z,train
3933,2022-10-19T18:00:00Z,2022-12-18T12:00:00Z,2022-12-18T18:00:00Z,2023-01-17T12:00:00Z,train
3934,2022-10-20T00:00:00Z,2022-12-18T18:00:00Z,2022-12-19T00:00:00Z,2023-01-17T18:00:00Z,train
3935,2022-10-20T06:00:00Z,2022-12-19T00:00:00Z,2022-12-19T06:00:00Z,2023-01-18T00:00:00Z,train
3936,2022-10-20T12:00:00Z,2022-12-19T06:00:00Z,2022-12-19T12:00:00Z,2023-01-18T06:00:00Z,train
3937,2022-10-20T18:00:00Z,2022-12-19T12:00:00Z,2022-12-19T18:00:00Z,2023-01-18T12:00:00Z,train
3938,2022-10-21T00:00:00Z,2022-12-19T18:00:00Z,2022-12-20T00:00:00Z,2023-01-18T18:00:00Z,train
3939,2022-10-21T06:00:00Z,2022-12-20T00:00:00Z,2022-12-20T06:00:00Z,2023-01-19T00:00:00Z,train
3940,2022-10-21T12:00:00Z,2022-12-20T06:00:00Z,2022-12-20T12:00:00Z,2023-01-19T06:00:00Z,train
3941,2022-10-21T18:00:00Z,2022-12-20T12:00:00Z,2022-12-20T18:00:00Z,2023-01-19T12:00:00Z,train
3942,2022-10-22T00:00:00Z,2022-12-20T18:00:00Z,2022-12-21T00:00:00Z,2023-01-19T18:00:00Z,train
3943,2022-10-22T06:00:00Z,2022-12-21T00:00:00Z,2022-12-21T06:00:00Z,2023-01-20T00:00:00Z,train
3944,2022-10-22T12:00:00Z,2022-12-21T06:00:00Z,2022-12-21T12:00:00Z,2023-01-20T06:00:00Z,train
3945,2022-10-22T18:00:00Z,2022-12-21T12:00:00Z,2022-12-21T18:00:00Z,2023-01-20T12:00:00Z,train
3946,2022-10-23T00:00:00Z,2022-12-21T18:00:00Z,2022-12-22T00:00:00Z,2023-01-20T18:00:00Z,train
3947,2022-10-23T06:00:00Z,2022-12-22T00:00:00Z,2022-12-22T06:00:00Z,2023-01-21T00:00:00Z,train
3948,2022-10-23T12:00:00Z,2022-12-22T06:00:00Z,2022-12-22T12:00:00Z,2023-01-21T06:00:00Z,train
3949,2022-10-23T18:00:00Z,2022-12-22T12:00:00Z,2022-12-22T18:00:00Z,2023-01-21T12:00:00Z,train
3950,2022-10-24T00:00:00Z,2022-12-22T18:00:00Z,2022-12-23T00:00:00Z,2023-01-21T18:00:00Z,train
3951,2022-10-24T06:00:00Z,2022-12-23T00:00:00Z,2022-12-23T06:00:00Z,2023-01-22T00:00:00Z,train
3952,2022-10-24T12:00:00Z,2022-12-23T06:00:00Z,2022-12-23T12:00:00Z,2023-01-22T06:00:00Z,train
3953,2022-10-24T18:00:00Z,2022-12-23T12:00:00Z,2022-12-23T18:00:00Z,2023-01-22T12:00:00Z,train
3954,2022-10-25T00:00:00Z,2022-12-23T18:00:00Z,2022-12-24T00:00:00Z,2023-01-22T18:00:00Z,train
3955,2022-10-25T06:00:00Z,2022-12-24T00:00:00Z,2022-12-24T06:00:00Z,2023-01-23T00:00:00Z,train
3956,2022-10-25T12:00:00Z,2022-12-24T06:00:00Z,2022-12-24T12:00:00Z,2023-01-23T06:00:00Z,train
3957,2022-10-25T18:00:00Z,2022-12-24T12:00:00Z,2022-12-24T18:00:00Z,2023-01-23T12:00:00Z,train
3958,2022-10-26T00:00:00Z,2022-12-24T18:00:00Z,2022-12-25T00:00:00Z,2023-01-23T18:00:00Z,train
3959,2022-10-26T06:00:00Z,2022-12-25T00:00:00Z,2022-12-25T06:00:00Z,2023-01-24T00:00:00Z,train
3960,2022-10-26T12:00:00Z,2022-12-25T06:00:00Z,2022-12-25T12:00:00Z,2023-01-24T06:00:00Z,train
3961,2022-10-26T18:00:00Z,2022-12-25T12:00:00Z,2022-12-25T18:00:00Z,2023-01-24T12:00:00Z,train
3962,2022-10-27T00:00:00Z,2022-12-25T18:00:00Z,2022-12-26T00:00:00Z,2023-01-24T18:00:00Z,train
3963,2022-10-27T06:00:00Z,2022-12-26T00:00:00Z,2022-12-26T06:00:00Z,2023-01-25T00:00:00Z,train
3964,2022-10-27T12:00:00Z,2022-12-26T06:00:00Z,2022-12-26T12:00:00Z,2023-01-25T06:00:00Z,train
3965,2022-10-27T18:00:00Z,2022-12-26T12:00:00Z,2022-12-26T18:00:00Z,2023-01-25T12:00:00Z,train
3966,2022-10-28T00:00:00Z,2022-12-26T18:00:00Z,2022-12-27T00:00:00Z,2023-01-25T18:00:00Z,train
3967,2022-10-28T06:00:00Z,2022-12-27T00:00:00Z,2022-12-27T06:00:00Z,2023-01-26T00:00:00Z,train
3968,2022-10-28T12:00:00Z,2022-12-27T06:00:00Z,2022-12-27T12:00:00Z,2023-01-26T06:00:00Z,train
3969,2022-10-28T18:00:00Z,2022-12-27T12:00:00Z,2022-12-27T18:00:00Z,2023-01-26T12:00:00Z,train
3970,2022-10-29T00:00:00Z,2022-12-27T18:00:00Z,2022-12-28T00:00:00Z,2023-01-26T18:00:00Z,train
3971,2022-10-29T06:00:00Z,2022-12-28T00:00:00Z,2022-12-28T06:00:00Z,2023-01-27T00:00:00Z,train
3972,2022-10-29T12:00:00Z,2022-12-28T06:00:00Z,2022-12-28T12:00:00Z,2023-01-27T06:00:00Z,train
3973,2022-10-29T18:00:00Z,2022-12-28T12:00:00Z,2022-12-28T18:00:00Z,2023-01-27T12:00:00Z,train
3974,2022-10-30T00:00:00Z,2022-12-28T18:00:00Z,2022-12-29T00:00:00Z,2023-01-27T18:00:00Z,train
3975,2022-10-30T06:00:00Z,2022-12-29T00:00:00Z,2022-12-29T06:00:00Z,2023-01-28T00:00:00Z,train
3976,2022-10-30T12:00:00Z,2022-12-29T06:00:00Z,2022-12-29T12:00:00Z,2023-01-28T06:00:00Z,train
3977,2022-10-30T18:00:00Z,2022-12-29T12:00:00Z,2022-12-29T18:00:00Z,2023-01-28T12:00:00Z,train
3978,2022-10-31T00:00:00Z,2022-12-29T18:00:00Z,2022-12-30T00:00:00Z,2023-01-28T18:00:00Z,train
3979,2022-10-31T06:00:00Z,2022-12-30T00:00:00Z,2022-12-30T06:00:00Z,2023-01-29T00:00:00Z,train
3980,2022-10-31T12:00:00Z,2022-12-30T06:00:00Z,2022-12-30T12:00:00Z,2023-01-29T06:00:00Z,train
3981,2022-10-31T18:00:00Z,2022-12-30T12:00:00Z,2022-12-30T18:00:00Z,2023-01-29T12:00:00Z,train
3982,2022-11-01T00:00:00Z,2022-12-30T18:00:00Z,2022-12-31T00:00:00Z,2023-01-29T18:00:00Z,train
3983,2022-11-01T06:00:00Z,2022-12-31T00:00:00Z,2022-12-31T06:00:00Z,2023-01-30T00:00:00Z,train
3984,2022-11-01T12:00:00Z,2022-12-31T06:00:00Z,2022-12-31T12:00:00Z,2023-01-30T06:00:00Z,train
3985,2022-11-01T18:00:00Z,2022-12-31T12:00:00Z,2022-12-31T18:00:00Z,2023-01-30T12:00:00Z,train
3986,2022-11-02T00:00:00Z,2022-12-31T18:00:00Z,2023-01-01T00:00:00Z,2023-01-30T18:00:00Z,train
3987,2022-11-02T06:00:00Z,2023-01-01T00:00:00Z,2023-01-01T06:00:00Z,2023-01-31T00:00:00Z,train
3988,2022-11-02T12:00:00Z,2023-01-01T06:00:00Z,2023-01-01T12:00:00Z,2023-01-31T06:00:00Z,train
3989,2022-11-02T18:00:00Z,2023-01-01T12:00:00Z,2023-01-01T18:00:00Z,2023-01-31T12:00:00Z,train
3990,2022-11-03T00:00:00Z,2023-01-01T18:00:00Z,2023-01-02T00:00:00Z,2023-01-31T18:00:00Z,train
3991,2022-11-03T06:00:00Z,2023-01-02T00:00:00Z,2023-01-02T06:00:00Z,2023-02-01T00:00:00Z,train
3992,2022-11-03T12:00:00Z,2023-01-02T06:00:00Z,2023-01-02T12:00:00Z,2023-02-01T06:00:00Z,train
3993,2022-11-03T18:00:00Z,2023-01-02T12:00:00Z,2023-01-02T18:00:00Z,2023-02-01T12:00:00Z,train
3994,2022-11-04T00:00:00Z,2023-01-02T18:00:00Z,2023-01-03T00:00:00Z,2023-02-01T18:00:00Z,train
3995,2022-11-04T06:00:00Z,2023-01-03T00:00:00Z,2023-01-03T06:00:00Z,2023-02-02T00:00:00Z,train
3996,2022-11-04T12:00:00Z,2023-01-03T06:00:00Z,2023-01-03T12:00:00Z,2023-02-02T06:00:00Z,train
3997,2022-11-04T18:00:00Z,2023-01-03T12:00:00Z,2023-01-03T18:00:00Z,2023-02-02T12:00:00Z,train
3998,2022-11-05T00:00:00Z,2023-01-03T18:00:00Z,2023-01-04T00:00:00Z,2023-02-02T18:00:00Z,train
3999,2022-11-05T06:00:00Z,2023-01-04T00:00:00Z,2023-01-04T06:00:00Z,2023-02-03T00:00:00Z,train
4000,2022-11-05T12:00:00Z,2023-01-04T06:00:00Z,2023-01-04T12:00:00Z,2023-02-03T06:00:00Z,train
4001,2022-11-05T18:00:00Z,2023-01-04T12:00:00Z,2023-01-04T18:00:00Z,2023-02-03T12:00:00Z,train
4002,2022-11-06T00:00:00Z,2023-01-04T18:00:00Z,2023-01-05T00:00:00Z,2023-02-03T18:00:00Z,train
4003,2022-11-06T06:00:00Z,2023-01-05T00:00:00Z,2023-01-05T06:00:00Z,2023-02-04T00:00:00Z,train
4004,2022-11-06T12:00:00Z,2023-01-05T06:00:00Z,2023-01-05T12:00:00Z,2023-02-04T06:00:00Z,train
4005,2022-11-06T18:00:00Z,2023-01-05T12:00:00Z,2023-01-05T18:00:00Z,2023-02-04T12:00:00Z,train
4006,2022-11-07T00:00:00Z,2023-01-05T18:00:00Z,2023-01-06T00:00:00Z,2023-02-04T18:00:00Z,train
4007,2022-11-07T06:00:00Z,2023-01-06T00:00:00Z,2023-01-06T06:00:00Z,2023-02-05T00:00:00Z,train
4008,2022-11-07T12:00:00Z,2023-01-06T06:00:00Z,2023-01-06T12:00:00Z,2023-02-05T06:00:00Z,train
4009,2022-11-07T18:00:00Z,2023-01-06T12:00:00Z,2023-01-06T18:00:00Z,2023-02-05T12:00:00Z,train
4010,2022-11-08T00:00:00Z,2023-01-06T18:00:00Z,2023-01-07T00:00:00Z,2023-02-05T18:00:00Z,train
4011,2022-11-08T06:00:00Z,2023-01-07T00:00:00Z,2023-01-07T06:00:00Z,2023-02-06T00:00:00Z,train
4012,2022-11-08T12:00:00Z,2023-01-07T06:00:00Z,2023-01-07T12:00:00Z,2023-02-06T06:00:00Z,train
4013,2022-11-08T18:00:00Z,2023-01-07T12:00:00Z,2023-01-07T18:00:00Z,2023-02-06T12:00:00Z,train
4014,2022-11-09T00:00:00Z,2023-01-07T18:00:00Z,2023-01-08T00:00:00Z,2023-02-06T18:00:00Z,train
4015,2022-11-09T06:00:00Z,2023-01-08T00:00:00Z,2023-01-08T06:00:00Z,2023-02-07T00:00:00Z,train
4016,2022-11-09T12:00:00Z,2023-01-08T06:00:00Z,2023-01-08T12:00:00Z,2023-02-07T06:00:00Z,train
4017,2022-11-09T18:00:00Z,2023-01-08T12:00:00Z,2023-01-08T18:00:00Z,2023-02-07T12:00:00Z,train
4018,2022-11-10T00:00:00Z,2023-01-08T18:00:00Z,2023-01-09T00:00:00Z,2023-02-07T18:00:00Z,train
4019,2022-11-10T06:00:00Z,2023-01-09T00:00:00Z,2023-01-09T06:00:00Z,2023-02-08T00:00:00Z,train
4020,2022-11-10T12:00:00Z,2023-01-09T06:00:00Z,2023-01-09T12:00:00Z,2023-02-08T06:00:00Z,train
4021,2022-11-10T18:00:00Z,2023-01-09T12:00:00Z,2023-01-09T18:00:00Z,2023-02-08T12:00:00Z,train
4022,2022-11-11T00:00:00Z,2023-01-09T18:00:00Z,2023-01-10T00:00:00Z,2023-02-08T18:00:00Z,train
4023,2022-11-11T06:00:00Z,2023-01-10T00:00:00Z,2023-01-10T06:00:00Z,2023-02-09T00:00:00Z,train
4024,2022-11-11T12:00:00Z,2023-01-10T06:00:00Z,2023-01-10T12:00:00Z,2023-02-09T06:00:00Z,train
4025,2022-11-11T18:00:00Z,2023-01-10T12:00:00Z,2023-01-10T18:00:00Z,2023-02-09T12:00:00Z,train
4026,2022-11-12T00:00:00Z,2023-01-10T18:00:00Z,2023-01-11T00:00:00Z,2023-02-09T18:00:00Z,train
4027,2022-11-12T06:00:00Z,2023-01-11T00:00:00Z,2023-01-11T06:00:00Z,2023-02-10T00:00:00Z,train
4028,2022-11-12T12:00:00Z,2023-01-11T06:00:00Z,2023-01-11T12:00:00Z,2023-02-10T06:00:00Z,train
4029,2022-11-12T18:00:00Z,2023-01-11T12:00:00Z,2023-01-11T18:00:00Z,2023-02-10T12:00:00Z,train
4030,2022-11-13T00:00:00Z,2023-01-11T18:00:00Z,2023-01-12T00:00:00Z,2023-02-10T18:00:00Z,train
4031,2022-11-13T06:00:00Z,2023-01-12T00:00:00Z,2023-01-12T06:00:00Z,2023-02-11T00:00:00Z,train
4032,2022-11-13T12:00:00Z,2023-01-12T06:00:00Z,2023-01-12T12:00:00Z,2023-02-11T06:00:00Z,train
4033,2022-11-13T18:00:00Z,2023-01-12T12:00:00Z,2023-01-12T18:00:00Z,2023-02-11T12:00:00Z,train
4034,2022-11-14T00:00:00Z,2023-01-12T18:00:00Z,2023-01-13T00:00:00Z,2023-02-11T18:00:00Z,train
4035,2022-11-14T06:00:00Z,2023-01-13T00:00:00Z,2023-01-13T06:00:00Z,2023-02-12T00:00:00Z,train
4036,2022-11-14T12:00:00Z,2023-01-13T06:00:00Z,2023-01-13T12:00:00Z,2023-02-12T06:00:00Z,train
4037,2022-11-14T18:00:00Z,2023-01-13T12:00:00Z,2023-01-13T18:00:00Z,2023-02-12T12:00:00Z,train
4038,2022-11-15T00:00:00Z,2023-01-13T18:00:00Z,2023-01-14T00:00:00Z,2023-02-12T18:00:00Z,train
4039,2022-11-15T06:00:00Z,2023-01-14T00:00:00Z,2023-01-14T06:00:00Z,2023-02-13T00:00:00Z,train
4040,2022-11-15T12:00:00Z,2023-01-14T06:00:00Z,2023-01-14T12:00:00Z,2023-02-13T06:00:00Z,train
4041,2022-11-15T18:00:00Z,2023-01-14T12:00:00Z,2023-01-14T18:00:00Z,2023-02-13T12:00:00Z,train
4042,2022-11-16T00:00:00Z,2023-01-14T18:00:00Z,2023-01-15T00:00:00Z,2023-02-13T18:00:00Z,train
4043,2022-11-16T06:00:00Z,2023-01-15T00:00:00Z,2023-01-15T06:00:00Z,2023-02-14T00:00:00Z,train
4044,2022-11-16T12:00:00Z,2023-01-15T06:00:00Z,2023-01-15T12:00:00Z,2023-02-14T06:00:00Z,train
4045,2022-11-16T18:00:00Z,2023-01-15T12:00:00Z,2023-01-15T18:00:00Z,2023-02-14T12:00:00Z,train
4046,2022-11-17T00:00:00Z,2023-01-15T18:00:00Z,2023-01-16T00:00:00Z,2023-02-14T18:00:00Z,train
4047,2022-11-17T06:00:00Z,2023-01-16T00:00:00Z,2023-01-16T06:00:00Z,2023-02-15T00:00:00Z,train
4048,2022-11-17T12:00:00Z,2023-01-16T06:00:00Z,2023-01-16T12:00:00Z,2023-02-15T06:00:00Z,train
4049,2022-11-17T18:00:00Z,2023-01-16T12:00:00Z,2023-01-16T18:00:00Z,2023-02-15T12:00:00Z,train
4050,2022-11-18T00:00:00Z,2023-01-16T18:00:00Z,2023-01-17T00:00:00Z,2023-02-15T18:00:00Z,train
4051,2022-11-18T06:00:00Z,2023-01-17T00:00:00Z,2023-01-17T06:00:00Z,2023-02-16T00:00:00Z,train
4052,2022-11-18T12:00:00Z,2023-01-17T06:00:00Z,2023-01-17T12:00:00Z,2023-02-16T06:00:00Z,train
4053,2022-11-18T18:00:00Z,2023-01-17T12:00:00Z,2023-01-17T18:00:00Z,2023-02-16T12:00:00Z,train
4054,2022-11-19T00:00:00Z,2023-01-17T18:00:00Z,2023-01-18T00:00:00Z,2023-02-16T18:00:00Z,train
4055,2022-11-19T06:00:00Z,2023-01-18T00:00:00Z,2023-01-18T06:00:00Z,2023-02-17T00:00:00Z,train
4056,2022-11-19T12:00:00Z,2023-01-18T06:00:00Z,2023-01-18T12:00:00Z,2023-02-17T06:00:00Z,train
4057,2022-11-19T18:00:00Z,2023-01-18T12:00:00Z,2023-01-18T18:00:00Z,2023-02-17T12:00:00Z,train
4058,2022-11-20T00:00:00Z,2023-01-18T18:00:00Z,2023-01-19T00:00:00Z,2023-02-17T18:00:00Z,train
4059,2022-11-20T06:00:00Z,2023-01-19T00:00:00Z,2023-01-19T06:00:00Z,2023-02-18T00:00:00Z,train
4060,2022-11-20T12:00:00Z,2023-01-19T06:00:00Z,2023-01-19T12:00:00Z,2023-02-18T06:00:00Z,train
4061,2022-11-20T18:00:00Z,2023-01-19T12:00:00Z,2023-01-19T18:00:00Z,2023-02-18T12:00:00Z,train
4062,2022-11-21T00:00:00Z,2023-01-19T18:00:00Z,2023-01-20T00:00:00Z,2023-02-18T18:00:00Z,train
4063,2022-11-21T06:00:00Z,2023-01-20T00:00:00Z,2023-01-20T06:00:00Z,2023-02-19T00:00:00Z,train
4064,2022-11-21T12:00:00Z,2023-01-20T06:00:00Z,2023-01-20T12:00:00Z,2023-02-19T06:00:00Z,train
4065,2022-11-21T18:00:00Z,2023-01-20T12:00:00Z,2023-01-20T18:00:00Z,2023-02-19T12:00:00Z,train
4066,2022-11-22T00:00:00Z,2023-01-20T18:00:00Z,2023-01-21T00:00:00Z,2023-02-19T18:00:00Z,train
4067,2022-11-22T06:00:00Z,2023-01-21T00:00:00Z,2023-01-21T06:00:00Z,2023-02-20T00:00:00Z,train
4068,2022-11-22T12:00:00Z,2023-01-21T06:00:00Z,2023-01-21T12:00:00Z,2023-02-20T06:00:00Z,train
4069,2022-11-22T18:00:00Z,2023-01-21T12:00:00Z,2023-01-21T18:00:00Z,2023-02-20T12:00:00Z,train
4070,2022-11-23T00:00:00Z,2023-01-21T18:00:00Z,2023-01-22T00:00:00Z,2023-02-20T18:00:00Z,train
4071,2022-11-23T06:00:00Z,2023-01-22T00:00:00Z,2023-01-22T06:00:00Z,2023-02-21T00:00:00Z,train
4072,2022-11-23T12:00:00Z,2023-01-22T06:00:00Z,2023-01-22T12:00:00Z,2023-02-21T06:00:00Z,train
4073,2022-11-23T18:00:00Z,2023-01-22T12:00:00Z,2023-01-22T18:00:00Z,2023-02-21T12:00:00Z,train
4074,2022-11-24T00:00:00Z,2023-01-22T18:00:00Z,2023-01-23T00:00:00Z,2023-02-21T18:00:00Z,train
4075,2022-11-24T06:00:00Z,2023-01-23T00:00:00Z,2023-01-23T06:00:00Z,2023-02-22T00:00:00Z,train
4076,2022-11-24T12:00:00Z,2023-01-23T06:00:00Z,2023-01-23T12:00:00Z,2023-02-22T06:00:00Z,train
4077,2022-11-24T18:00:00Z,2023-01-23T12:00:00Z,2023-01-23T18:00:00Z,2023-02-22T12:00:00Z,train
4078,2022-11-25T00:00:00Z,2023-01-23T18:00:00Z,2023-01-24T00:00:00Z,2023-02-22T18:00:00Z,train
4079,2022-11-25T06:00:00Z,2023-01-24T00:00:00Z,2023-01-24T06:00:00Z,2023-02-23T00:00:00Z,train
4080,2022-11-25T12:00:00Z,2023-01-24T06:00:00Z,2023-01-24T12:00:00Z,2023-02-23T06:00:00Z,train
4081,2022-11-25T18:00:00Z,2023-01-24T12:00:00Z,2023-01-24T18:00:00Z,2023-02-23T12:00:00Z,train
4082,2022-11-26T00:00:00Z,2023-01-24T18:00:00Z,2023-01-25T00:00:00Z,2023-02-23T18:00:00Z,train
4083,2022-11-26T06:00:00Z,2023-01-25T00:00:00Z,2023-01-25T06:00:00Z,2023-02-24T00:00:00Z,train
4084,2022-11-26T12:00:00Z,2023-01-25T06:00:00Z,2023-01-25T12:00:00Z,2023-02-24T06:00:00Z,train
4085,2022-11-26T18:00:00Z,2023-01-25T12:00:00Z,2023-01-25T18:00:00Z,2023-02-24T12:00:00Z,train
4086,2022-11-27T00:00:00Z,2023-01-25T18:00:00Z,2023-01-26T00:00:00Z,2023-02-24T18:00:00Z,train
4087,2022-11-27T06:00:00Z,2023-01-26T00:00:00Z,2023-01-26T06:00:00Z,2023-02-25T00:00:00Z,train
4088,2022-11-27T12:00:00Z,2023-01-26T06:00:00Z,2023-01-26T12:00:00Z,2023-02-25T06:00:00Z,train
4089,2022-11-27T18:00:00Z,2023-01-26T12:00:00Z,2023-01-26T18:00:00Z,2023-02-25T12:00:00Z,train
4090,2022-11-28T00:00:00Z,2023-01-26T18:00:00Z,2023-01-27T00:00:00Z,2023-02-25T18:00:00Z,train
4091,2022-11-28T06:00:00Z,2023-01-27T00:00:00Z,2023-01-27T06:00:00Z,2023-02-26T00:00:00Z,train
4092,2022-11-28T12:00:00Z,2023-01-27T06:00:00Z,2023-01-27T12:00:00Z,2023-02-26T06:00:00Z,train
4093,2022-11-28T18:00:00Z,2023-01-27T12:00:00Z,2023-01-27T18:00:00Z,2023-02-26T12:00:00Z,train
4094,2022-11-29T00:00:00Z,2023-01-27T18:00:00Z,2023-01-28T00:00:00Z,2023-02-26T18:00:00Z,train
4095,2022-11-29T06:00:00Z,2023-01-28T00:00:00Z,2023-01-28T06:00:00Z,2023-02-27T00:00:00Z,train
4096,2022-11-29T12:00:00Z,2023-01-28T06:00:00Z,2023-01-28T12:00:00Z,2023-02-27T06:00:00Z,train
4097,2022-11-29T18:00:00Z,2023-01-28T12:00:00Z,2023-01-28T18:00:00Z,2023-02-27T12:00:00Z,train
4098,2022-11-30T00:00:00Z,2023-01-28T18:00:00Z,2023-01-29T00:00:00Z,2023-02-27T18:00:00Z,train
4099,2022-11-30T06:00:00Z,2023-01-29T00:00:00Z,2023-01-29T06:00:00Z,2023-02-28T00:00:00Z,train
4100,2022-11-30T12:00:00Z,2023-01-29T06:00:00Z,2023-01-29T12:00:00Z,2023-02-28T06:00:00Z,train
4101,2022-11-30T18:00:00Z,2023-01-29T12:00:00Z,2023-01-29T18:00:00Z,2023-02-28T12:00:00Z,train
4102,2022-12-01T00:00:00Z,2023-01-29T18:00:00Z,2023-01-30T00:00:00Z,2023-02-28T18:00:00Z,train
4103,2022-12-01T06:00:00Z,2023-01-30T00:00:00Z,2023-01-30T06:00:00Z,2023-03-01T00:00:00Z,train
4104,2022-12-01T12:00:00Z,2023-01-30T06:00:00Z,2023-01-30T12:00:00Z,2023-03-01T06:00:00Z,train
4105,2022-12-01T18:00:00Z,2023-01-30T12:00:00Z,2023-01-30T18:00:00Z,2023-03-01T12:00:00Z,train
4106,2022-12-02T00:00:00Z,2023-01-30T18:00:00Z,2023-01-31T00:00:00Z,2023-03-01T18:00:00Z,train
4107,2022-12-02T06:00:00Z,2023-01-31T00:00:00Z,2023-01-31T06:00:00Z,2023-03-02T00:00:00Z,train
4108,2022-12-02T12:00:00Z,2023-01-31T06:00:00Z,2023-01-31T12:00:00Z,2023-03-02T06:00:00Z,train
4109,2022-12-02T18:00:00Z,2023-01-31T12:00:00Z,2023-01-31T18:00:00Z,2023-03-02T12:00:00Z,train
4110,2022-12-03T00:00:00Z,2023-01-31T18:00:00Z,2023-02-01T00:00:00Z,2023-03-02T18:00:00Z,train
4111,2022-12-03T06:00:00Z,2023-02-01T00:00:00Z,2023-02-01T06:00:00Z,2023-03-03T00:00:00Z,train
4112,2022-12-03T12:00:00Z,2023-02-01T06:00:00Z,2023-02-01T12:00:00Z,2023-03-03T06:00:00Z,train
4113,2022-12-03T18:00:00Z,2023-02-01T12:00:00Z,2023-02-01T18:00:00Z,2023-03-03T12:00:00Z,train
4114,2022-12-04T00:00:00Z,2023-02-01T18:00:00Z,2023-02-02T00:00:00Z,2023-03-03T18:00:00Z,train
4115,2022-12-04T06:00:00Z,2023-02-02T00:00:00Z,2023-02-02T06:00:00Z,2023-03-04T00:00:00Z,train
4116,2022-12-04T12:00:00Z,2023-02-02T06:00:00Z,2023-02-02T12:00:00Z,2023-03-04T06:00:00Z,train
4117,2022-12-04T18:00:00Z,2023-02-02T12:00:00Z,2023-02-02T18:00:00Z,2023-03-04T12:00:00Z,train
4118,2022-12-05T00:00:00Z,2023-02-02T18:00:00Z,2023-02-03T00:00:00Z,2023-03-04T18:00:00Z,train
4119,2022-12-05T06:00:00Z,2023-02-03T00:00:00Z,2023-02-03T06:00:00Z,2023-03-05T00:00:00Z,train
4120,2022-12-05T12:00:00Z,2023-02-03T06:00:00Z,2023-02-03T12:00:00Z,2023-03-05T06:00:00Z,train
4121,2022-12-05T18:00:00Z,2023-02-03T12:00:00Z,2023-02-03T18:00:00Z,2023-03-05T12:00:00Z,train
4122,2022-12-06T00:00:00Z,2023-02-03T18:00:00Z,2023-02-04T00:00:00Z,2023-03-05T18:00:00Z,train
4123,2022-12-06T06:00:00Z,2023-02-04T00:00:00Z,2023-02-04T06:00:00Z,2023-03-06T00:00:00Z,train
4124,2022-12-06T12:00:00Z,2023-02-04T06:00:00Z,2023-02-04T12:00:00Z,2023-03-06T06:00:00Z,train
4125,2022-12-06T18:00:00Z,2023-02-04T12:00:00Z,2023-02-04T18:00:00Z,2023-03-06T12:00:00Z,train
4126,2022-12-07T00:00:00Z,2023-02-04T18:00:00Z,2023-02-05T00:00:00Z,2023-03-06T18:00:00Z,train
4127,2022-12-07T06:00:00Z,2023-02-05T00:00:00Z,2023-02-05T06:00:00Z,2023-03-07T00:00:00Z,train
4128,2022-12-07T12:00:00Z,2023-02-05T06:00:00Z,2023-02-05T12:00:00Z,2023-03-07T06:00:00Z,train
4129,2022-12-07T18:00:00Z,2023-02-05T12:00:00Z,2023-02-05T18:00:00Z,2023-03-07T12:00:00Z,train
4130,2022-12-08T00:00:00Z,2023-02-05T18:00:00Z,2023-02-06T00:00:00Z,2023-03-07T18:00:00Z,train
4131,2022-12-08T06:00:00Z,2023-02-06T00:00:00Z,2023-02-06T06:00:00Z,2023-03-08T00:00:00Z,train
4132,2022-12-08T12:00:00Z,2023-02-06T06:00:00Z,2023-02-06T12:00:00Z,2023-03-08T06:00:00Z,train
4133,2022-12-08T18:00:00Z,2023-02-06T12:00:00Z,2023-02-06T18:00:00Z,2023-03-08T12:00:00Z,train
4134,2022-12-09T00:00:00Z,2023-02-06T18:00:00Z,2023-02-07T00:00:00Z,2023-03-08T18:00:00Z,train
4135,2022-12-09T06:00:00Z,2023-02-07T00:00:00Z,2023-02-07T06:00:00Z,2023-03-09T00:00:00Z,train
4136,2022-12-09T12:00:00Z,2023-02-07T06:00:00Z,2023-02-07T12:00:00Z,2023-03-09T06:00:00Z,train
4137,2022-12-09T18:00:00Z,2023-02-07T12:00:00Z,2023-02-07T18:00:00Z,2023-03-09T12:00:00Z,train
4138,2022-12-10T00:00:00Z,2023-02-07T18:00:00Z,2023-02-08T00:00:00Z,2023-03-09T18:00:00Z,train
4139,2022-12-10T06:00:00Z,2023-02-08T00:00:00Z,2023-02-08T06:00:00Z,2023-03-10T00:00:00Z,train
4140,2022-12-10T12:00:00Z,2023-02-08T06:00:00Z,2023-02-08T12:00:00Z,2023-03-10T06:00:00Z,train
4141,2022-12-10T18:00:00Z,2023-02-08T12:00:00Z,2023-02-08T18:00:00Z,2023-03-10T12:00:00Z,train
4142,2022-12-11T00:00:00Z,2023-02-08T18:00:00Z,2023-02-09T00:00:00Z,2023-03-10T18:00:00Z,train
4143,2022-12-11T06:00:00Z,2023-02-09T00:00:00Z,2023-02-09T06:00:00Z,2023-03-11T00:00:00Z,train
4144,2022-12-11T12:00:00Z,2023-02-09T06:00:00Z,2023-02-09T12:00:00Z,2023-03-11T06:00:00Z,train
4145,2022-12-11T18:00:00Z,2023-02-09T12:00:00Z,2023-02-09T18:00:00Z,2023-03-11T12:00:00Z,train
4146,2022-12-12T00:00:00Z,2023-02-09T18:00:00Z,2023-02-10T00:00:00Z,2023-03-11T18:00:00Z,train
4147,2022-12-12T06:00:00Z,2023-02-10T00:00:00Z,2023-02-10T06:00:00Z,2023-03-12T00:00:00Z,train
4148,2022-12-12T12:00:00Z,2023-02-10T06:00:00Z,2023-02-10T12:00:00Z,2023-03-12T06:00:00Z,train
4149,2022-12-12T18:00:00Z,2023-02-10T12:00:00Z,2023-02-10T18:00:00Z,2023-03-12T12:00:00Z,train
4150,2022-12-13T00:00:00Z,2023-02-10T18:00:00Z,2023-02-11T00:00:00Z,2023-03-12T18:00:00Z,train
4151,2022-12-13T06:00:00Z,2023-02-11T00:00:00Z,2023-02-11T06:00:00Z,2023-03-13T00:00:00Z,train
4152,2022-12-13T12:00:00Z,2023-02-11T06:00:00Z,2023-02-11T12:00:00Z,2023-03-13T06:00:00Z,train
4153,2022-12-13T18:00:00Z,2023-02-11T12:00:00Z,2023-02-11T18:00:00Z,2023-03-13T12:00:00Z,train
4154,2022-12-14T00:00:00Z,2023-02-11T18:00:00Z,2023-02-12T00:00:00Z,2023-03-13T18:00:00Z,train
4155,2022-12-14T06:00:00Z,2023-02-12T00:00:00Z,2023-02-12T06:00:00Z,2023-03-14T00:00:00Z,train
4156,2022-12-14T12:00:00Z,2023-02-12T06:00:00Z,2023-02-12T12:00:00Z,2023-03-14T06:00:00Z,train
4157,2022-12-14T18:00:00Z,2023-02-12T12:00:00Z,2023-02-12T18:00:00Z,2023-03-14T12:00:00Z,train
4158,2022-12-15T00:00:00Z,2023-02-12T18:00:00Z,2023-02-13T00:00:00Z,2023-03-14T18:00:00Z,train
4159,2022-12-15T06:00:00Z,2023-02-13T00:00:00Z,2023-02-13T06:00:00Z,2023-03-15T00:00:00Z,train
4160,2022-12-15T12:00:00Z,2023-02-13T06:00:00Z,2023-02-13T12:00:00Z,2023-03-15T06:00:00Z,train
4161,2022-12-15T18:00:00Z,2023-02-13T12:00:00Z,2023-02-13T18:00:00Z,2023-03-15T12:00:00Z,train
4162,2022-12-16T00:00:00Z,2023-02-13T18:00:00Z,2023-02-14T00:00:00Z,2023-03-15T18:00:00Z,train
4163,2022-12-16T06:00:00Z,2023-02-14T00:00:00Z,2023-02-14T06:00:00Z,2023-03-16T00:00:00Z,train
4164,2022-12-16T12:00:00Z,2023-02-14T06:00:00Z,2023-02-14T12:00:00Z,2023-03-16T06:00:00Z,train
4165,2022-12-16T18:00:00Z,2023-02-14T12:00:00Z,2023-02-14T18:00:00Z,2023-03-16T12:00:00Z,train
4166,2022-12-17T00:00:00Z,2023-02-14T18:00:00Z,2023-02-15T00:00:00Z,2023-03-16T18:00:00Z,train
4167,2022-12-17T06:00:00Z,2023-02-15T00:00:00Z,2023-02-15T06:00:00Z,2023-03-17T00:00:00Z,train
4168,2022-12-17T12:00:00Z,2023-02-15T06:00:00Z,2023-02-15T12:00:00Z,2023-03-17T06:00:00Z,train
4169,2022-12-17T18:00:00Z,2023-02-15T12:00:00Z,2023-02-15T18:00:00Z,2023-03-17T12:00:00Z,train
4170,2022-12-18T00:00:00Z,2023-02-15T18:00:00Z,2023-02-16T00:00:00Z,2023-03-17T18:00:00Z,train
4171,2022-12-18T06:00:00Z,2023-02-16T00:00:00Z,2023-02-16T06:00:00Z,2023-03-18T00:00:00Z,train
4172,2022-12-18T12:00:00Z,2023-02-16T06:00:00Z,2023-02-16T12:00:00Z,2023-03-18T06:00:00Z,train
4173,2022-12-18T18:00:00Z,2023-02-16T12:00:00Z,2023-02-16T18:00:00Z,2023-03-18T12:00:00Z,train
4174,2022-12-19T00:00:00Z,2023-02-16T18:00:00Z,2023-02-17T00:00:00Z,2023-03-18T18:00:00Z,train
4175,2022-12-19T06:00:00Z,2023-02-17T00:00:00Z,2023-02-17T06:00:00Z,2023-03-19T00:00:00Z,train
4176,2022-12-19T12:00:00Z,2023-02-17T06:00:00Z,2023-02-17T12:00:00Z,2023-03-19T06:00:00Z,train
4177,2022-12-19T18:00:00Z,2023-02-17T12:00:00Z,2023-02-17T18:00:00Z,2023-03-19T12:00:00Z,train
4178,2022-12-20T00:00:00Z,2023-02-17T18:00:00Z,2023-02-18T00:00:00Z,2023-03-19T18:00:00Z,train
4179,2022-12-20T06:00:00Z,2023-02-18T00:00:00Z,2023-02-18T06:00:00Z,2023-03-20T00:00:00Z,train
4180,2022-12-20T12:00:00Z,2023-02-18T06:00:00Z,2023-02-18T12:00:00Z,2023-03-20T06:00:00Z,train
4181,2022-12-20T18:00:00Z,2023-02-18T12:00:00Z,2023-02-18T18:00:00Z,2023-03-20T12:00:00Z,train
4182,2022-12-21T00:00:00Z,2023-02-18T18:00:00Z,2023-02-19T00:00:00Z,2023-03-20T18:00:00Z,train
4183,2022-12-21T06:00:00Z,2023-02-19T00:00:00Z,2023-02-19T06:00:00Z,2023-03-21T00:00:00Z,train
4184,2022-12-21T12:00:00Z,2023-02-19T06:00:00Z,2023-02-19T12:00:00Z,2023-03-21T06:00:00Z,train
4185,2022-12-21T18:00:00Z,2023-02-19T12:00:00Z,2023-02-19T18:00:00Z,2023-03-21T12:00:00Z,train
4186,2022-12-22T00:00:00Z,2023-02-19T18:00:00Z,2023-02-20T00:00:00Z,2023-03-21T18:00:00Z,train
4187,2022-12-22T06:00:00Z,2023-02-20T00:00:00Z,2023-02-20T06:00:00Z,2023-03-22T00:00:00Z,train
4188,2022-12-22T12:00:00Z,2023-02-20T06:00:00Z,2023-02-20T12:00:00Z,2023-03-22T06:00:00Z,train
4189,2022-12-22T18:00:00Z,2023-02-20T12:00:00Z,2023-02-20T18:00:00Z,2023-03-22T12:00:00Z,train
4190,2022-12-23T00:00:00Z,2023-02-20T18:00:00Z,2023-02-21T00:00:00Z,2023-03-22T18:00:00Z,train
4191,2022-12-23T06:00:00Z,2023-02-21T00:00:00Z,2023-02-21T06:00:00Z,2023-03-23T00:00:00Z,train
4192,2022-12-23T12:00:00Z,2023-02-21T06:00:00Z,2023-02-21T12:00:00Z,2023-03-23T06:00:00Z,train
4193,2022-12-23T18:00:00Z,2023-02-21T12:00:00Z,2023-02-21T18:00:00Z,2023-03-23T12:00:00Z,train
4194,2022-12-24T00:00:00Z,2023-02-21T18:00:00Z,2023-02-22T00:00:00Z,2023-03-23T18:00:00Z,train
4195,2022-12-24T06:00:00Z,2023-02-22T00:00:00Z,2023-02-22T06:00:00Z,2023-03-24T00:00:00Z,train
4196,2022-12-24T12:00:00Z,2023-02-22T06:00:00Z,2023-02-22T12:00:00Z,2023-03-24T06:00:00Z,train
4197,2022-12-24T18:00:00Z,2023-02-22T12:00:00Z,2023-02-22T18:00:00Z,2023-03-24T12:00:00Z,train
4198,2022-12-25T00:00:00Z,2023-02-22T18:00:00Z,2023-02-23T00:00:00Z,2023-03-24T18:00:00Z,train
4199,2022-12-25T06:00:00Z,2023-02-23T00:00:00Z,2023-02-23T06:00:00Z,2023-03-25T00:00:00Z,train
4200,2022-12-25T12:00:00Z,2023-02-23T06:00:00Z,2023-02-23T12:00:00Z,2023-03-25T06:00:00Z,train
4201,2022-12-25T18:00:00Z,2023-02-23T12:00:00Z,2023-02-23T18:00:00Z,2023-03-25T12:00:00Z,train
4202,2022-12-26T00:00:00Z,2023-02-23T18:00:00Z,2023-02-24T00:00:00Z,2023-03-25T18:00:00Z,train
4203,2022-12-26T06:00:00Z,2023-02-24T00:00:00Z,2023-02-24T06:00:00Z,2023-03-26T00:00:00Z,train
4204,2022-12-26T12:00:00Z,2023-02-24T06:00:00Z,2023-02-24T12:00:00Z,2023-03-26T06:00:00Z,train
4205,2022-12-26T18:00:00Z,2023-02-24T12:00:00Z,2023-02-24T18:00:00Z,2023-03-26T12:00:00Z,train
4206,2022-12-27T00:00:00Z,2023-02-24T18:00:00Z,2023-02-25T00:00:00Z,2023-03-26T18:00:00Z,train
4207,2022-12-27T06:00:00Z,2023-02-25T00:00:00Z,2023-02-25T06:00:00Z,2023-03-27T00:00:00Z,train
4208,2022-12-27T12:00:00Z,2023-02-25T06:00:00Z,2023-02-25T12:00:00Z,2023-03-27T06:00:00Z,train
4209,2022-12-27T18:00:00Z,2023-02-25T12:00:00Z,2023-02-25T18:00:00Z,2023-03-27T12:00:00Z,train
4210,2022-12-28T00:00:00Z,2023-02-25T18:00:00Z,2023-02-26T00:00:00Z,2023-03-27T18:00:00Z,train
4211,2022-12-28T06:00:00Z,2023-02-26T00:00:00Z,2023-02-26T06:00:00Z,2023-03-28T00:00:00Z,train
4212,2022-12-28T12:00:00Z,2023-02-26T06:00:00Z,2023-02-26T12:00:00Z,2023-03-28T06:00:00Z,train
4213,2022-12-28T18:00:00Z,2023-02-26T12:00:00Z,2023-02-26T18:00:00Z,2023-03-28T12:00:00Z,train
4214,2022-12-29T00:00:00Z,2023-02-26T18:00:00Z,2023-02-27T00:00:00Z,2023-03-28T18:00:00Z,train
4215,2022-12-29T06:00:00Z,2023-02-27T00:00:00Z,2023-02-27T06:00:00Z,2023-03-29T00:00:00Z,train
4216,2022-12-29T12:00:00Z,2023-02-27T06:00:00Z,2023-02-27T12:00:00Z,2023-03-29T06:00:00Z,train
4217,2022-12-29T18:00:00Z,2023-02-27T12:00:00Z,2023-02-27T18:00:00Z,2023-03-29T12:00:00Z,train
4218,2022-12-30T00:00:00Z,2023-02-27T18:00:00Z,2023-02-28T00:00:00Z,2023-03-29T18:00:00Z,train
4219,2022-12-30T06:00:00Z,2023-02-28T00:00:00Z,2023-02-28T06:00:00Z,2023-03-30T00:00:00Z,train
4220,2022-12-30T12:00:00Z,2023-02-28T06:00:00Z,2023-02-28T12:00:00Z,2023-03-30T06:00:00Z,train
4221,2022-12-30T18:00:00Z,2023-02-28T12:00:00Z,2023-02-28T18:00:00Z,2023-03-30T12:00:00Z,train
4222,2022-12-31T00:00:00Z,2023-02-28T18:00:00Z,2023-03-01T00:00:00Z,2023-03-30T18:00:00Z,train
4223,2022-12-31T06:00:00Z,2023-03-01T00:00:00Z,2023-03-01T06:00:00Z,2023-03-31T00:00:00Z,train
4224,2022-12-31T12:00:00Z,2023-03-01T06:00:00Z,2023-03-01T12:00:00Z,2023-03-31T06:00:00Z,train
4225,2022-12-31T18:00:00Z,2023-03-01T12:00:00Z,2023-03-01T18:00:00Z,2023-03-31T12:00:00Z,train
4226,2023-01-01T00:00:00Z,2023-03-01T18:00:00Z,2023-03-02T00:00:00Z,2023-03-31T18:00:00Z,train
4227,2023-01-01T06:00:00Z,2023-03-02T00:00:00Z,2023-03-02T06:00:00Z,2023-04-01T00:00:00Z,train
4228,2023-01-01T12:00:00Z,2023-03-02T06:00:00Z,2023-03-02T12:00:00Z,2023-04-01T06:00:00Z,train
4229,2023-01-01T18:00:00Z,2023-03-02T12:00:00Z,2023-03-02T18:00:00Z,2023-04-01T12:00:00Z,train
4230,2023-01-02T00:00:00Z,2023-03-02T18:00:00Z,2023-03-03T00:00:00Z,2023-04-01T18:00:00Z,train
4231,2023-01-02T06:00:00Z,2023-03-03T00:00:00Z,2023-03-03T06:00:00Z,2023-04-02T00:00:00Z,train
4232,2023-01-02T12:00:00Z,2023-03-03T06:00:00Z,2023-03-03T12:00:00Z,2023-04-02T06:00:00Z,train
4233,2023-01-02T18:00:00Z,2023-03-03T12:00:00Z,2023-03-03T18:00:00Z,2023-04-02T12:00:00Z,train
4234,2023-01-03T00:00:00Z,2023-03-03T18:00:00Z,2023-03-04T00:00:00Z,2023-04-02T18:00:00Z,train
4235,2023-01-03T06:00:00Z,2023-03-04T00:00:00Z,2023-03-04T06:00:00Z,2023-04-03T00:00:00Z,train
4236,2023-01-03T12:00:00Z,2023-03-04T06:00:00Z,2023-03-04T12:00:00Z,2023-04-03T06:00:00Z,train
4237,2023-01-03T18:00:00Z,2023-03-04T12:00:00Z,2023-03-04T18:00:00Z,2023-04-03T12:00:00Z,train
4238,2023-01-04T00:00:00Z,2023-03-04T18:00:00Z,2023-03-05T00:00:00Z,2023-04-03T18:00:00Z,train
4239,2023-01-04T06:00:00Z,2023-03-05T00:00:00Z,2023-03-05T06:00:00Z,2023-04-04T00:00:00Z,train
4240,2023-01-04T12:00:00Z,2023-03-05T06:00:00Z,2023-03-05T12:00:00Z,2023-04-04T06:00:00Z,train
4241,2023-01-04T18:00:00Z,2023-03-05T12:00:00Z,2023-03-05T18:00:00Z,2023-04-04T12:00:00Z,train
4242,2023-01-05T00:00:00Z,2023-03-05T18:00:00Z,2023-03-06T00:00:00Z,2023-04-04T18:00:00Z,train
4243,2023-01-05T06:00:00Z,2023-03-06T00:00:00Z,2023-03-06T06:00:00Z,2023-04-05T00:00:00Z,train
4244,2023-01-05T12:00:00Z,2023-03-06T06:00:00Z,2023-03-06T12:00:00Z,2023-04-05T06:00:00Z,train
4245,2023-01-05T18:00:00Z,2023-03-06T12:00:00Z,2023-03-06T18:00:00Z,2023-04-05T12:00:00Z,train
4246,2023-01-06T00:00:00Z,2023-03-06T18:00:00Z,2023-03-07T00:00:00Z,2023-04-05T18:00:00Z,train
4247,2023-01-06T06:00:00Z,2023-03-07T00:00:00Z,2023-03-07T06:00:00Z,2023-04-06T00:00:00Z,train
4248,2023-01-06T12:00:00Z,2023-03-07T06:00:00Z,2023-03-07T12:00:00Z,2023-04-06T06:00:00Z,train
4249,2023-01-06T18:00:00Z,2023-03-07T12:00:00Z,2023-03-07T18:00:00Z,2023-04-06T12:00:00Z,train
4250,2023-01-07T00:00:00Z,2023-03-07T18:00:00Z,2023-03-08T00:00:00Z,2023-04-06T18:00:00Z,train
4251,2023-01-07T06:00:00Z,2023-03-08T00:00:00Z,2023-03-08T06:00:00Z,2023-04-07T00:00:00Z,train
4252,2023-01-07T12:00:00Z,2023-03-08T06:00:00Z,2023-03-08T12:00:00Z,2023-04-07T06:00:00Z,train
4253,2023-01-07T18:00:00Z,2023-03-08T12:00:00Z,2023-03-08T18:00:00Z,2023-04-07T12:00:00Z,train
4254,2023-01-08T00:00:00Z,2023-03-08T18:00:00Z,2023-03-09T00:00:00Z,2023-04-07T18:00:00Z,train
4255,2023-01-08T06:00:00Z,2023-03-09T00:00:00Z,2023-03-09T06:00:00Z,2023-04-08T00:00:00Z,train
4256,2023-01-08T12:00:00Z,2023-03-09T06:00:00Z,2023-03-09T12:00:00Z,2023-04-08T06:00:00Z,train
4257,2023-01-08T18:00:00Z,2023-03-09T12:00:00Z,2023-03-09T18:00:00Z,2023-04-08T12:00:00Z,train
4258,2023-01-09T00:00:00Z,2023-03-09T18:00:00Z,2023-03-10T00:00:00Z,2023-04-08T18:00:00Z,train
4259,2023-01-09T06:00:00Z,2023-03-10T00:00:00Z,2023-03-10T06:00:00Z,2023-04-09T00:00:00Z,train
4260,2023-01-09T12:00:00Z,2023-03-10T06:00:00Z,2023-03-10T12:00:00Z,2023-04-09T06:00:00Z,train
4261,2023-01-09T18:00:00Z,2023-03-10T12:00:00Z,2023-03-10T18:00:00Z,2023-04-09T12:00:00Z,train
4262,2023-01-10T00:00:00Z,2023-03-10T18:00:00Z,2023-03-11T00:00:00Z,2023-04-09T18:00:00Z,train
4263,2023-01-10T06:00:00Z,2023-03-11T00:00:00Z,2023-03-11T06:00:00Z,2023-04-10T00:00:00Z,train
4264,2023-01-10T12:00:00Z,2023-03-11T06:00:00Z,2023-03-11T12:00:00Z,2023-04-10T06:00:00Z,train
4265,2023-01-10T18:00:00Z,2023-03-11T12:00:00Z,2023-03-11T18:00:00Z,2023-04-10T12:00:00Z,train
4266,2023-01-11T00:00:00Z,2023-03-11T18:00:00Z,2023-03-12T00:00:00Z,2023-04-10T18:00:00Z,train
4267,2023-01-11T06:00:00Z,2023-03-12T00:00:00Z,2023-03-12T06:00:00Z,2023-04-11T00:00:00Z,train
4268,2023-01-11T12:00:00Z,2023-03-12T06:00:00Z,2023-03-12T12:00:00Z,2023-04-11T06:00:00Z,train
4269,2023-01-11T18:00:00Z,2023-03-12T12:00:00Z,2023-03-12T18:00:00Z,2023-04-11T12:00:00Z,train
4270,2023-01-12T00:00:00Z,2023-03-12T18:00:00Z,2023-03-13T00:00:00Z,2023-04-11T18:00:00Z,train
4271,2023-01-12T06:00:00Z,2023-03-13T00:00:00Z,2023-03-13T06:00:00Z,2023-04-12T00:00:00Z,train
4272,2023-01-12T12:00:00Z,2023-03-13T06:00:00Z,2023-03-13T12:00:00Z,2023-04-12T06:00:00Z,train
4273,2023-01-12T18:00:00Z,2023-03-13T12:00:00Z,2023-03-13T18:00:00Z,2023-04-12T12:00:00Z,train
4274,2023-01-13T00:00:00Z,2023-03-13T18:00:00Z,2023-03-14T00:00:00Z,2023-04-12T18:00:00Z,train
4275,2023-01-13T06:00:00Z,2023-03-14T00:00:00Z,2023-03-14T06:00:00Z,2023-04-13T00:00:00Z,train
4276,2023-01-13T12:00:00Z,2023-03-14T06:00:00Z,2023-03-14T12:00:00Z,2023-04-13T06:00:00Z,train
4277,2023-01-13T18:00:00Z,2023-03-14T12:00:00Z,2023-03-14T18:00:00Z,2023-04-13T12:00:00Z,train
4278,2023-01-14T00:00:00Z,2023-03-14T18:00:00Z,2023-03-15T00:00:00Z,2023-04-13T18:00:00Z,train
4279,2023-01-14T06:00:00Z,2023-03-15T00:00:00Z,2023-03-15T06:00:00Z,2023-04-14T00:00:00Z,train
4280,2023-01-14T12:00:00Z,2023-03-15T06:00:00Z,2023-03-15T12:00:00Z,2023-04-14T06:00:00Z,train
4281,2023-01-14T18:00:00Z,2023-03-15T12:00:00Z,2023-03-15T18:00:00Z,2023-04-14T12:00:00Z,train
4282,2023-01-15T00:00:00Z,2023-03-15T18:00:00Z,2023-03-16T00:00:00Z,2023-04-14T18:00:00Z,train
4283,2023-01-15T06:00:00Z,2023-03-16T00:00:00Z,2023-03-16T06:00:00Z,2023-04-15T00:00:00Z,train
4284,2023-01-15T12:00:00Z,2023-03-16T06:00:00Z,2023-03-16T12:00:00Z,2023-04-15T06:00:00Z,train
4285,2023-01-15T18:00:00Z,2023-03-16T12:00:00Z,2023-03-16T18:00:00Z,2023-04-15T12:00:00Z,train
4286,2023-01-16T00:00:00Z,2023-03-16T18:00:00Z,2023-03-17T00:00:00Z,2023-04-15T18:00:00Z,train
4287,2023-01-16T06:00:00Z,2023-03-17T00:00:00Z,2023-03-17T06:00:00Z,2023-04-16T00:00:00Z,train
4288,2023-01-16T12:00:00Z,2023-03-17T06:00:00Z,2023-03-17T12:00:00Z,2023-04-16T06:00:00Z,train
4289,2023-01-16T18:00:00Z,2023-03-17T12:00:00Z,2023-03-17T18:00:00Z,2023-04-16T12:00:00Z,train
4290,2023-01-17T00:00:00Z,2023-03-17T18:00:00Z,2023-03-18T00:00:00Z,2023-04-16T18:00:00Z,train
4291,2023-01-17T06:00:00Z,2023-03-18T00:00:00Z,2023-03-18T06:00:00Z,2023-04-17T00:00:00Z,train
4292,2023-01-17T12:00:00Z,2023-03-18T06:00:00Z,2023-03-18T12:00:00Z,2023-04-17T06:00:00Z,train
4293,2023-01-17T18:00:00Z,2023-03-18T12:00:00Z,2023-03-18T18:00:00Z,2023-04-17T12:00:00Z,train
4294,2023-01-18T00:00:00Z,2023-03-18T18:00:00Z,2023-03-19T00:00:00Z,2023-04-17T18:00:00Z,train
4295,2023-01-18T06:00:00Z,2023-03-19T00:00:00Z,2023-03-19T06:00:00Z,2023-04-18T00:00:00Z,train
4296,2023-01-18T12:00:00Z,2023-03-19T06:00:00Z,2023-03-19T12:00:00Z,2023-04-18T06:00:00Z,train
4297,2023-01-18T18:00:00Z,2023-03-19T12:00:00Z,2023-03-19T18:00:00Z,2023-04-18T12:00:00Z,train
4298,2023-01-19T00:00:00Z,2023-03-19T18:00:00Z,2023-03-20T00:00:00Z,2023-04-18T18:00:00Z,train
4299,2023-01-19T06:00:00Z,2023-03-20T00:00:00Z,2023-03-20T06:00:00Z,2023-04-19T00:00:00Z,train
4300,2023-01-19T12:00:00Z,2023-03-20T06:00:00Z,2023-03-20T12:00:00Z,2023-04-19T06:00:00Z,train
4301,2023-01-19T18:00:00Z,2023-03-20T12:00:00Z,2023-03-20T18:00:00Z,2023-04-19T12:00:00Z,train
4302,2023-01-20T00:00:00Z,2023-03-20T18:00:00Z,2023-03-21T00:00:00Z,2023-04-19T18:00:00Z,train
4303,2023-01-20T06:00:00Z,2023-03-21T00:00:00Z,2023-03-21T06:00:00Z,2023-04-20T00:00:00Z,train
4304,2023-01-20T12:00:00Z,2023-03-21T06:00:00Z,2023-03-21T12:00:00Z,2023-04-20T06:00:00Z,train
4305,2023-01-20T18:00:00Z,2023-03-21T12:00:00Z,2023-03-21T18:00:00Z,2023-04-20T12:00:00Z,train
4306,2023-01-21T00:00:00Z,2023-03-21T18:00:00Z,2023-03-22T00:00:00Z,2023-04-20T18:00:00Z,train
4307,2023-01-21T06:00:00Z,2023-03-22T00:00:00Z,2023-03-22T06:00:00Z,2023-04-21T00:00:00Z,train
4308,2023-01-21T12:00:00Z,2023-03-22T06:00:00Z,2023-03-22T12:00:00Z,2023-04-21T06:00:00Z,train
4309,2023-01-21T18:00:00Z,2023-03-22T12:00:00Z,2023-03-22T18:00:00Z,2023-04-21T12:00:00Z,train
4310,2023-01-22T00:00:00Z,2023-03-22T18:00:00Z,2023-03-23T00:00:00Z,2023-04-21T18:00:00Z,train
4311,2023-01-22T06:00:00Z,2023-03-23T00:00:00Z,2023-03-23T06:00:00Z,2023-04-22T00:00:00Z,train
4312,2023-01-22T12:00:00Z,2023-03-23T06:00:00Z,2023-03-23T12:00:00Z,2023-04-22T06:00:00Z,train
4313,2023-01-22T18:00:00Z,2023-03-23T12:00:00Z,2023-03-23T18:00:00Z,2023-04-22T12:00:00Z,train
4314,2023-01-23T00:00:00Z,2023-03-23T18:00:00Z,2023-03-24T00:00:00Z,2023-04-22T18:00:00Z,train
4315,2023-01-23T06:00:00Z,2023-03-24T00:00:00Z,2023-03-24T06:00:00Z,2023-04-23T00:00:00Z,train
4316,2023-01-23T12:00:00Z,2023-03-24T06:00:00Z,2023-03-24T12:00:00Z,2023-04-23T06:00:00Z,train
4317,2023-01-23T18:00:00Z,2023-03-24T12:00:00Z,2023-03-24T18:00:00Z,2023-04-23T12:00:00Z,train
4318,2023-01-24T00:00:00Z,2023-03-24T18:00:00Z,2023-03-25T00:00:00Z,2023-04-23T18:00:00Z,train
4319,2023-01-24T06:00:00Z,2023-03-25T00:00:00Z,2023-03-25T06:00:00Z,2023-04-24T00:00:00Z,train
4320,2023-01-24T12:00:00Z,2023-03-25T06:00:00Z,2023-03-25T12:00:00Z,2023-04-24T06:00:00Z,train
4321,2023-01-24T18:00:00Z,2023-03-25T12:00:00Z,2023-03-25T18:00:00Z,2023-04-24T12:00:00Z,train
4322,2023-01-25T00:00:00Z,2023-03-25T18:00:00Z,2023-03-26T00:00:00Z,2023-04-24T18:00:00Z,train
4323,2023-01-25T06:00:00Z,2023-03-26T00:00:00Z,2023-03-26T06:00:00Z,2023-04-25T00:00:00Z,train
4324,2023-01-25T12:00:00Z,2023-03-26T06:00:00Z,2023-03-26T12:00:00Z,2023-04-25T06:00:00Z,train
4325,2023-01-25T18:00:00Z,2023-03-26T12:00:00Z,2023-03-26T18:00:00Z,2023-04-25T12:00:00Z,train
4326,2023-01-26T00:00:00Z,2023-03-26T18:00:00Z,2023-03-27T00:00:00Z,2023-04-25T18:00:00Z,train
4327,2023-01-26T06:00:00Z,2023-03-27T00:00:00Z,2023-03-27T06:00:00Z,2023-04-26T00:00:00Z,train
4328,2023-01-26T12:00:00Z,2023-03-27T06:00:00Z,2023-03-27T12:00:00Z,2023-04-26T06:00:00Z,train
4329,2023-01-26T18:00:00Z,2023-03-27T12:00:00Z,2023-03-27T18:00:00Z,2023-04-26T12:00:00Z,train
4330,2023-01-27T00:00:00Z,2023-03-27T18:00:00Z,2023-03-28T00:00:00Z,2023-04-26T18:00:00Z,train
4331,2023-01-27T06:00:00Z,2023-03-28T00:00:00Z,2023-03-28T06:00:00Z,2023-04-27T00:00:00Z,train
4332,2023-01-27T12:00:00Z,2023-03-28T06:00:00Z,2023-03-28T12:00:00Z,2023-04-27T06:00:00Z,train
4333,2023-01-27T18:00:00Z,2023-03-28T12:00:00Z,2023-03-28T18:00:00Z,2023-04-27T12:00:00Z,train
4334,2023-01-28T00:00:00Z,2023-03-28T18:00:00Z,2023-03-29T00:00:00Z,2023-04-27T18:00:00Z,train
4335,2023-01-28T06:00:00Z,2023-03-29T00:00:00Z,2023-03-29T06:00:00Z,2023-04-28T00:00:00Z,train
4336,2023-01-28T12:00:00Z,2023-03-29T06:00:00Z,2023-03-29T12:00:00Z,2023-04-28T06:00:00Z,train
4337,2023-01-28T18:00:00Z,2023-03-29T12:00:00Z,2023-03-29T18:00:00Z,2023-04-28T12:00:00Z,train
4338,2023-01-29T00:00:00Z,2023-03-29T18:00:00Z,2023-03-30T00:00:00Z,2023-04-28T18:00:00Z,train
4339,2023-01-29T06:00:00Z,2023-03-30T00:00:00Z,2023-03-30T06:00:00Z,2023-04-29T00:00:00Z,train
4340,2023-01-29T12:00:00Z,2023-03-30T06:00:00Z,2023-03-30T12:00:00Z,2023-04-29T06:00:00Z,train
4341,2023-01-29T18:00:00Z,2023-03-30T12:00:00Z,2023-03-30T18:00:00Z,2023-04-29T12:00:00Z,train
4342,2023-01-30T00:00:00Z,2023-03-30T18:00:00Z,2023-03-31T00:00:00Z,2023-04-29T18:00:00Z,train
4343,2023-01-30T06:00:00Z,2023-03-31T00:00:00Z,2023-03-31T06:00:00Z,2023-04-30T00:00:00Z,train
4344,2023-01-30T12:00:00Z,2023-03-31T06:00:00Z,2023-03-31T12:00:00Z,2023-04-30T06:00:00Z,train
4345,2023-01-30T18:00:00Z,2023-03-31T12:00:00Z,2023-03-31T18:00:00Z,2023-04-30T12:00:00Z,train
4346,2023-01-31T00:00:00Z,2023-03-31T18:00:00Z,2023-04-01T00:00:00Z,2023-04-30T18:00:00Z,train
4347,2023-01-31T06:00:00Z,2023-04-01T00:00:00Z,2023-04-01T06:00:00Z,2023-05-01T00:00:00Z,train
4348,2023-01-31T12:00:00Z,2023-04-01T06:00:00Z,2023-04-01T12:00:00Z,2023-05-01T06:00:00Z,train
4349,2023-01-31T18:00:00Z,2023-04-01T12:00:00Z,2023-04-01T18:00:00Z,2023-05-01T12:00:00Z,train
4350,2023-02-01T00:00:00Z,2023-04-01T18:00:00Z,2023-04-02T00:00:00Z,2023-05-01T18:00:00Z,train
4351,2023-02-01T06:00:00Z,2023-04-02T00:00:00Z,2023-04-02T06:00:00Z,2023-05-02T00:00:00Z,train
4352,2023-02-01T12:00:00Z,2023-04-02T06:00:00Z,2023-04-02T12:00:00Z,2023-05-02T06:00:00Z,train
4353,2023-02-01T18:00:00Z,2023-04-02T12:00:00Z,2023-04-02T18:00:00Z,2023-05-02T12:00:00Z,train
4354,2023-02-02T00:00:00Z,2023-04-02T18:00:00Z,2023-04-03T00:00:00Z,2023-05-02T18:00:00Z,train
4355,2023-02-02T06:00:00Z,2023-04-03T00:00:00Z,2023-04-03T06:00:00Z,2023-05-03T00:00:00Z,train
4356,2023-02-02T12:00:00Z,2023-04-03T06:00:00Z,2023-04-03T12:00:00Z,2023-05-03T06:00:00Z,train
4357,2023-02-02T18:00:00Z,2023-04-03T12:00:00Z,2023-04-03T18:00:00Z,2023-05-03T12:00:00Z,train
4358,2023-02-03T00:00:00Z,2023-04-03T18:00:00Z,2023-04-04T00:00:00Z,2023-05-03T18:00:00Z,train
4359,2023-02-03T06:00:00Z,2023-04-04T00:00:00Z,2023-04-04T06:00:00Z,2023-05-04T00:00:00Z,train
4360,2023-02-03T12:00:00Z,2023-04-04T06:00:00Z,2023-04-04T12:00:00Z,2023-05-04T06:00:00Z,train
4361,2023-02-03T18:00:00Z,2023-04-04T12:00:00Z,2023-04-04T18:00:00Z,2023-05-04T12:00:00Z,train
4362,2023-02-04T00:00:00Z,2023-04-04T18:00:00Z,2023-04-05T00:00:00Z,2023-05-04T18:00:00Z,train
4363,2023-02-04T06:00:00Z,2023-04-05T00:00:00Z,2023-04-05T06:00:00Z,2023-05-05T00:00:00Z,train
4364,2023-02-04T12:00:00Z,2023-04-05T06:00:00Z,2023-04-05T12:00:00Z,2023-05-05T06:00:00Z,train
4365,2023-02-04T18:00:00Z,2023-04-05T12:00:00Z,2023-04-05T18:00:00Z,2023-05-05T12:00:00Z,train
4366,2023-02-05T00:00:00Z,2023-04-05T18:00:00Z,2023-04-06T00:00:00Z,2023-05-05T18:00:00Z,train
4367,2023-02-05T06:00:00Z,2023-04-06T00:00:00Z,2023-04-06T06:00:00Z,2023-05-06T00:00:00Z,train
4368,2023-02-05T12:00:00Z,2023-04-06T06:00:00Z,2023-04-06T12:00:00Z,2023-05-06T06:00:00Z,train
4369,2023-02-05T18:00:00Z,2023-04-06T12:00:00Z,2023-04-06T18:00:00Z,2023-05-06T12:00:00Z,train
4370,2023-02-06T00:00:00Z,2023-04-06T18:00:00Z,2023-04-07T00:00:00Z,2023-05-06T18:00:00Z,train
4371,2023-02-06T06:00:00Z,2023-04-07T00:00:00Z,2023-04-07T06:00:00Z,2023-05-07T00:00:00Z,train
4372,2023-02-06T12:00:00Z,2023-04-07T06:00:00Z,2023-04-07T12:00:00Z,2023-05-07T06:00:00Z,train
4373,2023-02-06T18:00:00Z,2023-04-07T12:00:00Z,2023-04-07T18:00:00Z,2023-05-07T12:00:00Z,train
4374,2023-02-07T00:00:00Z,2023-04-07T18:00:00Z,2023-04-08T00:00:00Z,2023-05-07T18:00:00Z,train
4375,2023-02-07T06:00:00Z,2023-04-08T00:00:00Z,2023-04-08T06:00:00Z,2023-05-08T00:00:00Z,train
4376,2023-02-07T12:00:00Z,2023-04-08T06:00:00Z,2023-04-08T12:00:00Z,2023-05-08T06:00:00Z,train
4377,2023-02-07T18:00:00Z,2023-04-08T12:00:00Z,2023-04-08T18:00:00Z,2023-05-08T12:00:00Z,train
4378,2023-02-08T00:00:00Z,2023-04-08T18:00:00Z,2023-04-09T00:00:00Z,2023-05-08T18:00:00Z,train
4379,2023-02-08T06:00:00Z,2023-04-09T00:00:00Z,2023-04-09T06:00:00Z,2023-05-09T00:00:00Z,train
4380,2023-02-08T12:00:00Z,2023-04-09T06:00:00Z,2023-04-09T12:00:00Z,2023-05-09T06:00:00Z,train
4381,2023-02-08T18:00:00Z,2023-04-09T12:00:00Z,2023-04-09T18:00:00Z,2023-05-09T12:00:00Z,train
4382,2023-02-09T00:00:00Z,2023-04-09T18:00:00Z,2023-04-10T00:00:00Z,2023-05-09T18:00:00Z,train
4383,2023-02-09T06:00:00Z,2023-04-10T00:00:00Z,2023-04-10T06:00:00Z,2023-05-10T00:00:00Z,train
4384,2023-02-09T12:00:00Z,2023-04-10T06:00:00Z,2023-04-10T12:00:00Z,2023-05-10T06:00:00Z,train
4385,2023-02-09T18:00:00Z,2023-04-10T12:00:00Z,2023-04-10T18:00:00Z,2023-05-10T12:00:00Z,train
4386,2023-02-10T00:00:00Z,2023-04-10T18:00:00Z,2023-04-11T00:00:00Z,2023-05-10T18:00:00Z,train
4387,2023-02-10T06:00:00Z,2023-04-11T00:00:00Z,2023-04-11T06:00:00Z,2023-05-11T00:00:00Z,train
4388,2023-02-10T12:00:00Z,2023-04-11T06:00:00Z,2023-04-11T12:00:00Z,2023-05-11T06:00:00Z,train
4389,2023-02-10T18:00:00Z,2023-04-11T12:00:00Z,2023-04-11T18:00:00Z,2023-05-11T12:00:00Z,train
4390,2023-02-11T00:00:00Z,2023-04-11T18:00:00Z,2023-04-12T00:00:00Z,2023-05-11T18:00:00Z,train
4391,2023-02-11T06:00:00Z,2023-04-12T00:00:00Z,2023-04-12T06:00:00Z,2023-05-12T00:00:00Z,train
4392,2023-02-11T12:00:00Z,2023-04-12T06:00:00Z,2023-04-12T12:00:00Z,2023-05-12T06:00:00Z,train
4393,2023-02-11T18:00:00Z,2023-04-12T12:00:00Z,2023-04-12T18:00:00Z,2023-05-12T12:00:00Z,train
4394,2023-02-12T00:00:00Z,2023-04-12T18:00:00Z,2023-04-13T00:00:00Z,2023-05-12T18:00:00Z,train
4395,2023-02-12T06:00:00Z,2023-04-13T00:00:00Z,2023-04-13T06:00:00Z,2023-05-13T00:00:00Z,train
4396,2023-02-12T12:00:00Z,2023-04-13T06:00:00Z,2023-04-13T12:00:00Z,2023-05-13T06:00:00Z,train
4397,2023-02-12T18:00:00Z,2023-04-13T12:00:00Z,2023-04-13T18:00:00Z,2023-05-13T12:00:00Z,train
4398,2023-02-13T00:00:00Z,2023-04-13T18:00:00Z,2023-04-14T00:00:00Z,2023-05-13T18:00:00Z,train
4399,2023-02-13T06:00:00Z,2023-04-14T00:00:00Z,2023-04-14T06:00:00Z,2023-05-14T00:00:00Z,train
4400,2023-02-13T12:00:00Z,2023-04-14T06:00:00Z,2023-04-14T12:00:00Z,2023-05-14T06:00:00Z,train
4401,2023-02-13T18:00:00Z,2023-04-14T12:00:00Z,2023-04-14T18:00:00Z,2023-05-14T12:00:00Z,train
4402,2023-02-14T00:00:00Z,2023-04-14T18:00:00Z,2023-04-15T00:00:00Z,2023-05-14T18:00:00Z,train
4403,2023-02-14T06:00:00Z,2023-04-15T00:00:00Z,2023-04-15T06:00:00Z,2023-05-15T00:00:00Z,train
4404,2023-02-14T12:00:00Z,2023-04-15T06:00:00Z,2023-04-15T12:00:00Z,2023-05-15T06:00:00Z,train
4405,2023-02-14T18:00:00Z,2023-04-15T12:00:00Z,2023-04-15T18:00:00Z,2023-05-15T12:00:00Z,train
4406,2023-02-15T00:00:00Z,2023-04-15T18:00:00Z,2023-04-16T00:00:00Z,2023-05-15T18:00:00Z,train
4407,2023-02-15T06:00:00Z,2023-04-16T00:00:00Z,2023-04-16T06:00:00Z,2023-05-16T00:00:00Z,train
4408,2023-02-15T12:00:00Z,2023-04-16T06:00:00Z,2023-04-16T12:00:00Z,2023-05-16T06:00:00Z,train
4409,2023-02-15T18:00:00Z,2023-04-16T12:00:00Z,2023-04-16T18:00:00Z,2023-05-16T12:00:00Z,train
4410,2023-02-16T00:00:00Z,2023-04-16T18:00:00Z,2023-04-17T00:00:00Z,2023-05-16T18:00:00Z,train
4411,2023-02-16T06:00:00Z,2023-04-17T00:00:00Z,2023-04-17T06:00:00Z,2023-05-17T00:00:00Z,train
4412,2023-02-16T12:00:00Z,2023-04-17T06:00:00Z,2023-04-17T12:00:00Z,2023-05-17T06:00:00Z,train
4413,2023-02-16T18:00:00Z,2023-04-17T12:00:00Z,2023-04-17T18:00:00Z,2023-05-17T12:00:00Z,train
4414,2023-02-17T00:00:00Z,2023-04-17T18:00:00Z,2023-04-18T00:00:00Z,2023-05-17T18:00:00Z,train
4415,2023-02-17T06:00:00Z,2023-04-18T00:00:00Z,2023-04-18T06:00:00Z,2023-05-18T00:00:00Z,train
4416,2023-02-17T12:00:00Z,2023-04-18T06:00:00Z,2023-04-18T12:00:00Z,2023-05-18T06:00:00Z,train
4417,2023-02-17T18:00:00Z,2023-04-18T12:00:00Z,2023-04-18T18:00:00Z,2023-05-18T12:00:00Z,train
4418,2023-02-18T00:00:00Z,2023-04-18T18:00:00Z,2023-04-19T00:00:00Z,2023-05-18T18:00:00Z,train
4419,2023-02-18T06:00:00Z,2023-04-19T00:00:00Z,2023-04-19T06:00:00Z,2023-05-19T00:00:00Z,train
4420,2023-02-18T12:00:00Z,2023-04-19T06:00:00Z,2023-04-19T12:00:00Z,2023-05-19T06:00:00Z,train
4421,2023-02-18T18:00:00Z,2023-04-19T12:00:00Z,2023-04-19T18:00:00Z,2023-05-19T12:00:00Z,train
4422,2023-02-19T00:00:00Z,2023-04-19T18:00:00Z,2023-04-20T00:00:00Z,2023-05-19T18:00:00Z,train
4423,2023-02-19T06:00:00Z,2023-04-20T00:00:00Z,2023-04-20T06:00:00Z,2023-05-20T00:00:00Z,train
4424,2023-02-19T12:00:00Z,2023-04-20T06:00:00Z,2023-04-20T12:00:00Z,2023-05-20T06:00:00Z,train
4425,2023-02-19T18:00:00Z,2023-04-20T12:00:00Z,2023-04-20T18:00:00Z,2023-05-20T12:00:00Z,train
4426,2023-02-20T00:00:00Z,2023-04-20T18:00:00Z,2023-04-21T00:00:00Z,2023-05-20T18:00:00Z,train
4427,2023-02-20T06:00:00Z,2023-04-21T00:00:00Z,2023-04-21T06:00:00Z,2023-05-21T00:00:00Z,train
4428,2023-02-20T12:00:00Z,2023-04-21T06:00:00Z,2023-04-21T12:00:00Z,2023-05-21T06:00:00Z,train
4429,2023-02-20T18:00:00Z,2023-04-21T12:00:00Z,2023-04-21T18:00:00Z,2023-05-21T12:00:00Z,train
4430,2023-02-21T00:00:00Z,2023-04-21T18:00:00Z,2023-04-22T00:00:00Z,2023-05-21T18:00:00Z,train
4431,2023-02-21T06:00:00Z,2023-04-22T00:00:00Z,2023-04-22T06:00:00Z,2023-05-22T00:00:00Z,train
4432,2023-02-21T12:00:00Z,2023-04-22T06:00:00Z,2023-04-22T12:00:00Z,2023-05-22T06:00:00Z,train
4433,2023-02-21T18:00:00Z,2023-04-22T12:00:00Z,2023-04-22T18:00:00Z,2023-05-22T12:00:00Z,train
4434,2023-02-22T00:00:00Z,2023-04-22T18:00:00Z,2023-04-23T00:00:00Z,2023-05-22T18:00:00Z,train
4435,2023-02-22T06:00:00Z,2023-04-23T00:00:00Z,2023-04-23T06:00:00Z,2023-05-23T00:00:00Z,train
4436,2023-02-22T12:00:00Z,2023-04-23T06:00:00Z,2023-04-23T12:00:00Z,2023-05-23T06:00:00Z,train
4437,2023-02-22T18:00:00Z,2023-04-23T12:00:00Z,2023-04-23T18:00:00Z,2023-05-23T12:00:00Z,train
4438,2023-02-23T00:00:00Z,2023-04-23T18:00:00Z,2023-04-24T00:00:00Z,2023-05-23T18:00:00Z,train
4439,2023-02-23T06:00:00Z,2023-04-24T00:00:00Z,2023-04-24T06:00:00Z,2023-05-24T00:00:00Z,train
4440,2023-02-23T12:00:00Z,2023-04-24T06:00:00Z,2023-04-24T12:00:00Z,2023-05-24T06:00:00Z,train
4441,2023-02-23T18:00:00Z,2023-04-24T12:00:00Z,2023-04-24T18:00:00Z,2023-05-24T12:00:00Z,train
4442,2023-02-24T00:00:00Z,2023-04-24T18:00:00Z,2023-04-25T00:00:00Z,2023-05-24T18:00:00Z,train
4443,2023-02-24T06:00:00Z,2023-04-25T00:00:00Z,2023-04-25T06:00:00Z,2023-05-25T00:00:00Z,train
4444,2023-02-24T12:00:00Z,2023-04-25T06:00:00Z,2023-04-25T12:00:00Z,2023-05-25T06:00:00Z,train
4445,2023-02-24T18:00:00Z,2023-04-25T12:00:00Z,2023-04-25T18:00:00Z,2023-05-25T12:00:00Z,train
4446,2023-02-25T00:00:00Z,2023-04-25T18:00:00Z,2023-04-26T00:00:00Z,2023-05-25T18:00:00Z,train
4447,2023-02-25T06:00:00Z,2023-04-26T00:00:00Z,2023-04-26T06:00:00Z,2023-05-26T00:00:00Z,train
4448,2023-02-25T12:00:00Z,2023-04-26T06:00:00Z,2023-04-26T12:00:00Z,2023-05-26T06:00:00Z,train
4449,2023-02-25T18:00:00Z,2023-04-26T12:00:00Z,2023-04-26T18:00:00Z,2023-05-26T12:00:00Z,train
4450,2023-02-26T00:00:00Z,2023-04-26T18:00:00Z,2023-04-27T00:00:00Z,2023-05-26T18:00:00Z,train
4451,2023-02-26T06:00:00Z,2023-04-27T00:00:00Z,2023-04-27T06:00:00Z,2023-05-27T00:00:00Z,train
4452,2023-02-26T12:00:00Z,2023-04-27T06:00:00Z,2023-04-27T12:00:00Z,2023-05-27T06:00:00Z,train
4453,2023-02-26T18:00:00Z,2023-04-27T12:00:00Z,2023-04-27T18:00:00Z,2023-05-27T12:00:00Z,train
4454,2023-02-27T00:00:00Z,2023-04-27T18:00:00Z,2023-04-28T00:00:00Z,2023-05-27T18:00:00Z,train
4455,2023-02-27T06:00:00Z,2023-04-28T00:00:00Z,2023-04-28T06:00:00Z,2023-05-28T00:00:00Z,train
4456,2023-02-27T12:00:00Z,2023-04-28T06:00:00Z,2023-04-28T12:00:00Z,2023-05-28T06:00:00Z,train
4457,2023-02-27T18:00:00Z,2023-04-28T12:00:00Z,2023-04-28T18:00:00Z,2023-05-28T12:00:00Z,train
4458,2023-02-28T00:00:00Z,2023-04-28T18:00:00Z,2023-04-29T00:00:00Z,2023-05-28T18:00:00Z,train
4459,2023-02-28T06:00:00Z,2023-04-29T00:00:00Z,2023-04-29T06:00:00Z,2023-05-29T00:00:00Z,train
4460,2023-02-28T12:00:00Z,2023-04-29T06:00:00Z,2023-04-29T12:00:00Z,2023-05-29T06:00:00Z,train
4461,2023-02-28T18:00:00Z,2023-04-29T12:00:00Z,2023-04-29T18:00:00Z,2023-05-29T12:00:00Z,train
4462,2023-03-01T00:00:00Z,2023-04-29T18:00:00Z,2023-04-30T00:00:00Z,2023-05-29T18:00:00Z,train
4463,2023-03-01T06:00:00Z,2023-04-30T00:00:00Z,2023-04-30T06:00:00Z,2023-05-30T00:00:00Z,train
4464,2023-03-01T12:00:00Z,2023-04-30T06:00:00Z,2023-04-30T12:00:00Z,2023-05-30T06:00:00Z,train
4465,2023-03-01T18:00:00Z,2023-04-30T12:00:00Z,2023-04-30T18:00:00Z,2023-05-30T12:00:00Z,train
4466,2023-03-02T00:00:00Z,2023-04-30T18:00:00Z,2023-05-01T00:00:00Z,2023-05-30T18:00:00Z,train
4467,2023-03-02T06:00:00Z,2023-05-01T00:00:00Z,2023-05-01T06:00:00Z,2023-05-31T00:00:00Z,train
4468,2023-03-02T12:00:00Z,2023-05-01T06:00:00Z,2023-05-01T12:00:00Z,2023-05-31T06:00:00Z,train
4469,2023-03-02T18:00:00Z,2023-05-01T12:00:00Z,2023-05-01T18:00:00Z,2023-05-31T12:00:00Z,train
4470,2023-03-03T00:00:00Z,2023-05-01T18:00:00Z,2023-05-02T00:00:00Z,2023-05-31T18:00:00Z,train
4471,2023-03-03T06:00:00Z,2023-05-02T00:00:00Z,2023-05-02T06:00:00Z,2023-06-01T00:00:00Z,train
4472,2023-03-03T12:00:00Z,2023-05-02T06:00:00Z,2023-05-02T12:00:00Z,2023-06-01T06:00:00Z,train
4473,2023-03-03T18:00:00Z,2023-05-02T12:00:00Z,2023-05-02T18:00:00Z,2023-06-01T12:00:00Z,train
4474,2023-03-04T00:00:00Z,2023-05-02T18:00:00Z,2023-05-03T00:00:00Z,2023-06-01T18:00:00Z,train
4475,2023-03-04T06:00:00Z,2023-05-03T00:00:00Z,2023-05-03T06:00:00Z,2023-06-02T00:00:00Z,train
4476,2023-03-04T12:00:00Z,2023-05-03T06:00:00Z,2023-05-03T12:00:00Z,2023-06-02T06:00:00Z,train
4477,2023-03-04T18:00:00Z,2023-05-03T12:00:00Z,2023-05-03T18:00:00Z,2023-06-02T12:00:00Z,train
4478,2023-03-05T00:00:00Z,2023-05-03T18:00:00Z,2023-05-04T00:00:00Z,2023-06-02T18:00:00Z,train
4479,2023-03-05T06:00:00Z,2023-05-04T00:00:00Z,2023-05-04T06:00:00Z,2023-06-03T00:00:00Z,train
4480,2023-03-05T12:00:00Z,2023-05-04T06:00:00Z,2023-05-04T12:00:00Z,2023-06-03T06:00:00Z,train
4481,2023-03-05T18:00:00Z,2023-05-04T12:00:00Z,2023-05-04T18:00:00Z,2023-06-03T12:00:00Z,train
4482,2023-03-06T00:00:00Z,2023-05-04T18:00:00Z,2023-05-05T00:00:00Z,2023-06-03T18:00:00Z,train
4483,2023-03-06T06:00:00Z,2023-05-05T00:00:00Z,2023-05-05T06:00:00Z,2023-06-04T00:00:00Z,train
4484,2023-03-06T12:00:00Z,2023-05-05T06:00:00Z,2023-05-05T12:00:00Z,2023-06-04T06:00:00Z,train
4485,2023-03-06T18:00:00Z,2023-05-05T12:00:00Z,2023-05-05T18:00:00Z,2023-06-04T12:00:00Z,train
4486,2023-03-07T00:00:00Z,2023-05-05T18:00:00Z,2023-05-06T00:00:00Z,2023-06-04T18:00:00Z,train
4487,2023-03-07T06:00:00Z,2023-05-06T00:00:00Z,2023-05-06T06:00:00Z,2023-06-05T00:00:00Z,train
4488,2023-03-07T12:00:00Z,2023-05-06T06:00:00Z,2023-05-06T12:00:00Z,2023-06-05T06:00:00Z,train
4489,2023-03-07T18:00:00Z,2023-05-06T12:00:00Z,2023-05-06T18:00:00Z,2023-06-05T12:00:00Z,train
4490,2023-03-08T00:00:00Z,2023-05-06T18:00:00Z,2023-05-07T00:00:00Z,2023-06-05T18:00:00Z,train
4491,2023-03-08T06:00:00Z,2023-05-07T00:00:00Z,2023-05-07T06:00:00Z,2023-06-06T00:00:00Z,train
4492,2023-03-08T12:00:00Z,2023-05-07T06:00:00Z,2023-05-07T12:00:00Z,2023-06-06T06:00:00Z,train
4493,2023-03-08T18:00:00Z,2023-05-07T12:00:00Z,2023-05-07T18:00:00Z,2023-06-06T12:00:00Z,train
4494,2023-03-09T00:00:00Z,2023-05-07T18:00:00Z,2023-05-08T00:00:00Z,2023-06-06T18:00:00Z,train
4495,2023-03-09T06:00:00Z,2023-05-08T00:00:00Z,2023-05-08T06:00:00Z,2023-06-07T00:00:00Z,train
4496,2023-03-09T12:00:00Z,2023-05-08T06:00:00Z,2023-05-08T12:00:00Z,2023-06-07T06:00:00Z,train
4497,2023-03-09T18:00:00Z,2023-05-08T12:00:00Z,2023-05-08T18:00:00Z,2023-06-07T12:00:00Z,train
4498,2023-03-10T00:00:00Z,2023-05-08T18:00:00Z,2023-05-09T00:00:00Z,2023-06-07T18:00:00Z,train
4499,2023-03-10T06:00:00Z,2023-05-09T00:00:00Z,2023-05-09T06:00:00Z,2023-06-08T00:00:00Z,train
4500,2023-03-10T12:00:00Z,2023-05-09T06:00:00Z,2023-05-09T12:00:00Z,2023-06-08T06:00:00Z,train
4501,2023-03-10T18:00:00Z,2023-05-09T12:00:00Z,2023-05-09T18:00:00Z,2023-06-08T12:00:00Z,train
4502,2023-03-11T00:00:00Z,2023-05-09T18:00:00Z,2023-05-10T00:00:00Z,2023-06-08T18:00:00Z,train
4503,2023-03-11T06:00:00Z,2023-05-10T00:00:00Z,2023-05-10T06:00:00Z,2023-06-09T00:00:00Z,train
4504,2023-03-11T12:00:00Z,2023-05-10T06:00:00Z,2023-05-10T12:00:00Z,2023-06-09T06:00:00Z,train
4505,2023-03-11T18:00:00Z,2023-05-10T12:00:00Z,2023-05-10T18:00:00Z,2023-06-09T12:00:00Z,train
4506,2023-03-12T00:00:00Z,2023-05-10T18:00:00Z,2023-05-11T00:00:00Z,2023-06-09T18:00:00Z,train
4507,2023-03-12T06:00:00Z,2023-05-11T00:00:00Z,2023-05-11T06:00:00Z,2023-06-10T00:00:00Z,train
4508,2023-03-12T12:00:00Z,2023-05-11T06:00:00Z,2023-05-11T12:00:00Z,2023-06-10T06:00:00Z,train
4509,2023-03-12T18:00:00Z,2023-05-11T12:00:00Z,2023-05-11T18:00:00Z,2023-06-10T12:00:00Z,train
4510,2023-03-13T00:00:00Z,2023-05-11T18:00:00Z,2023-05-12T00:00:00Z,2023-06-10T18:00:00Z,train
4511,2023-03-13T06:00:00Z,2023-05-12T00:00:00Z,2023-05-12T06:00:00Z,2023-06-11T00:00:00Z,train
4512,2023-03-13T12:00:00Z,2023-05-12T06:00:00Z,2023-05-12T12:00:00Z,2023-06-11T06:00:00Z,train
4513,2023-03-13T18:00:00Z,2023-05-12T12:00:00Z,2023-05-12T18:00:00Z,2023-06-11T12:00:00Z,train
4514,2023-03-14T00:00:00Z,2023-05-12T18:00:00Z,2023-05-13T00:00:00Z,2023-06-11T18:00:00Z,train
4515,2023-03-14T06:00:00Z,2023-05-13T00:00:00Z,2023-05-13T06:00:00Z,2023-06-12T00:00:00Z,train
4516,2023-03-14T12:00:00Z,2023-05-13T06:00:00Z,2023-05-13T12:00:00Z,2023-06-12T06:00:00Z,train
4517,2023-03-14T18:00:00Z,2023-05-13T12:00:00Z,2023-05-13T18:00:00Z,2023-06-12T12:00:00Z,train
4518,2023-03-15T00:00:00Z,2023-05-13T18:00:00Z,2023-05-14T00:00:00Z,2023-06-12T18:00:00Z,train
4519,2023-03-15T06:00:00Z,2023-05-14T00:00:00Z,2023-05-14T06:00:00Z,2023-06-13T00:00:00Z,train
4520,2023-03-15T12:00:00Z,2023-05-14T06:00:00Z,2023-05-14T12:00:00Z,2023-06-13T06:00:00Z,train
4521,2023-03-15T18:00:00Z,2023-05-14T12:00:00Z,2023-05-14T18:00:00Z,2023-06-13T12:00:00Z,train
4522,2023-03-16T00:00:00Z,2023-05-14T18:00:00Z,2023-05-15T00:00:00Z,2023-06-13T18:00:00Z,train
4523,2023-03-16T06:00:00Z,2023-05-15T00:00:00Z,2023-05-15T06:00:00Z,2023-06-14T00:00:00Z,train
4524,2023-03-16T12:00:00Z,2023-05-15T06:00:00Z,2023-05-15T12:00:00Z,2023-06-14T06:00:00Z,train
4525,2023-03-16T18:00:00Z,2023-05-15T12:00:00Z,2023-05-15T18:00:00Z,2023-06-14T12:00:00Z,train
4526,2023-03-17T00:00:00Z,2023-05-15T18:00:00Z,2023-05-16T00:00:00Z,2023-06-14T18:00:00Z,train
4527,2023-03-17T06:00:00Z,2023-05-16T00:00:00Z,2023-05-16T06:00:00Z,2023-06-15T00:00:00Z,train
4528,2023-03-17T12:00:00Z,2023-05-16T06:00:00Z,2023-05-16T12:00:00Z,2023-06-15T06:00:00Z,train
4529,2023-03-17T18:00:00Z,2023-05-16T12:00:00Z,2023-05-16T18:00:00Z,2023-06-15T12:00:00Z,train
4530,2023-03-18T00:00:00Z,2023-05-16T18:00:00Z,2023-05-17T00:00:00Z,2023-06-15T18:00:00Z,train
4531,2023-03-18T06:00:00Z,2023-05-17T00:00:00Z,2023-05-17T06:00:00Z,2023-06-16T00:00:00Z,train
4532,2023-03-18T12:00:00Z,2023-05-17T06:00:00Z,2023-05-17T12:00:00Z,2023-06-16T06:00:00Z,train
4533,2023-03-18T18:00:00Z,2023-05-17T12:00:00Z,2023-05-17T18:00:00Z,2023-06-16T12:00:00Z,train
4534,2023-03-19T00:00:00Z,2023-05-17T18:00:00Z,2023-05-18T00:00:00Z,2023-06-16T18:00:00Z,train
4535,2023-03-19T06:00:00Z,2023-05-18T00:00:00Z,2023-05-18T06:00:00Z,2023-06-17T00:00:00Z,train
4536,2023-03-19T12:00:00Z,2023-05-18T06:00:00Z,2023-05-18T12:00:00Z,2023-06-17T06:00:00Z,train
4537,2023-03-19T18:00:00Z,2023-05-18T12:00:00Z,2023-05-18T18:00:00Z,2023-06-17T12:00:00Z,train
4538,2023-03-20T00:00:00Z,2023-05-18T18:00:00Z,2023-05-19T00:00:00Z,2023-06-17T18:00:00Z,train
4539,2023-03-20T06:00:00Z,2023-05-19T00:00:00Z,2023-05-19T06:00:00Z,2023-06-18T00:00:00Z,train
4540,2023-03-20T12:00:00Z,2023-05-19T06:00:00Z,2023-05-19T12:00:00Z,2023-06-18T06:00:00Z,train
4541,2023-03-20T18:00:00Z,2023-05-19T12:00:00Z,2023-05-19T18:00:00Z,2023-06-18T12:00:00Z,train
4542,2023-03-21T00:00:00Z,2023-05-19T18:00:00Z,2023-05-20T00:00:00Z,2023-06-18T18:00:00Z,train
4543,2023-03-21T06:00:00Z,2023-05-20T00:00:00Z,2023-05-20T06:00:00Z,2023-06-19T00:00:00Z,train
4544,2023-03-21T12:00:00Z,2023-05-20T06:00:00Z,2023-05-20T12:00:00Z,2023-06-19T06:00:00Z,train
4545,2023-03-21T18:00:00Z,2023-05-20T12:00:00Z,2023-05-20T18:00:00Z,2023-06-19T12:00:00Z,train
4546,2023-03-22T00:00:00Z,2023-05-20T18:00:00Z,2023-05-21T00:00:00Z,2023-06-19T18:00:00Z,train
4547,2023-03-22T06:00:00Z,2023-05-21T00:00:00Z,2023-05-21T06:00:00Z,2023-06-20T00:00:00Z,train
4548,2023-03-22T12:00:00Z,2023-05-21T06:00:00Z,2023-05-21T12:00:00Z,2023-06-20T06:00:00Z,train
4549,2023-03-22T18:00:00Z,2023-05-21T12:00:00Z,2023-05-21T18:00:00Z,2023-06-20T12:00:00Z,train
4550,2023-03-23T00:00:00Z,2023-05-21T18:00:00Z,2023-05-22T00:00:00Z,2023-06-20T18:00:00Z,train
4551,2023-03-23T06:00:00Z,2023-05-22T00:00:00Z,2023-05-22T06:00:00Z,2023-06-21T00:00:00Z,train
4552,2023-03-23T12:00:00Z,2023-05-22T06:00:00Z,2023-05-22T12:00:00Z,2023-06-21T06:00:00Z,train
4553,2023-03-23T18:00:00Z,2023-05-22T12:00:00Z,2023-05-22T18:00:00Z,2023-06-21T12:00:00Z,train
4554,2023-03-24T00:00:00Z,2023-05-22T18:00:00Z,2023-05-23T00:00:00Z,2023-06-21T18:00:00Z,train
4555,2023-03-24T06:00:00Z,2023-05-23T00:00:00Z,2023-05-23T06:00:00Z,2023-06-22T00:00:00Z,train
4556,2023-03-24T12:00:00Z,2023-05-23T06:00:00Z,2023-05-23T12:00:00Z,2023-06-22T06:00:00Z,train
4557,2023-03-24T18:00:00Z,2023-05-23T12:00:00Z,2023-05-23T18:00:00Z,2023-06-22T12:00:00Z,train
4558,2023-03-25T00:00:00Z,2023-05-23T18:00:00Z,2023-05-24T00:00:00Z,2023-06-22T18:00:00Z,train
4559,2023-03-25T06:00:00Z,2023-05-24T00:00:00Z,2023-05-24T06:00:00Z,2023-06-23T00:00:00Z,train
4560,2023-03-25T12:00:00Z,2023-05-24T06:00:00Z,2023-05-24T12:00:00Z,2023-06-23T06:00:00Z,train
4561,2023-03-25T18:00:00Z,2023-05-24T12:00:00Z,2023-05-24T18:00:00Z,2023-06-23T12:00:00Z,train
4562,2023-03-26T00:00:00Z,2023-05-24T18:00:00Z,2023-05-25T00:00:00Z,2023-06-23T18:00:00Z,train
4563,2023-03-26T06:00:00Z,2023-05-25T00:00:00Z,2023-05-25T06:00:00Z,2023-06-24T00:00:00Z,train
4564,2023-03-26T12:00:00Z,2023-05-25T06:00:00Z,2023-05-25T12:00:00Z,2023-06-24T06:00:00Z,train
4565,2023-03-26T18:00:00Z,2023-05-25T12:00:00Z,2023-05-25T18:00:00Z,2023-06-24T12:00:00Z,train
4566,2023-03-27T00:00:00Z,2023-05-25T18:00:00Z,2023-05-26T00:00:00Z,2023-06-24T18:00:00Z,train
4567,2023-03-27T06:00:00Z,2023-05-26T00:00:00Z,2023-05-26T06:00:00Z,2023-06-25T00:00:00Z,train
4568,2023-03-27T12:00:00Z,2023-05-26T06:00:00Z,2023-05-26T12:00:00Z,2023-06-25T06:00:00Z,train
4569,2023-03-27T18:00:00Z,2023-05-26T12:00:00Z,2023-05-26T18:00:00Z,2023-06-25T12:00:00Z,train
4570,2023-03-28T00:00:00Z,2023-05-26T18:00:00Z,2023-05-27T00:00:00Z,2023-06-25T18:00:00Z,train
4571,2023-03-28T06:00:00Z,2023-05-27T00:00:00Z,2023-05-27T06:00:00Z,2023-06-26T00:00:00Z,train
4572,2023-03-28T12:00:00Z,2023-05-27T06:00:00Z,2023-05-27T12:00:00Z,2023-06-26T06:00:00Z,train
4573,2023-03-28T18:00:00Z,2023-05-27T12:00:00Z,2023-05-27T18:00:00Z,2023-06-26T12:00:00Z,train
4574,2023-03-29T00:00:00Z,2023-05-27T18:00:00Z,2023-05-28T00:00:00Z,2023-06-26T18:00:00Z,train
4575,2023-03-29T06:00:00Z,2023-05-28T00:00:00Z,2023-05-28T06:00:00Z,2023-06-27T00:00:00Z,train
4576,2023-03-29T12:00:00Z,2023-05-28T06:00:00Z,2023-05-28T12:00:00Z,2023-06-27T06:00:00Z,train
4577,2023-03-29T18:00:00Z,2023-05-28T12:00:00Z,2023-05-28T18:00:00Z,2023-06-27T12:00:00Z,train
4578,2023-03-30T00:00:00Z,2023-05-28T18:00:00Z,2023-05-29T00:00:00Z,2023-06-27T18:00:00Z,train
4579,2023-03-30T06:00:00Z,2023-05-29T00:00:00Z,2023-05-29T06:00:00Z,2023-06-28T00:00:00Z,train
4580,2023-03-30T12:00:00Z,2023-05-29T06:00:00Z,2023-05-29T12:00:00Z,2023-06-28T06:00:00Z,train
4581,2023-03-30T18:00:00Z,2023-05-29T12:00:00Z,2023-05-29T18:00:00Z,2023-06-28T12:00:00Z,train
4582,2023-03-31T00:00:00Z,2023-05-29T18:00:00Z,2023-05-30T00:00:00Z,2023-06-28T18:00:00Z,train
4583,2023-03-31T06:00:00Z,2023-05-30T00:00:00Z,2023-05-30T06:00:00Z,2023-06-29T00:00:00Z,train
4584,2023-03-31T12:00:00Z,2023-05-30T06:00:00Z,2023-05-30T12:00:00Z,2023-06-29T06:00:00Z,train
4585,2023-03-31T18:00:00Z,2023-05-30T12:00:00Z,2023-05-30T18:00:00Z,2023-06-29T12:00:00Z,train
4586,2023-04-01T00:00:00Z,2023-05-30T18:00:00Z,2023-05-31T00:00:00Z,2023-06-29T18:00:00Z,train
4587,2023-04-01T06:00:00Z,2023-05-31T00:00:00Z,2023-05-31T06:00:00Z,2023-06-30T00:00:00Z,train
4588,2023-04-01T12:00:00Z,2023-05-31T06:00:00Z,2023-05-31T12:00:00Z,2023-06-30T06:00:00Z,train
4589,2023-04-01T18:00:00Z,2023-05-31T12:00:00Z,2023-05-31T18:00:00Z,2023-06-30T12:00:00Z,train
4590,2023-04-02T00:00:00Z,2023-05-31T18:00:00Z,2023-06-01T00:00:00Z,2023-06-30T18:00:00Z,train
4591,2023-04-02T06:00:00Z,2023-06-01T00:00:00Z,2023-06-01T06:00:00Z,2023-07-01T00:00:00Z,train
4592,2023-04-02T12:00:00Z,2023-06-01T06:00:00Z,2023-06-01T12:00:00Z,2023-07-01T06:00:00Z,train
4593,2023-04-02T18:00:00Z,2023-06-01T12:00:00Z,2023-06-01T18:00:00Z,2023-07-01T12:00:00Z,train
4594,2023-04-03T00:00:00Z,2023-06-01T18:00:00Z,2023-06-02T00:00:00Z,2023-07-01T18:00:00Z,train
4595,2023-04-03T06:00:00Z,2023-06-02T00:00:00Z,2023-06-02T06:00:00Z,2023-07-02T00:00:00Z,train
4596,2023-04-03T12:00:00Z,2023-06-02T06:00:00Z,2023-06-02T12:00:00Z,2023-07-02T06:00:00Z,train
4597,2023-04-03T18:00:00Z,2023-06-02T12:00:00Z,2023-06-02T18:00:00Z,2023-07-02T12:00:00Z,train
4598,2023-04-04T00:00:00Z,2023-06-02T18:00:00Z,2023-06-03T00:00:00Z,2023-07-02T18:00:00Z,train
4599,2023-04-04T06:00:00Z,2023-06-03T00:00:00Z,2023-06-03T06:00:00Z,2023-07-03T00:00:00Z,train
4600,2023-04-04T12:00:00Z,2023-06-03T06:00:00Z,2023-06-03T12:00:00Z,2023-07-03T06:00:00Z,train
4601,2023-04-04T18:00:00Z,2023-06-03T12:00:00Z,2023-06-03T18:00:00Z,2023-07-03T12:00:00Z,train
4602,2023-04-05T00:00:00Z,2023-06-03T18:00:00Z,2023-06-04T00:00:00Z,2023-07-03T18:00:00Z,train
4603,2023-04-05T06:00:00Z,2023-06-04T00:00:00Z,2023-06-04T06:00:00Z,2023-07-04T00:00:00Z,train
4604,2023-04-05T12:00:00Z,2023-06-04T06:00:00Z,2023-06-04T12:00:00Z,2023-07-04T06:00:00Z,train
4605,2023-04-05T18:00:00Z,2023-06-04T12:00:00Z,2023-06-04T18:00:00Z,2023-07-04T12:00:00Z,train
4606,2023-04-06T00:00:00Z,2023-06-04T18:00:00Z,2023-06-05T00:00:00Z,2023-07-04T18:00:00Z,train
4607,2023-04-06T06:00:00Z,2023-06-05T00:00:00Z,2023-06-05T06:00:00Z,2023-07-05T00:00:00Z,train
4608,2023-04-06T12:00:00Z,2023-06-05T06:00:00Z,2023-06-05T12:00:00Z,2023-07-05T06:00:00Z,train
4609,2023-04-06T18:00:00Z,2023-06-05T12:00:00Z,2023-06-05T18:00:00Z,2023-07-05T12:00:00Z,train
4610,2023-04-07T00:00:00Z,2023-06-05T18:00:00Z,2023-06-06T00:00:00Z,2023-07-05T18:00:00Z,train
4611,2023-04-07T06:00:00Z,2023-06-06T00:00:00Z,2023-06-06T06:00:00Z,2023-07-06T00:00:00Z,train
4612,2023-04-07T12:00:00Z,2023-06-06T06:00:00Z,2023-06-06T12:00:00Z,2023-07-06T06:00:00Z,train
4613,2023-04-07T18:00:00Z,2023-06-06T12:00:00Z,2023-06-06T18:00:00Z,2023-07-06T12:00:00Z,train
4614,2023-04-08T00:00:00Z,2023-06-06T18:00:00Z,2023-06-07T00:00:00Z,2023-07-06T18:00:00Z,train
4615,2023-04-08T06:00:00Z,2023-06-07T00:00:00Z,2023-06-07T06:00:00Z,2023-07-07T00:00:00Z,train
4616,2023-04-08T12:00:00Z,2023-06-07T06:00:00Z,2023-06-07T12:00:00Z,2023-07-07T06:00:00Z,train
4617,2023-04-08T18:00:00Z,2023-06-07T12:00:00Z,2023-06-07T18:00:00Z,2023-07-07T12:00:00Z,train
4618,2023-04-09T00:00:00Z,2023-06-07T18:00:00Z,2023-06-08T00:00:00Z,2023-07-07T18:00:00Z,train
4619,2023-04-09T06:00:00Z,2023-06-08T00:00:00Z,2023-06-08T06:00:00Z,2023-07-08T00:00:00Z,train
4620,2023-04-09T12:00:00Z,2023-06-08T06:00:00Z,2023-06-08T12:00:00Z,2023-07-08T06:00:00Z,train
4621,2023-04-09T18:00:00Z,2023-06-08T12:00:00Z,2023-06-08T18:00:00Z,2023-07-08T12:00:00Z,train
4622,2023-04-10T00:00:00Z,2023-06-08T18:00:00Z,2023-06-09T00:00:00Z,2023-07-08T18:00:00Z,train
4623,2023-04-10T06:00:00Z,2023-06-09T00:00:00Z,2023-06-09T06:00:00Z,2023-07-09T00:00:00Z,train
4624,2023-04-10T12:00:00Z,2023-06-09T06:00:00Z,2023-06-09T12:00:00Z,2023-07-09T06:00:00Z,train
4625,2023-04-10T18:00:00Z,2023-06-09T12:00:00Z,2023-06-09T18:00:00Z,2023-07-09T12:00:00Z,train
4626,2023-04-11T00:00:00Z,2023-06-09T18:00:00Z,2023-06-10T00:00:00Z,2023-07-09T18:00:00Z,train
4627,2023-04-11T06:00:00Z,2023-06-10T00:00:00Z,2023-06-10T06:00:00Z,2023-07-10T00:00:00Z,train
4628,2023-04-11T12:00:00Z,2023-06-10T06:00:00Z,2023-06-10T12:00:00Z,2023-07-10T06:00:00Z,train
4629,2023-04-11T18:00:00Z,2023-06-10T12:00:00Z,2023-06-10T18:00:00Z,2023-07-10T12:00:00Z,train
4630,2023-04-12T00:00:00Z,2023-06-10T18:00:00Z,2023-06-11T00:00:00Z,2023-07-10T18:00:00Z,train
4631,2023-04-12T06:00:00Z,2023-06-11T00:00:00Z,2023-06-11T06:00:00Z,2023-07-11T00:00:00Z,train
4632,2023-04-12T12:00:00Z,2023-06-11T06:00:00Z,2023-06-11T12:00:00Z,2023-07-11T06:00:00Z,train
4633,2023-04-12T18:00:00Z,2023-06-11T12:00:00Z,2023-06-11T18:00:00Z,2023-07-11T12:00:00Z,train
4634,2023-04-13T00:00:00Z,2023-06-11T18:00:00Z,2023-06-12T00:00:00Z,2023-07-11T18:00:00Z,train
4635,2023-04-13T06:00:00Z,2023-06-12T00:00:00Z,2023-06-12T06:00:00Z,2023-07-12T00:00:00Z,train
4636,2023-04-13T12:00:00Z,2023-06-12T06:00:00Z,2023-06-12T12:00:00Z,2023-07-12T06:00:00Z,train
4637,2023-04-13T18:00:00Z,2023-06-12T12:00:00Z,2023-06-12T18:00:00Z,2023-07-12T12:00:00Z,train
4638,2023-04-14T00:00:00Z,2023-06-12T18:00:00Z,2023-06-13T00:00:00Z,2023-07-12T18:00:00Z,train
4639,2023-04-14T06:00:00Z,2023-06-13T00:00:00Z,2023-06-13T06:00:00Z,2023-07-13T00:00:00Z,train
4640,2023-04-14T12:00:00Z,2023-06-13T06:00:00Z,2023-06-13T12:00:00Z,2023-07-13T06:00:00Z,train
4641,2023-04-14T18:00:00Z,2023-06-13T12:00:00Z,2023-06-13T18:00:00Z,2023-07-13T12:00:00Z,train
4642,2023-04-15T00:00:00Z,2023-06-13T18:00:00Z,2023-06-14T00:00:00Z,2023-07-13T18:00:00Z,train
4643,2023-04-15T06:00:00Z,2023-06-14T00:00:00Z,2023-06-14T06:00:00Z,2023-07-14T00:00:00Z,train
4644,2023-04-15T12:00:00Z,2023-06-14T06:00:00Z,2023-06-14T12:00:00Z,2023-07-14T06:00:00Z,train
4645,2023-04-15T18:00:00Z,2023-06-14T12:00:00Z,2023-06-14T18:00:00Z,2023-07-14T12:00:00Z,train
4646,2023-04-16T00:00:00Z,2023-06-14T18:00:00Z,2023-06-15T00:00:00Z,2023-07-14T18:00:00Z,train
4647,2023-04-16T06:00:00Z,2023-06-15T00:00:00Z,2023-06-15T06:00:00Z,2023-07-15T00:00:00Z,train
4648,2023-04-16T12:00:00Z,2023-06-15T06:00:00Z,2023-06-15T12:00:00Z,2023-07-15T06:00:00Z,train
4649,2023-04-16T18:00:00Z,2023-06-15T12:00:00Z,2023-06-15T18:00:00Z,2023-07-15T12:00:00Z,train
4650,2023-04-17T00:00:00Z,2023-06-15T18:00:00Z,2023-06-16T00:00:00Z,2023-07-15T18:00:00Z,train
4651,2023-04-17T06:00:00Z,2023-06-16T00:00:00Z,2023-06-16T06:00:00Z,2023-07-16T00:00:00Z,train
4652,2023-04-17T12:00:00Z,2023-06-16T06:00:00Z,2023-06-16T12:00:00Z,2023-07-16T06:00:00Z,train
4653,2023-04-17T18:00:00Z,2023-06-16T12:00:00Z,2023-06-16T18:00:00Z,2023-07-16T12:00:00Z,train
4654,2023-04-18T00:00:00Z,2023-06-16T18:00:00Z,2023-06-17T00:00:00Z,2023-07-16T18:00:00Z,train
4655,2023-04-18T06:00:00Z,2023-06-17T00:00:00Z,2023-06-17T06:00:00Z,2023-07-17T00:00:00Z,train
4656,2023-04-18T12:00:00Z,2023-06-17T06:00:00Z,2023-06-17T12:00:00Z,2023-07-17T06:00:00Z,train
4657,2023-04-18T18:00:00Z,2023-06-17T12:00:00Z,2023-06-17T18:00:00Z,2023-07-17T12:00:00Z,train
4658,2023-04-19T00:00:00Z,2023-06-17T18:00:00Z,2023-06-18T00:00:00Z,2023-07-17T18:00:00Z,train
4659,2023-04-19T06:00:00Z,2023-06-18T00:00:00Z,2023-06-18T06:00:00Z,2023-07-18T00:00:00Z,train
4660,2023-04-19T12:00:00Z,2023-06-18T06:00:00Z,2023-06-18T12:00:00Z,2023-07-18T06:00:00Z,train
4661,2023-04-19T18:00:00Z,2023-06-18T12:00:00Z,2023-06-18T18:00:00Z,2023-07-18T12:00:00Z,train
4662,2023-04-20T00:00:00Z,2023-06-18T18:00:00Z,2023-06-19T00:00:00Z,2023-07-18T18:00:00Z,train
4663,2023-04-20T06:00:00Z,2023-06-19T00:00:00Z,2023-06-19T06:00:00Z,2023-07-19T00:00:00Z,train
4664,2023-04-20T12:00:00Z,2023-06-19T06:00:00Z,2023-06-19T12:00:00Z,2023-07-19T06:00:00Z,train
4665,2023-04-20T18:00:00Z,2023-06-19T12:00:00Z,2023-06-19T18:00:00Z,2023-07-19T12:00:00Z,train
4666,2023-04-21T00:00:00Z,2023-06-19T18:00:00Z,2023-06-20T00:00:00Z,2023-07-19T18:00:00Z,train
4667,2023-04-21T06:00:00Z,2023-06-20T00:00:00Z,2023-06-20T06:00:00Z,2023-07-20T00:00:00Z,train
4668,2023-04-21T12:00:00Z,2023-06-20T06:00:00Z,2023-06-20T12:00:00Z,2023-07-20T06:00:00Z,train
4669,2023-04-21T18:00:00Z,2023-06-20T12:00:00Z,2023-06-20T18:00:00Z,2023-07-20T12:00:00Z,train
4670,2023-04-22T00:00:00Z,2023-06-20T18:00:00Z,2023-06-21T00:00:00Z,2023-07-20T18:00:00Z,train
4671,2023-04-22T06:00:00Z,2023-06-21T00:00:00Z,2023-06-21T06:00:00Z,2023-07-21T00:00:00Z,train
4672,2023-04-22T12:00:00Z,2023-06-21T06:00:00Z,2023-06-21T12:00:00Z,2023-07-21T06:00:00Z,train
4673,2023-04-22T18:00:00Z,2023-06-21T12:00:00Z,2023-06-21T18:00:00Z,2023-07-21T12:00:00Z,train
4674,2023-04-23T00:00:00Z,2023-06-21T18:00:00Z,2023-06-22T00:00:00Z,2023-07-21T18:00:00Z,train
4675,2023-04-23T06:00:00Z,2023-06-22T00:00:00Z,2023-06-22T06:00:00Z,2023-07-22T00:00:00Z,train
4676,2023-04-23T12:00:00Z,2023-06-22T06:00:00Z,2023-06-22T12:00:00Z,2023-07-22T06:00:00Z,train
4677,2023-04-23T18:00:00Z,2023-06-22T12:00:00Z,2023-06-22T18:00:00Z,2023-07-22T12:00:00Z,train
4678,2023-04-24T00:00:00Z,2023-06-22T18:00:00Z,2023-06-23T00:00:00Z,2023-07-22T18:00:00Z,train
4679,2023-04-24T06:00:00Z,2023-06-23T00:00:00Z,2023-06-23T06:00:00Z,2023-07-23T00:00:00Z,train
4680,2023-04-24T12:00:00Z,2023-06-23T06:00:00Z,2023-06-23T12:00:00Z,2023-07-23T06:00:00Z,train
4681,2023-04-24T18:00:00Z,2023-06-23T12:00:00Z,2023-06-23T18:00:00Z,2023-07-23T12:00:00Z,train
4682,2023-04-25T00:00:00Z,2023-06-23T18:00:00Z,2023-06-24T00:00:00Z,2023-07-23T18:00:00Z,train
4683,2023-04-25T06:00:00Z,2023-06-24T00:00:00Z,2023-06-24T06:00:00Z,2023-07-24T00:00:00Z,train
4684,2023-04-25T12:00:00Z,2023-06-24T06:00:00Z,2023-06-24T12:00:00Z,2023-07-24T06:00:00Z,train
4685,2023-04-25T18:00:00Z,2023-06-24T12:00:00Z,2023-06-24T18:00:00Z,2023-07-24T12:00:00Z,train
4686,2023-04-26T00:00:00Z,2023-06-24T18:00:00Z,2023-06-25T00:00:00Z,2023-07-24T18:00:00Z,train
4687,2023-04-26T06:00:00Z,2023-06-25T00:00:00Z,2023-06-25T06:00:00Z,2023-07-25T00:00:00Z,train
4688,2023-04-26T12:00:00Z,2023-06-25T06:00:00Z,2023-06-25T12:00:00Z,2023-07-25T06:00:00Z,train
4689,2023-04-26T18:00:00Z,2023-06-25T12:00:00Z,2023-06-25T18:00:00Z,2023-07-25T12:00:00Z,train
4690,2023-04-27T00:00:00Z,2023-06-25T18:00:00Z,2023-06-26T00:00:00Z,2023-07-25T18:00:00Z,train
4691,2023-04-27T06:00:00Z,2023-06-26T00:00:00Z,2023-06-26T06:00:00Z,2023-07-26T00:00:00Z,train
4692,2023-04-27T12:00:00Z,2023-06-26T06:00:00Z,2023-06-26T12:00:00Z,2023-07-26T06:00:00Z,train
4693,2023-04-27T18:00:00Z,2023-06-26T12:00:00Z,2023-06-26T18:00:00Z,2023-07-26T12:00:00Z,train
4694,2023-04-28T00:00:00Z,2023-06-26T18:00:00Z,2023-06-27T00:00:00Z,2023-07-26T18:00:00Z,train
4695,2023-04-28T06:00:00Z,2023-06-27T00:00:00Z,2023-06-27T06:00:00Z,2023-07-27T00:00:00Z,train
4696,2023-04-28T12:00:00Z,2023-06-27T06:00:00Z,2023-06-27T12:00:00Z,2023-07-27T06:00:00Z,train
4697,2023-04-28T18:00:00Z,2023-06-27T12:00:00Z,2023-06-27T18:00:00Z,2023-07-27T12:00:00Z,train
4698,2023-04-29T00:00:00Z,2023-06-27T18:00:00Z,2023-06-28T00:00:00Z,2023-07-27T18:00:00Z,train
4699,2023-04-29T06:00:00Z,2023-06-28T00:00:00Z,2023-06-28T06:00:00Z,2023-07-28T00:00:00Z,train
4700,2023-04-29T12:00:00Z,2023-06-28T06:00:00Z,2023-06-28T12:00:00Z,2023-07-28T06:00:00Z,train
4701,2023-04-29T18:00:00Z,2023-06-28T12:00:00Z,2023-06-28T18:00:00Z,2023-07-28T12:00:00Z,train
4702,2023-04-30T00:00:00Z,2023-06-28T18:00:00Z,2023-06-29T00:00:00Z,2023-07-28T18:00:00Z,train
4703,2023-04-30T06:00:00Z,2023-06-29T00:00:00Z,2023-06-29T06:00:00Z,2023-07-29T00:00:00Z,train
4704,2023-04-30T12:00:00Z,2023-06-29T06:00:00Z,2023-06-29T12:00:00Z,2023-07-29T06:00:00Z,train
4705,2023-04-30T18:00:00Z,2023-06-29T12:00:00Z,2023-06-29T18:00:00Z,2023-07-29T12:00:00Z,train
4706,2023-05-01T00:00:00Z,2023-06-29T18:00:00Z,2023-06-30T00:00:00Z,2023-07-29T18:00:00Z,train
4707,2023-05-01T06:00:00Z,2023-06-30T00:00:00Z,2023-06-30T06:00:00Z,2023-07-30T00:00:00Z,train
4708,2023-05-01T12:00:00Z,2023-06-30T06:00:00Z,2023-06-30T12:00:00Z,2023-07-30T06:00:00Z,train
4709,2023-05-01T18:00:00Z,2023-06-30T12:00:00Z,2023-06-30T18:00:00Z,2023-07-30T12:00:00Z,train
4710,2023-05-02T00:00:00Z,2023-06-30T18:00:00Z,2023-07-01T00:00:00Z,2023-07-30T18:00:00Z,purge_train_validation
4711,2023-05-02T06:00:00Z,2023-07-01T00:00:00Z,2023-07-01T06:00:00Z,2023-07-31T00:00:00Z,purge_train_validation
4712,2023-05-02T12:00:00Z,2023-07-01T06:00:00Z,2023-07-01T12:00:00Z,2023-07-31T06:00:00Z,purge_train_validation
4713,2023-05-02T18:00:00Z,2023-07-01T12:00:00Z,2023-07-01T18:00:00Z,2023-07-31T12:00:00Z,purge_train_validation
4714,2023-05-03T00:00:00Z,2023-07-01T18:00:00Z,2023-07-02T00:00:00Z,2023-07-31T18:00:00Z,purge_train_validation
4715,2023-05-03T06:00:00Z,2023-07-02T00:00:00Z,2023-07-02T06:00:00Z,2023-08-01T00:00:00Z,purge_train_validation
4716,2023-05-03T12:00:00Z,2023-07-02T06:00:00Z,2023-07-02T12:00:00Z,2023-08-01T06:00:00Z,purge_train_validation
4717,2023-05-03T18:00:00Z,2023-07-02T12:00:00Z,2023-07-02T18:00:00Z,2023-08-01T12:00:00Z,purge_train_validation
4718,2023-05-04T00:00:00Z,2023-07-02T18:00:00Z,2023-07-03T00:00:00Z,2023-08-01T18:00:00Z,purge_train_validation
4719,2023-05-04T06:00:00Z,2023-07-03T00:00:00Z,2023-07-03T06:00:00Z,2023-08-02T00:00:00Z,purge_train_validation
4720,2023-05-04T12:00:00Z,2023-07-03T06:00:00Z,2023-07-03T12:00:00Z,2023-08-02T06:00:00Z,purge_train_validation
4721,2023-05-04T18:00:00Z,2023-07-03T12:00:00Z,2023-07-03T18:00:00Z,2023-08-02T12:00:00Z,purge_train_validation
4722,2023-05-05T00:00:00Z,2023-07-03T18:00:00Z,2023-07-04T00:00:00Z,2023-08-02T18:00:00Z,purge_train_validation
4723,2023-05-05T06:00:00Z,2023-07-04T00:00:00Z,2023-07-04T06:00:00Z,2023-08-03T00:00:00Z,purge_train_validation
4724,2023-05-05T12:00:00Z,2023-07-04T06:00:00Z,2023-07-04T12:00:00Z,2023-08-03T06:00:00Z,purge_train_validation
4725,2023-05-05T18:00:00Z,2023-07-04T12:00:00Z,2023-07-04T18:00:00Z,2023-08-03T12:00:00Z,purge_train_validation
4726,2023-05-06T00:00:00Z,2023-07-04T18:00:00Z,2023-07-05T00:00:00Z,2023-08-03T18:00:00Z,purge_train_validation
4727,2023-05-06T06:00:00Z,2023-07-05T00:00:00Z,2023-07-05T06:00:00Z,2023-08-04T00:00:00Z,purge_train_validation
4728,2023-05-06T12:00:00Z,2023-07-05T06:00:00Z,2023-07-05T12:00:00Z,2023-08-04T06:00:00Z,purge_train_validation
4729,2023-05-06T18:00:00Z,2023-07-05T12:00:00Z,2023-07-05T18:00:00Z,2023-08-04T12:00:00Z,purge_train_validation
4730,2023-05-07T00:00:00Z,2023-07-05T18:00:00Z,2023-07-06T00:00:00Z,2023-08-04T18:00:00Z,purge_train_validation
4731,2023-05-07T06:00:00Z,2023-07-06T00:00:00Z,2023-07-06T06:00:00Z,2023-08-05T00:00:00Z,purge_train_validation
4732,2023-05-07T12:00:00Z,2023-07-06T06:00:00Z,2023-07-06T12:00:00Z,2023-08-05T06:00:00Z,purge_train_validation
4733,2023-05-07T18:00:00Z,2023-07-06T12:00:00Z,2023-07-06T18:00:00Z,2023-08-05T12:00:00Z,purge_train_validation
4734,2023-05-08T00:00:00Z,2023-07-06T18:00:00Z,2023-07-07T00:00:00Z,2023-08-05T18:00:00Z,purge_train_validation
4735,2023-05-08T06:00:00Z,2023-07-07T00:00:00Z,2023-07-07T06:00:00Z,2023-08-06T00:00:00Z,purge_train_validation
4736,2023-05-08T12:00:00Z,2023-07-07T06:00:00Z,2023-07-07T12:00:00Z,2023-08-06T06:00:00Z,purge_train_validation
4737,2023-05-08T18:00:00Z,2023-07-07T12:00:00Z,2023-07-07T18:00:00Z,2023-08-06T12:00:00Z,purge_train_validation
4738,2023-05-09T00:00:00Z,2023-07-07T18:00:00Z,2023-07-08T00:00:00Z,2023-08-06T18:00:00Z,purge_train_validation
4739,2023-05-09T06:00:00Z,2023-07-08T00:00:00Z,2023-07-08T06:00:00Z,2023-08-07T00:00:00Z,purge_train_validation
4740,2023-05-09T12:00:00Z,2023-07-08T06:00:00Z,2023-07-08T12:00:00Z,2023-08-07T06:00:00Z,purge_train_validation
4741,2023-05-09T18:00:00Z,2023-07-08T12:00:00Z,2023-07-08T18:00:00Z,2023-08-07T12:00:00Z,purge_train_validation
4742,2023-05-10T00:00:00Z,2023-07-08T18:00:00Z,2023-07-09T00:00:00Z,2023-08-07T18:00:00Z,purge_train_validation
4743,2023-05-10T06:00:00Z,2023-07-09T00:00:00Z,2023-07-09T06:00:00Z,2023-08-08T00:00:00Z,purge_train_validation
4744,2023-05-10T12:00:00Z,2023-07-09T06:00:00Z,2023-07-09T12:00:00Z,2023-08-08T06:00:00Z,purge_train_validation
4745,2023-05-10T18:00:00Z,2023-07-09T12:00:00Z,2023-07-09T18:00:00Z,2023-08-08T12:00:00Z,purge_train_validation
4746,2023-05-11T00:00:00Z,2023-07-09T18:00:00Z,2023-07-10T00:00:00Z,2023-08-08T18:00:00Z,purge_train_validation
4747,2023-05-11T06:00:00Z,2023-07-10T00:00:00Z,2023-07-10T06:00:00Z,2023-08-09T00:00:00Z,purge_train_validation
4748,2023-05-11T12:00:00Z,2023-07-10T06:00:00Z,2023-07-10T12:00:00Z,2023-08-09T06:00:00Z,purge_train_validation
4749,2023-05-11T18:00:00Z,2023-07-10T12:00:00Z,2023-07-10T18:00:00Z,2023-08-09T12:00:00Z,purge_train_validation
4750,2023-05-12T00:00:00Z,2023-07-10T18:00:00Z,2023-07-11T00:00:00Z,2023-08-09T18:00:00Z,purge_train_validation
4751,2023-05-12T06:00:00Z,2023-07-11T00:00:00Z,2023-07-11T06:00:00Z,2023-08-10T00:00:00Z,purge_train_validation
4752,2023-05-12T12:00:00Z,2023-07-11T06:00:00Z,2023-07-11T12:00:00Z,2023-08-10T06:00:00Z,purge_train_validation
4753,2023-05-12T18:00:00Z,2023-07-11T12:00:00Z,2023-07-11T18:00:00Z,2023-08-10T12:00:00Z,purge_train_validation
4754,2023-05-13T00:00:00Z,2023-07-11T18:00:00Z,2023-07-12T00:00:00Z,2023-08-10T18:00:00Z,purge_train_validation
4755,2023-05-13T06:00:00Z,2023-07-12T00:00:00Z,2023-07-12T06:00:00Z,2023-08-11T00:00:00Z,purge_train_validation
4756,2023-05-13T12:00:00Z,2023-07-12T06:00:00Z,2023-07-12T12:00:00Z,2023-08-11T06:00:00Z,purge_train_validation
4757,2023-05-13T18:00:00Z,2023-07-12T12:00:00Z,2023-07-12T18:00:00Z,2023-08-11T12:00:00Z,purge_train_validation
4758,2023-05-14T00:00:00Z,2023-07-12T18:00:00Z,2023-07-13T00:00:00Z,2023-08-11T18:00:00Z,purge_train_validation
4759,2023-05-14T06:00:00Z,2023-07-13T00:00:00Z,2023-07-13T06:00:00Z,2023-08-12T00:00:00Z,purge_train_validation
4760,2023-05-14T12:00:00Z,2023-07-13T06:00:00Z,2023-07-13T12:00:00Z,2023-08-12T06:00:00Z,purge_train_validation
4761,2023-05-14T18:00:00Z,2023-07-13T12:00:00Z,2023-07-13T18:00:00Z,2023-08-12T12:00:00Z,purge_train_validation
4762,2023-05-15T00:00:00Z,2023-07-13T18:00:00Z,2023-07-14T00:00:00Z,2023-08-12T18:00:00Z,purge_train_validation
4763,2023-05-15T06:00:00Z,2023-07-14T00:00:00Z,2023-07-14T06:00:00Z,2023-08-13T00:00:00Z,purge_train_validation
4764,2023-05-15T12:00:00Z,2023-07-14T06:00:00Z,2023-07-14T12:00:00Z,2023-08-13T06:00:00Z,purge_train_validation
4765,2023-05-15T18:00:00Z,2023-07-14T12:00:00Z,2023-07-14T18:00:00Z,2023-08-13T12:00:00Z,purge_train_validation
4766,2023-05-16T00:00:00Z,2023-07-14T18:00:00Z,2023-07-15T00:00:00Z,2023-08-13T18:00:00Z,purge_train_validation
4767,2023-05-16T06:00:00Z,2023-07-15T00:00:00Z,2023-07-15T06:00:00Z,2023-08-14T00:00:00Z,purge_train_validation
4768,2023-05-16T12:00:00Z,2023-07-15T06:00:00Z,2023-07-15T12:00:00Z,2023-08-14T06:00:00Z,purge_train_validation
4769,2023-05-16T18:00:00Z,2023-07-15T12:00:00Z,2023-07-15T18:00:00Z,2023-08-14T12:00:00Z,purge_train_validation
4770,2023-05-17T00:00:00Z,2023-07-15T18:00:00Z,2023-07-16T00:00:00Z,2023-08-14T18:00:00Z,purge_train_validation
4771,2023-05-17T06:00:00Z,2023-07-16T00:00:00Z,2023-07-16T06:00:00Z,2023-08-15T00:00:00Z,purge_train_validation
4772,2023-05-17T12:00:00Z,2023-07-16T06:00:00Z,2023-07-16T12:00:00Z,2023-08-15T06:00:00Z,purge_train_validation
4773,2023-05-17T18:00:00Z,2023-07-16T12:00:00Z,2023-07-16T18:00:00Z,2023-08-15T12:00:00Z,purge_train_validation
4774,2023-05-18T00:00:00Z,2023-07-16T18:00:00Z,2023-07-17T00:00:00Z,2023-08-15T18:00:00Z,purge_train_validation
4775,2023-05-18T06:00:00Z,2023-07-17T00:00:00Z,2023-07-17T06:00:00Z,2023-08-16T00:00:00Z,purge_train_validation
4776,2023-05-18T12:00:00Z,2023-07-17T06:00:00Z,2023-07-17T12:00:00Z,2023-08-16T06:00:00Z,purge_train_validation
4777,2023-05-18T18:00:00Z,2023-07-17T12:00:00Z,2023-07-17T18:00:00Z,2023-08-16T12:00:00Z,purge_train_validation
4778,2023-05-19T00:00:00Z,2023-07-17T18:00:00Z,2023-07-18T00:00:00Z,2023-08-16T18:00:00Z,purge_train_validation
4779,2023-05-19T06:00:00Z,2023-07-18T00:00:00Z,2023-07-18T06:00:00Z,2023-08-17T00:00:00Z,purge_train_validation
4780,2023-05-19T12:00:00Z,2023-07-18T06:00:00Z,2023-07-18T12:00:00Z,2023-08-17T06:00:00Z,purge_train_validation
4781,2023-05-19T18:00:00Z,2023-07-18T12:00:00Z,2023-07-18T18:00:00Z,2023-08-17T12:00:00Z,purge_train_validation
4782,2023-05-20T00:00:00Z,2023-07-18T18:00:00Z,2023-07-19T00:00:00Z,2023-08-17T18:00:00Z,purge_train_validation
4783,2023-05-20T06:00:00Z,2023-07-19T00:00:00Z,2023-07-19T06:00:00Z,2023-08-18T00:00:00Z,purge_train_validation
4784,2023-05-20T12:00:00Z,2023-07-19T06:00:00Z,2023-07-19T12:00:00Z,2023-08-18T06:00:00Z,purge_train_validation
4785,2023-05-20T18:00:00Z,2023-07-19T12:00:00Z,2023-07-19T18:00:00Z,2023-08-18T12:00:00Z,purge_train_validation
4786,2023-05-21T00:00:00Z,2023-07-19T18:00:00Z,2023-07-20T00:00:00Z,2023-08-18T18:00:00Z,purge_train_validation
4787,2023-05-21T06:00:00Z,2023-07-20T00:00:00Z,2023-07-20T06:00:00Z,2023-08-19T00:00:00Z,purge_train_validation
4788,2023-05-21T12:00:00Z,2023-07-20T06:00:00Z,2023-07-20T12:00:00Z,2023-08-19T06:00:00Z,purge_train_validation
4789,2023-05-21T18:00:00Z,2023-07-20T12:00:00Z,2023-07-20T18:00:00Z,2023-08-19T12:00:00Z,purge_train_validation
4790,2023-05-22T00:00:00Z,2023-07-20T18:00:00Z,2023-07-21T00:00:00Z,2023-08-19T18:00:00Z,purge_train_validation
4791,2023-05-22T06:00:00Z,2023-07-21T00:00:00Z,2023-07-21T06:00:00Z,2023-08-20T00:00:00Z,purge_train_validation
4792,2023-05-22T12:00:00Z,2023-07-21T06:00:00Z,2023-07-21T12:00:00Z,2023-08-20T06:00:00Z,purge_train_validation
4793,2023-05-22T18:00:00Z,2023-07-21T12:00:00Z,2023-07-21T18:00:00Z,2023-08-20T12:00:00Z,purge_train_validation
4794,2023-05-23T00:00:00Z,2023-07-21T18:00:00Z,2023-07-22T00:00:00Z,2023-08-20T18:00:00Z,purge_train_validation
4795,2023-05-23T06:00:00Z,2023-07-22T00:00:00Z,2023-07-22T06:00:00Z,2023-08-21T00:00:00Z,purge_train_validation
4796,2023-05-23T12:00:00Z,2023-07-22T06:00:00Z,2023-07-22T12:00:00Z,2023-08-21T06:00:00Z,purge_train_validation
4797,2023-05-23T18:00:00Z,2023-07-22T12:00:00Z,2023-07-22T18:00:00Z,2023-08-21T12:00:00Z,purge_train_validation
4798,2023-05-24T00:00:00Z,2023-07-22T18:00:00Z,2023-07-23T00:00:00Z,2023-08-21T18:00:00Z,purge_train_validation
4799,2023-05-24T06:00:00Z,2023-07-23T00:00:00Z,2023-07-23T06:00:00Z,2023-08-22T00:00:00Z,purge_train_validation
4800,2023-05-24T12:00:00Z,2023-07-23T06:00:00Z,2023-07-23T12:00:00Z,2023-08-22T06:00:00Z,purge_train_validation
4801,2023-05-24T18:00:00Z,2023-07-23T12:00:00Z,2023-07-23T18:00:00Z,2023-08-22T12:00:00Z,purge_train_validation
4802,2023-05-25T00:00:00Z,2023-07-23T18:00:00Z,2023-07-24T00:00:00Z,2023-08-22T18:00:00Z,purge_train_validation
4803,2023-05-25T06:00:00Z,2023-07-24T00:00:00Z,2023-07-24T06:00:00Z,2023-08-23T00:00:00Z,purge_train_validation
4804,2023-05-25T12:00:00Z,2023-07-24T06:00:00Z,2023-07-24T12:00:00Z,2023-08-23T06:00:00Z,purge_train_validation
4805,2023-05-25T18:00:00Z,2023-07-24T12:00:00Z,2023-07-24T18:00:00Z,2023-08-23T12:00:00Z,purge_train_validation
4806,2023-05-26T00:00:00Z,2023-07-24T18:00:00Z,2023-07-25T00:00:00Z,2023-08-23T18:00:00Z,purge_train_validation
4807,2023-05-26T06:00:00Z,2023-07-25T00:00:00Z,2023-07-25T06:00:00Z,2023-08-24T00:00:00Z,purge_train_validation
4808,2023-05-26T12:00:00Z,2023-07-25T06:00:00Z,2023-07-25T12:00:00Z,2023-08-24T06:00:00Z,purge_train_validation
4809,2023-05-26T18:00:00Z,2023-07-25T12:00:00Z,2023-07-25T18:00:00Z,2023-08-24T12:00:00Z,purge_train_validation
4810,2023-05-27T00:00:00Z,2023-07-25T18:00:00Z,2023-07-26T00:00:00Z,2023-08-24T18:00:00Z,purge_train_validation
4811,2023-05-27T06:00:00Z,2023-07-26T00:00:00Z,2023-07-26T06:00:00Z,2023-08-25T00:00:00Z,purge_train_validation
4812,2023-05-27T12:00:00Z,2023-07-26T06:00:00Z,2023-07-26T12:00:00Z,2023-08-25T06:00:00Z,purge_train_validation
4813,2023-05-27T18:00:00Z,2023-07-26T12:00:00Z,2023-07-26T18:00:00Z,2023-08-25T12:00:00Z,purge_train_validation
4814,2023-05-28T00:00:00Z,2023-07-26T18:00:00Z,2023-07-27T00:00:00Z,2023-08-25T18:00:00Z,purge_train_validation
4815,2023-05-28T06:00:00Z,2023-07-27T00:00:00Z,2023-07-27T06:00:00Z,2023-08-26T00:00:00Z,purge_train_validation
4816,2023-05-28T12:00:00Z,2023-07-27T06:00:00Z,2023-07-27T12:00:00Z,2023-08-26T06:00:00Z,purge_train_validation
4817,2023-05-28T18:00:00Z,2023-07-27T12:00:00Z,2023-07-27T18:00:00Z,2023-08-26T12:00:00Z,purge_train_validation
4818,2023-05-29T00:00:00Z,2023-07-27T18:00:00Z,2023-07-28T00:00:00Z,2023-08-26T18:00:00Z,purge_train_validation
4819,2023-05-29T06:00:00Z,2023-07-28T00:00:00Z,2023-07-28T06:00:00Z,2023-08-27T00:00:00Z,purge_train_validation
4820,2023-05-29T12:00:00Z,2023-07-28T06:00:00Z,2023-07-28T12:00:00Z,2023-08-27T06:00:00Z,purge_train_validation
4821,2023-05-29T18:00:00Z,2023-07-28T12:00:00Z,2023-07-28T18:00:00Z,2023-08-27T12:00:00Z,purge_train_validation
4822,2023-05-30T00:00:00Z,2023-07-28T18:00:00Z,2023-07-29T00:00:00Z,2023-08-27T18:00:00Z,purge_train_validation
4823,2023-05-30T06:00:00Z,2023-07-29T00:00:00Z,2023-07-29T06:00:00Z,2023-08-28T00:00:00Z,purge_train_validation
4824,2023-05-30T12:00:00Z,2023-07-29T06:00:00Z,2023-07-29T12:00:00Z,2023-08-28T06:00:00Z,purge_train_validation
4825,2023-05-30T18:00:00Z,2023-07-29T12:00:00Z,2023-07-29T18:00:00Z,2023-08-28T12:00:00Z,purge_train_validation
4826,2023-05-31T00:00:00Z,2023-07-29T18:00:00Z,2023-07-30T00:00:00Z,2023-08-28T18:00:00Z,purge_train_validation
4827,2023-05-31T06:00:00Z,2023-07-30T00:00:00Z,2023-07-30T06:00:00Z,2023-08-29T00:00:00Z,purge_train_validation
4828,2023-05-31T12:00:00Z,2023-07-30T06:00:00Z,2023-07-30T12:00:00Z,2023-08-29T06:00:00Z,purge_train_validation
4829,2023-05-31T18:00:00Z,2023-07-30T12:00:00Z,2023-07-30T18:00:00Z,2023-08-29T12:00:00Z,purge_train_validation
4830,2023-06-01T00:00:00Z,2023-07-30T18:00:00Z,2023-07-31T00:00:00Z,2023-08-29T18:00:00Z,purge_train_validation
4831,2023-06-01T06:00:00Z,2023-07-31T00:00:00Z,2023-07-31T06:00:00Z,2023-08-30T00:00:00Z,purge_train_validation
4832,2023-06-01T12:00:00Z,2023-07-31T06:00:00Z,2023-07-31T12:00:00Z,2023-08-30T06:00:00Z,purge_train_validation
4833,2023-06-01T18:00:00Z,2023-07-31T12:00:00Z,2023-07-31T18:00:00Z,2023-08-30T12:00:00Z,purge_train_validation
4834,2023-06-02T00:00:00Z,2023-07-31T18:00:00Z,2023-08-01T00:00:00Z,2023-08-30T18:00:00Z,purge_train_validation
4835,2023-06-02T06:00:00Z,2023-08-01T00:00:00Z,2023-08-01T06:00:00Z,2023-08-31T00:00:00Z,purge_train_validation
4836,2023-06-02T12:00:00Z,2023-08-01T06:00:00Z,2023-08-01T12:00:00Z,2023-08-31T06:00:00Z,purge_train_validation
4837,2023-06-02T18:00:00Z,2023-08-01T12:00:00Z,2023-08-01T18:00:00Z,2023-08-31T12:00:00Z,purge_train_validation
4838,2023-06-03T00:00:00Z,2023-08-01T18:00:00Z,2023-08-02T00:00:00Z,2023-08-31T18:00:00Z,purge_train_validation
4839,2023-06-03T06:00:00Z,2023-08-02T00:00:00Z,2023-08-02T06:00:00Z,2023-09-01T00:00:00Z,purge_train_validation
4840,2023-06-03T12:00:00Z,2023-08-02T06:00:00Z,2023-08-02T12:00:00Z,2023-09-01T06:00:00Z,purge_train_validation
4841,2023-06-03T18:00:00Z,2023-08-02T12:00:00Z,2023-08-02T18:00:00Z,2023-09-01T12:00:00Z,purge_train_validation
4842,2023-06-04T00:00:00Z,2023-08-02T18:00:00Z,2023-08-03T00:00:00Z,2023-09-01T18:00:00Z,purge_train_validation
4843,2023-06-04T06:00:00Z,2023-08-03T00:00:00Z,2023-08-03T06:00:00Z,2023-09-02T00:00:00Z,purge_train_validation
4844,2023-06-04T12:00:00Z,2023-08-03T06:00:00Z,2023-08-03T12:00:00Z,2023-09-02T06:00:00Z,purge_train_validation
4845,2023-06-04T18:00:00Z,2023-08-03T12:00:00Z,2023-08-03T18:00:00Z,2023-09-02T12:00:00Z,purge_train_validation
4846,2023-06-05T00:00:00Z,2023-08-03T18:00:00Z,2023-08-04T00:00:00Z,2023-09-02T18:00:00Z,purge_train_validation
4847,2023-06-05T06:00:00Z,2023-08-04T00:00:00Z,2023-08-04T06:00:00Z,2023-09-03T00:00:00Z,purge_train_validation
4848,2023-06-05T12:00:00Z,2023-08-04T06:00:00Z,2023-08-04T12:00:00Z,2023-09-03T06:00:00Z,purge_train_validation
4849,2023-06-05T18:00:00Z,2023-08-04T12:00:00Z,2023-08-04T18:00:00Z,2023-09-03T12:00:00Z,purge_train_validation
4850,2023-06-06T00:00:00Z,2023-08-04T18:00:00Z,2023-08-05T00:00:00Z,2023-09-03T18:00:00Z,purge_train_validation
4851,2023-06-06T06:00:00Z,2023-08-05T00:00:00Z,2023-08-05T06:00:00Z,2023-09-04T00:00:00Z,purge_train_validation
4852,2023-06-06T12:00:00Z,2023-08-05T06:00:00Z,2023-08-05T12:00:00Z,2023-09-04T06:00:00Z,purge_train_validation
4853,2023-06-06T18:00:00Z,2023-08-05T12:00:00Z,2023-08-05T18:00:00Z,2023-09-04T12:00:00Z,purge_train_validation
4854,2023-06-07T00:00:00Z,2023-08-05T18:00:00Z,2023-08-06T00:00:00Z,2023-09-04T18:00:00Z,purge_train_validation
4855,2023-06-07T06:00:00Z,2023-08-06T00:00:00Z,2023-08-06T06:00:00Z,2023-09-05T00:00:00Z,purge_train_validation
4856,2023-06-07T12:00:00Z,2023-08-06T06:00:00Z,2023-08-06T12:00:00Z,2023-09-05T06:00:00Z,purge_train_validation
4857,2023-06-07T18:00:00Z,2023-08-06T12:00:00Z,2023-08-06T18:00:00Z,2023-09-05T12:00:00Z,purge_train_validation
4858,2023-06-08T00:00:00Z,2023-08-06T18:00:00Z,2023-08-07T00:00:00Z,2023-09-05T18:00:00Z,purge_train_validation
4859,2023-06-08T06:00:00Z,2023-08-07T00:00:00Z,2023-08-07T06:00:00Z,2023-09-06T00:00:00Z,purge_train_validation
4860,2023-06-08T12:00:00Z,2023-08-07T06:00:00Z,2023-08-07T12:00:00Z,2023-09-06T06:00:00Z,purge_train_validation
4861,2023-06-08T18:00:00Z,2023-08-07T12:00:00Z,2023-08-07T18:00:00Z,2023-09-06T12:00:00Z,purge_train_validation
4862,2023-06-09T00:00:00Z,2023-08-07T18:00:00Z,2023-08-08T00:00:00Z,2023-09-06T18:00:00Z,purge_train_validation
4863,2023-06-09T06:00:00Z,2023-08-08T00:00:00Z,2023-08-08T06:00:00Z,2023-09-07T00:00:00Z,purge_train_validation
4864,2023-06-09T12:00:00Z,2023-08-08T06:00:00Z,2023-08-08T12:00:00Z,2023-09-07T06:00:00Z,purge_train_validation
4865,2023-06-09T18:00:00Z,2023-08-08T12:00:00Z,2023-08-08T18:00:00Z,2023-09-07T12:00:00Z,purge_train_validation
4866,2023-06-10T00:00:00Z,2023-08-08T18:00:00Z,2023-08-09T00:00:00Z,2023-09-07T18:00:00Z,purge_train_validation
4867,2023-06-10T06:00:00Z,2023-08-09T00:00:00Z,2023-08-09T06:00:00Z,2023-09-08T00:00:00Z,purge_train_validation
4868,2023-06-10T12:00:00Z,2023-08-09T06:00:00Z,2023-08-09T12:00:00Z,2023-09-08T06:00:00Z,purge_train_validation
4869,2023-06-10T18:00:00Z,2023-08-09T12:00:00Z,2023-08-09T18:00:00Z,2023-09-08T12:00:00Z,purge_train_validation
4870,2023-06-11T00:00:00Z,2023-08-09T18:00:00Z,2023-08-10T00:00:00Z,2023-09-08T18:00:00Z,purge_train_validation
4871,2023-06-11T06:00:00Z,2023-08-10T00:00:00Z,2023-08-10T06:00:00Z,2023-09-09T00:00:00Z,purge_train_validation
4872,2023-06-11T12:00:00Z,2023-08-10T06:00:00Z,2023-08-10T12:00:00Z,2023-09-09T06:00:00Z,purge_train_validation
4873,2023-06-11T18:00:00Z,2023-08-10T12:00:00Z,2023-08-10T18:00:00Z,2023-09-09T12:00:00Z,purge_train_validation
4874,2023-06-12T00:00:00Z,2023-08-10T18:00:00Z,2023-08-11T00:00:00Z,2023-09-09T18:00:00Z,purge_train_validation
4875,2023-06-12T06:00:00Z,2023-08-11T00:00:00Z,2023-08-11T06:00:00Z,2023-09-10T00:00:00Z,purge_train_validation
4876,2023-06-12T12:00:00Z,2023-08-11T06:00:00Z,2023-08-11T12:00:00Z,2023-09-10T06:00:00Z,purge_train_validation
4877,2023-06-12T18:00:00Z,2023-08-11T12:00:00Z,2023-08-11T18:00:00Z,2023-09-10T12:00:00Z,purge_train_validation
4878,2023-06-13T00:00:00Z,2023-08-11T18:00:00Z,2023-08-12T00:00:00Z,2023-09-10T18:00:00Z,purge_train_validation
4879,2023-06-13T06:00:00Z,2023-08-12T00:00:00Z,2023-08-12T06:00:00Z,2023-09-11T00:00:00Z,purge_train_validation
4880,2023-06-13T12:00:00Z,2023-08-12T06:00:00Z,2023-08-12T12:00:00Z,2023-09-11T06:00:00Z,purge_train_validation
4881,2023-06-13T18:00:00Z,2023-08-12T12:00:00Z,2023-08-12T18:00:00Z,2023-09-11T12:00:00Z,purge_train_validation
4882,2023-06-14T00:00:00Z,2023-08-12T18:00:00Z,2023-08-13T00:00:00Z,2023-09-11T18:00:00Z,purge_train_validation
4883,2023-06-14T06:00:00Z,2023-08-13T00:00:00Z,2023-08-13T06:00:00Z,2023-09-12T00:00:00Z,purge_train_validation
4884,2023-06-14T12:00:00Z,2023-08-13T06:00:00Z,2023-08-13T12:00:00Z,2023-09-12T06:00:00Z,purge_train_validation
4885,2023-06-14T18:00:00Z,2023-08-13T12:00:00Z,2023-08-13T18:00:00Z,2023-09-12T12:00:00Z,purge_train_validation
4886,2023-06-15T00:00:00Z,2023-08-13T18:00:00Z,2023-08-14T00:00:00Z,2023-09-12T18:00:00Z,purge_train_validation
4887,2023-06-15T06:00:00Z,2023-08-14T00:00:00Z,2023-08-14T06:00:00Z,2023-09-13T00:00:00Z,purge_train_validation
4888,2023-06-15T12:00:00Z,2023-08-14T06:00:00Z,2023-08-14T12:00:00Z,2023-09-13T06:00:00Z,purge_train_validation
4889,2023-06-15T18:00:00Z,2023-08-14T12:00:00Z,2023-08-14T18:00:00Z,2023-09-13T12:00:00Z,purge_train_validation
4890,2023-06-16T00:00:00Z,2023-08-14T18:00:00Z,2023-08-15T00:00:00Z,2023-09-13T18:00:00Z,purge_train_validation
4891,2023-06-16T06:00:00Z,2023-08-15T00:00:00Z,2023-08-15T06:00:00Z,2023-09-14T00:00:00Z,purge_train_validation
4892,2023-06-16T12:00:00Z,2023-08-15T06:00:00Z,2023-08-15T12:00:00Z,2023-09-14T06:00:00Z,purge_train_validation
4893,2023-06-16T18:00:00Z,2023-08-15T12:00:00Z,2023-08-15T18:00:00Z,2023-09-14T12:00:00Z,purge_train_validation
4894,2023-06-17T00:00:00Z,2023-08-15T18:00:00Z,2023-08-16T00:00:00Z,2023-09-14T18:00:00Z,purge_train_validation
4895,2023-06-17T06:00:00Z,2023-08-16T00:00:00Z,2023-08-16T06:00:00Z,2023-09-15T00:00:00Z,purge_train_validation
4896,2023-06-17T12:00:00Z,2023-08-16T06:00:00Z,2023-08-16T12:00:00Z,2023-09-15T06:00:00Z,purge_train_validation
4897,2023-06-17T18:00:00Z,2023-08-16T12:00:00Z,2023-08-16T18:00:00Z,2023-09-15T12:00:00Z,purge_train_validation
4898,2023-06-18T00:00:00Z,2023-08-16T18:00:00Z,2023-08-17T00:00:00Z,2023-09-15T18:00:00Z,purge_train_validation
4899,2023-06-18T06:00:00Z,2023-08-17T00:00:00Z,2023-08-17T06:00:00Z,2023-09-16T00:00:00Z,purge_train_validation
4900,2023-06-18T12:00:00Z,2023-08-17T06:00:00Z,2023-08-17T12:00:00Z,2023-09-16T06:00:00Z,purge_train_validation
4901,2023-06-18T18:00:00Z,2023-08-17T12:00:00Z,2023-08-17T18:00:00Z,2023-09-16T12:00:00Z,purge_train_validation
4902,2023-06-19T00:00:00Z,2023-08-17T18:00:00Z,2023-08-18T00:00:00Z,2023-09-16T18:00:00Z,purge_train_validation
4903,2023-06-19T06:00:00Z,2023-08-18T00:00:00Z,2023-08-18T06:00:00Z,2023-09-17T00:00:00Z,purge_train_validation
4904,2023-06-19T12:00:00Z,2023-08-18T06:00:00Z,2023-08-18T12:00:00Z,2023-09-17T06:00:00Z,purge_train_validation
4905,2023-06-19T18:00:00Z,2023-08-18T12:00:00Z,2023-08-18T18:00:00Z,2023-09-17T12:00:00Z,purge_train_validation
4906,2023-06-20T00:00:00Z,2023-08-18T18:00:00Z,2023-08-19T00:00:00Z,2023-09-17T18:00:00Z,purge_train_validation
4907,2023-06-20T06:00:00Z,2023-08-19T00:00:00Z,2023-08-19T06:00:00Z,2023-09-18T00:00:00Z,purge_train_validation
4908,2023-06-20T12:00:00Z,2023-08-19T06:00:00Z,2023-08-19T12:00:00Z,2023-09-18T06:00:00Z,purge_train_validation
4909,2023-06-20T18:00:00Z,2023-08-19T12:00:00Z,2023-08-19T18:00:00Z,2023-09-18T12:00:00Z,purge_train_validation
4910,2023-06-21T00:00:00Z,2023-08-19T18:00:00Z,2023-08-20T00:00:00Z,2023-09-18T18:00:00Z,purge_train_validation
4911,2023-06-21T06:00:00Z,2023-08-20T00:00:00Z,2023-08-20T06:00:00Z,2023-09-19T00:00:00Z,purge_train_validation
4912,2023-06-21T12:00:00Z,2023-08-20T06:00:00Z,2023-08-20T12:00:00Z,2023-09-19T06:00:00Z,purge_train_validation
4913,2023-06-21T18:00:00Z,2023-08-20T12:00:00Z,2023-08-20T18:00:00Z,2023-09-19T12:00:00Z,purge_train_validation
4914,2023-06-22T00:00:00Z,2023-08-20T18:00:00Z,2023-08-21T00:00:00Z,2023-09-19T18:00:00Z,purge_train_validation
4915,2023-06-22T06:00:00Z,2023-08-21T00:00:00Z,2023-08-21T06:00:00Z,2023-09-20T00:00:00Z,purge_train_validation
4916,2023-06-22T12:00:00Z,2023-08-21T06:00:00Z,2023-08-21T12:00:00Z,2023-09-20T06:00:00Z,purge_train_validation
4917,2023-06-22T18:00:00Z,2023-08-21T12:00:00Z,2023-08-21T18:00:00Z,2023-09-20T12:00:00Z,purge_train_validation
4918,2023-06-23T00:00:00Z,2023-08-21T18:00:00Z,2023-08-22T00:00:00Z,2023-09-20T18:00:00Z,purge_train_validation
4919,2023-06-23T06:00:00Z,2023-08-22T00:00:00Z,2023-08-22T06:00:00Z,2023-09-21T00:00:00Z,purge_train_validation
4920,2023-06-23T12:00:00Z,2023-08-22T06:00:00Z,2023-08-22T12:00:00Z,2023-09-21T06:00:00Z,purge_train_validation
4921,2023-06-23T18:00:00Z,2023-08-22T12:00:00Z,2023-08-22T18:00:00Z,2023-09-21T12:00:00Z,purge_train_validation
4922,2023-06-24T00:00:00Z,2023-08-22T18:00:00Z,2023-08-23T00:00:00Z,2023-09-21T18:00:00Z,purge_train_validation
4923,2023-06-24T06:00:00Z,2023-08-23T00:00:00Z,2023-08-23T06:00:00Z,2023-09-22T00:00:00Z,purge_train_validation
4924,2023-06-24T12:00:00Z,2023-08-23T06:00:00Z,2023-08-23T12:00:00Z,2023-09-22T06:00:00Z,purge_train_validation
4925,2023-06-24T18:00:00Z,2023-08-23T12:00:00Z,2023-08-23T18:00:00Z,2023-09-22T12:00:00Z,purge_train_validation
4926,2023-06-25T00:00:00Z,2023-08-23T18:00:00Z,2023-08-24T00:00:00Z,2023-09-22T18:00:00Z,purge_train_validation
4927,2023-06-25T06:00:00Z,2023-08-24T00:00:00Z,2023-08-24T06:00:00Z,2023-09-23T00:00:00Z,purge_train_validation
4928,2023-06-25T12:00:00Z,2023-08-24T06:00:00Z,2023-08-24T12:00:00Z,2023-09-23T06:00:00Z,purge_train_validation
4929,2023-06-25T18:00:00Z,2023-08-24T12:00:00Z,2023-08-24T18:00:00Z,2023-09-23T12:00:00Z,purge_train_validation
4930,2023-06-26T00:00:00Z,2023-08-24T18:00:00Z,2023-08-25T00:00:00Z,2023-09-23T18:00:00Z,purge_train_validation
4931,2023-06-26T06:00:00Z,2023-08-25T00:00:00Z,2023-08-25T06:00:00Z,2023-09-24T00:00:00Z,purge_train_validation
4932,2023-06-26T12:00:00Z,2023-08-25T06:00:00Z,2023-08-25T12:00:00Z,2023-09-24T06:00:00Z,purge_train_validation
4933,2023-06-26T18:00:00Z,2023-08-25T12:00:00Z,2023-08-25T18:00:00Z,2023-09-24T12:00:00Z,purge_train_validation
4934,2023-06-27T00:00:00Z,2023-08-25T18:00:00Z,2023-08-26T00:00:00Z,2023-09-24T18:00:00Z,purge_train_validation
4935,2023-06-27T06:00:00Z,2023-08-26T00:00:00Z,2023-08-26T06:00:00Z,2023-09-25T00:00:00Z,purge_train_validation
4936,2023-06-27T12:00:00Z,2023-08-26T06:00:00Z,2023-08-26T12:00:00Z,2023-09-25T06:00:00Z,purge_train_validation
4937,2023-06-27T18:00:00Z,2023-08-26T12:00:00Z,2023-08-26T18:00:00Z,2023-09-25T12:00:00Z,purge_train_validation
4938,2023-06-28T00:00:00Z,2023-08-26T18:00:00Z,2023-08-27T00:00:00Z,2023-09-25T18:00:00Z,purge_train_validation
4939,2023-06-28T06:00:00Z,2023-08-27T00:00:00Z,2023-08-27T06:00:00Z,2023-09-26T00:00:00Z,purge_train_validation
4940,2023-06-28T12:00:00Z,2023-08-27T06:00:00Z,2023-08-27T12:00:00Z,2023-09-26T06:00:00Z,purge_train_validation
4941,2023-06-28T18:00:00Z,2023-08-27T12:00:00Z,2023-08-27T18:00:00Z,2023-09-26T12:00:00Z,purge_train_validation
4942,2023-06-29T00:00:00Z,2023-08-27T18:00:00Z,2023-08-28T00:00:00Z,2023-09-26T18:00:00Z,purge_train_validation
4943,2023-06-29T06:00:00Z,2023-08-28T00:00:00Z,2023-08-28T06:00:00Z,2023-09-27T00:00:00Z,purge_train_validation
4944,2023-06-29T12:00:00Z,2023-08-28T06:00:00Z,2023-08-28T12:00:00Z,2023-09-27T06:00:00Z,purge_train_validation
4945,2023-06-29T18:00:00Z,2023-08-28T12:00:00Z,2023-08-28T18:00:00Z,2023-09-27T12:00:00Z,purge_train_validation
4946,2023-06-30T00:00:00Z,2023-08-28T18:00:00Z,2023-08-29T00:00:00Z,2023-09-27T18:00:00Z,purge_train_validation
4947,2023-06-30T06:00:00Z,2023-08-29T00:00:00Z,2023-08-29T06:00:00Z,2023-09-28T00:00:00Z,purge_train_validation
4948,2023-06-30T12:00:00Z,2023-08-29T06:00:00Z,2023-08-29T12:00:00Z,2023-09-28T06:00:00Z,purge_train_validation
4949,2023-06-30T18:00:00Z,2023-08-29T12:00:00Z,2023-08-29T18:00:00Z,2023-09-28T12:00:00Z,purge_train_validation
4950,2023-07-01T00:00:00Z,2023-08-29T18:00:00Z,2023-08-30T00:00:00Z,2023-09-28T18:00:00Z,purge_train_validation
4951,2023-07-01T06:00:00Z,2023-08-30T00:00:00Z,2023-08-30T06:00:00Z,2023-09-29T00:00:00Z,purge_train_validation
4952,2023-07-01T12:00:00Z,2023-08-30T06:00:00Z,2023-08-30T12:00:00Z,2023-09-29T06:00:00Z,purge_train_validation
4953,2023-07-01T18:00:00Z,2023-08-30T12:00:00Z,2023-08-30T18:00:00Z,2023-09-29T12:00:00Z,purge_train_validation
4954,2023-07-02T00:00:00Z,2023-08-30T18:00:00Z,2023-08-31T00:00:00Z,2023-09-29T18:00:00Z,purge_train_validation
4955,2023-07-02T06:00:00Z,2023-08-31T00:00:00Z,2023-08-31T06:00:00Z,2023-09-30T00:00:00Z,purge_train_validation
4956,2023-07-02T12:00:00Z,2023-08-31T06:00:00Z,2023-08-31T12:00:00Z,2023-09-30T06:00:00Z,purge_train_validation
4957,2023-07-02T18:00:00Z,2023-08-31T12:00:00Z,2023-08-31T18:00:00Z,2023-09-30T12:00:00Z,purge_train_validation
4958,2023-07-03T00:00:00Z,2023-08-31T18:00:00Z,2023-09-01T00:00:00Z,2023-09-30T18:00:00Z,purge_train_validation
4959,2023-07-03T06:00:00Z,2023-09-01T00:00:00Z,2023-09-01T06:00:00Z,2023-10-01T00:00:00Z,purge_train_validation
4960,2023-07-03T12:00:00Z,2023-09-01T06:00:00Z,2023-09-01T12:00:00Z,2023-10-01T06:00:00Z,purge_train_validation
4961,2023-07-03T18:00:00Z,2023-09-01T12:00:00Z,2023-09-01T18:00:00Z,2023-10-01T12:00:00Z,purge_train_validation
4962,2023-07-04T00:00:00Z,2023-09-01T18:00:00Z,2023-09-02T00:00:00Z,2023-10-01T18:00:00Z,purge_train_validation
4963,2023-07-04T06:00:00Z,2023-09-02T00:00:00Z,2023-09-02T06:00:00Z,2023-10-02T00:00:00Z,purge_train_validation
4964,2023-07-04T12:00:00Z,2023-09-02T06:00:00Z,2023-09-02T12:00:00Z,2023-10-02T06:00:00Z,purge_train_validation
4965,2023-07-04T18:00:00Z,2023-09-02T12:00:00Z,2023-09-02T18:00:00Z,2023-10-02T12:00:00Z,purge_train_validation
4966,2023-07-05T00:00:00Z,2023-09-02T18:00:00Z,2023-09-03T00:00:00Z,2023-10-02T18:00:00Z,purge_train_validation
4967,2023-07-05T06:00:00Z,2023-09-03T00:00:00Z,2023-09-03T06:00:00Z,2023-10-03T00:00:00Z,purge_train_validation
4968,2023-07-05T12:00:00Z,2023-09-03T06:00:00Z,2023-09-03T12:00:00Z,2023-10-03T06:00:00Z,purge_train_validation
4969,2023-07-05T18:00:00Z,2023-09-03T12:00:00Z,2023-09-03T18:00:00Z,2023-10-03T12:00:00Z,purge_train_validation
4970,2023-07-06T00:00:00Z,2023-09-03T18:00:00Z,2023-09-04T00:00:00Z,2023-10-03T18:00:00Z,purge_train_validation
4971,2023-07-06T06:00:00Z,2023-09-04T00:00:00Z,2023-09-04T06:00:00Z,2023-10-04T00:00:00Z,purge_train_validation
4972,2023-07-06T12:00:00Z,2023-09-04T06:00:00Z,2023-09-04T12:00:00Z,2023-10-04T06:00:00Z,purge_train_validation
4973,2023-07-06T18:00:00Z,2023-09-04T12:00:00Z,2023-09-04T18:00:00Z,2023-10-04T12:00:00Z,purge_train_validation
4974,2023-07-07T00:00:00Z,2023-09-04T18:00:00Z,2023-09-05T00:00:00Z,2023-10-04T18:00:00Z,purge_train_validation
4975,2023-07-07T06:00:00Z,2023-09-05T00:00:00Z,2023-09-05T06:00:00Z,2023-10-05T00:00:00Z,purge_train_validation
4976,2023-07-07T12:00:00Z,2023-09-05T06:00:00Z,2023-09-05T12:00:00Z,2023-10-05T06:00:00Z,purge_train_validation
4977,2023-07-07T18:00:00Z,2023-09-05T12:00:00Z,2023-09-05T18:00:00Z,2023-10-05T12:00:00Z,purge_train_validation
4978,2023-07-08T00:00:00Z,2023-09-05T18:00:00Z,2023-09-06T00:00:00Z,2023-10-05T18:00:00Z,purge_train_validation
4979,2023-07-08T06:00:00Z,2023-09-06T00:00:00Z,2023-09-06T06:00:00Z,2023-10-06T00:00:00Z,purge_train_validation
4980,2023-07-08T12:00:00Z,2023-09-06T06:00:00Z,2023-09-06T12:00:00Z,2023-10-06T06:00:00Z,purge_train_validation
4981,2023-07-08T18:00:00Z,2023-09-06T12:00:00Z,2023-09-06T18:00:00Z,2023-10-06T12:00:00Z,purge_train_validation
4982,2023-07-09T00:00:00Z,2023-09-06T18:00:00Z,2023-09-07T00:00:00Z,2023-10-06T18:00:00Z,purge_train_validation
4983,2023-07-09T06:00:00Z,2023-09-07T00:00:00Z,2023-09-07T06:00:00Z,2023-10-07T00:00:00Z,purge_train_validation
4984,2023-07-09T12:00:00Z,2023-09-07T06:00:00Z,2023-09-07T12:00:00Z,2023-10-07T06:00:00Z,purge_train_validation
4985,2023-07-09T18:00:00Z,2023-09-07T12:00:00Z,2023-09-07T18:00:00Z,2023-10-07T12:00:00Z,purge_train_validation
4986,2023-07-10T00:00:00Z,2023-09-07T18:00:00Z,2023-09-08T00:00:00Z,2023-10-07T18:00:00Z,purge_train_validation
4987,2023-07-10T06:00:00Z,2023-09-08T00:00:00Z,2023-09-08T06:00:00Z,2023-10-08T00:00:00Z,purge_train_validation
4988,2023-07-10T12:00:00Z,2023-09-08T06:00:00Z,2023-09-08T12:00:00Z,2023-10-08T06:00:00Z,purge_train_validation
4989,2023-07-10T18:00:00Z,2023-09-08T12:00:00Z,2023-09-08T18:00:00Z,2023-10-08T12:00:00Z,purge_train_validation
4990,2023-07-11T00:00:00Z,2023-09-08T18:00:00Z,2023-09-09T00:00:00Z,2023-10-08T18:00:00Z,purge_train_validation
4991,2023-07-11T06:00:00Z,2023-09-09T00:00:00Z,2023-09-09T06:00:00Z,2023-10-09T00:00:00Z,purge_train_validation
4992,2023-07-11T12:00:00Z,2023-09-09T06:00:00Z,2023-09-09T12:00:00Z,2023-10-09T06:00:00Z,purge_train_validation
4993,2023-07-11T18:00:00Z,2023-09-09T12:00:00Z,2023-09-09T18:00:00Z,2023-10-09T12:00:00Z,purge_train_validation
4994,2023-07-12T00:00:00Z,2023-09-09T18:00:00Z,2023-09-10T00:00:00Z,2023-10-09T18:00:00Z,purge_train_validation
4995,2023-07-12T06:00:00Z,2023-09-10T00:00:00Z,2023-09-10T06:00:00Z,2023-10-10T00:00:00Z,purge_train_validation
4996,2023-07-12T12:00:00Z,2023-09-10T06:00:00Z,2023-09-10T12:00:00Z,2023-10-10T06:00:00Z,purge_train_validation
4997,2023-07-12T18:00:00Z,2023-09-10T12:00:00Z,2023-09-10T18:00:00Z,2023-10-10T12:00:00Z,purge_train_validation
4998,2023-07-13T00:00:00Z,2023-09-10T18:00:00Z,2023-09-11T00:00:00Z,2023-10-10T18:00:00Z,purge_train_validation
4999,2023-07-13T06:00:00Z,2023-09-11T00:00:00Z,2023-09-11T06:00:00Z,2023-10-11T00:00:00Z,purge_train_validation
5000,2023-07-13T12:00:00Z,2023-09-11T06:00:00Z,2023-09-11T12:00:00Z,2023-10-11T06:00:00Z,purge_train_validation
5001,2023-07-13T18:00:00Z,2023-09-11T12:00:00Z,2023-09-11T18:00:00Z,2023-10-11T12:00:00Z,purge_train_validation
5002,2023-07-14T00:00:00Z,2023-09-11T18:00:00Z,2023-09-12T00:00:00Z,2023-10-11T18:00:00Z,purge_train_validation
5003,2023-07-14T06:00:00Z,2023-09-12T00:00:00Z,2023-09-12T06:00:00Z,2023-10-12T00:00:00Z,purge_train_validation
5004,2023-07-14T12:00:00Z,2023-09-12T06:00:00Z,2023-09-12T12:00:00Z,2023-10-12T06:00:00Z,purge_train_validation
5005,2023-07-14T18:00:00Z,2023-09-12T12:00:00Z,2023-09-12T18:00:00Z,2023-10-12T12:00:00Z,purge_train_validation
5006,2023-07-15T00:00:00Z,2023-09-12T18:00:00Z,2023-09-13T00:00:00Z,2023-10-12T18:00:00Z,purge_train_validation
5007,2023-07-15T06:00:00Z,2023-09-13T00:00:00Z,2023-09-13T06:00:00Z,2023-10-13T00:00:00Z,purge_train_validation
5008,2023-07-15T12:00:00Z,2023-09-13T06:00:00Z,2023-09-13T12:00:00Z,2023-10-13T06:00:00Z,purge_train_validation
5009,2023-07-15T18:00:00Z,2023-09-13T12:00:00Z,2023-09-13T18:00:00Z,2023-10-13T12:00:00Z,purge_train_validation
5010,2023-07-16T00:00:00Z,2023-09-13T18:00:00Z,2023-09-14T00:00:00Z,2023-10-13T18:00:00Z,purge_train_validation
5011,2023-07-16T06:00:00Z,2023-09-14T00:00:00Z,2023-09-14T06:00:00Z,2023-10-14T00:00:00Z,purge_train_validation
5012,2023-07-16T12:00:00Z,2023-09-14T06:00:00Z,2023-09-14T12:00:00Z,2023-10-14T06:00:00Z,purge_train_validation
5013,2023-07-16T18:00:00Z,2023-09-14T12:00:00Z,2023-09-14T18:00:00Z,2023-10-14T12:00:00Z,purge_train_validation
5014,2023-07-17T00:00:00Z,2023-09-14T18:00:00Z,2023-09-15T00:00:00Z,2023-10-14T18:00:00Z,purge_train_validation
5015,2023-07-17T06:00:00Z,2023-09-15T00:00:00Z,2023-09-15T06:00:00Z,2023-10-15T00:00:00Z,purge_train_validation
5016,2023-07-17T12:00:00Z,2023-09-15T06:00:00Z,2023-09-15T12:00:00Z,2023-10-15T06:00:00Z,purge_train_validation
5017,2023-07-17T18:00:00Z,2023-09-15T12:00:00Z,2023-09-15T18:00:00Z,2023-10-15T12:00:00Z,purge_train_validation
5018,2023-07-18T00:00:00Z,2023-09-15T18:00:00Z,2023-09-16T00:00:00Z,2023-10-15T18:00:00Z,purge_train_validation
5019,2023-07-18T06:00:00Z,2023-09-16T00:00:00Z,2023-09-16T06:00:00Z,2023-10-16T00:00:00Z,purge_train_validation
5020,2023-07-18T12:00:00Z,2023-09-16T06:00:00Z,2023-09-16T12:00:00Z,2023-10-16T06:00:00Z,purge_train_validation
5021,2023-07-18T18:00:00Z,2023-09-16T12:00:00Z,2023-09-16T18:00:00Z,2023-10-16T12:00:00Z,purge_train_validation
5022,2023-07-19T00:00:00Z,2023-09-16T18:00:00Z,2023-09-17T00:00:00Z,2023-10-16T18:00:00Z,purge_train_validation
5023,2023-07-19T06:00:00Z,2023-09-17T00:00:00Z,2023-09-17T06:00:00Z,2023-10-17T00:00:00Z,purge_train_validation
5024,2023-07-19T12:00:00Z,2023-09-17T06:00:00Z,2023-09-17T12:00:00Z,2023-10-17T06:00:00Z,purge_train_validation
5025,2023-07-19T18:00:00Z,2023-09-17T12:00:00Z,2023-09-17T18:00:00Z,2023-10-17T12:00:00Z,purge_train_validation
5026,2023-07-20T00:00:00Z,2023-09-17T18:00:00Z,2023-09-18T00:00:00Z,2023-10-17T18:00:00Z,purge_train_validation
5027,2023-07-20T06:00:00Z,2023-09-18T00:00:00Z,2023-09-18T06:00:00Z,2023-10-18T00:00:00Z,purge_train_validation
5028,2023-07-20T12:00:00Z,2023-09-18T06:00:00Z,2023-09-18T12:00:00Z,2023-10-18T06:00:00Z,purge_train_validation
5029,2023-07-20T18:00:00Z,2023-09-18T12:00:00Z,2023-09-18T18:00:00Z,2023-10-18T12:00:00Z,purge_train_validation
5030,2023-07-21T00:00:00Z,2023-09-18T18:00:00Z,2023-09-19T00:00:00Z,2023-10-18T18:00:00Z,purge_train_validation
5031,2023-07-21T06:00:00Z,2023-09-19T00:00:00Z,2023-09-19T06:00:00Z,2023-10-19T00:00:00Z,purge_train_validation
5032,2023-07-21T12:00:00Z,2023-09-19T06:00:00Z,2023-09-19T12:00:00Z,2023-10-19T06:00:00Z,purge_train_validation
5033,2023-07-21T18:00:00Z,2023-09-19T12:00:00Z,2023-09-19T18:00:00Z,2023-10-19T12:00:00Z,purge_train_validation
5034,2023-07-22T00:00:00Z,2023-09-19T18:00:00Z,2023-09-20T00:00:00Z,2023-10-19T18:00:00Z,purge_train_validation
5035,2023-07-22T06:00:00Z,2023-09-20T00:00:00Z,2023-09-20T06:00:00Z,2023-10-20T00:00:00Z,purge_train_validation
5036,2023-07-22T12:00:00Z,2023-09-20T06:00:00Z,2023-09-20T12:00:00Z,2023-10-20T06:00:00Z,purge_train_validation
5037,2023-07-22T18:00:00Z,2023-09-20T12:00:00Z,2023-09-20T18:00:00Z,2023-10-20T12:00:00Z,purge_train_validation
5038,2023-07-23T00:00:00Z,2023-09-20T18:00:00Z,2023-09-21T00:00:00Z,2023-10-20T18:00:00Z,purge_train_validation
5039,2023-07-23T06:00:00Z,2023-09-21T00:00:00Z,2023-09-21T06:00:00Z,2023-10-21T00:00:00Z,purge_train_validation
5040,2023-07-23T12:00:00Z,2023-09-21T06:00:00Z,2023-09-21T12:00:00Z,2023-10-21T06:00:00Z,purge_train_validation
5041,2023-07-23T18:00:00Z,2023-09-21T12:00:00Z,2023-09-21T18:00:00Z,2023-10-21T12:00:00Z,purge_train_validation
5042,2023-07-24T00:00:00Z,2023-09-21T18:00:00Z,2023-09-22T00:00:00Z,2023-10-21T18:00:00Z,purge_train_validation
5043,2023-07-24T06:00:00Z,2023-09-22T00:00:00Z,2023-09-22T06:00:00Z,2023-10-22T00:00:00Z,purge_train_validation
5044,2023-07-24T12:00:00Z,2023-09-22T06:00:00Z,2023-09-22T12:00:00Z,2023-10-22T06:00:00Z,purge_train_validation
5045,2023-07-24T18:00:00Z,2023-09-22T12:00:00Z,2023-09-22T18:00:00Z,2023-10-22T12:00:00Z,purge_train_validation
5046,2023-07-25T00:00:00Z,2023-09-22T18:00:00Z,2023-09-23T00:00:00Z,2023-10-22T18:00:00Z,purge_train_validation
5047,2023-07-25T06:00:00Z,2023-09-23T00:00:00Z,2023-09-23T06:00:00Z,2023-10-23T00:00:00Z,purge_train_validation
5048,2023-07-25T12:00:00Z,2023-09-23T06:00:00Z,2023-09-23T12:00:00Z,2023-10-23T06:00:00Z,purge_train_validation
5049,2023-07-25T18:00:00Z,2023-09-23T12:00:00Z,2023-09-23T18:00:00Z,2023-10-23T12:00:00Z,purge_train_validation
5050,2023-07-26T00:00:00Z,2023-09-23T18:00:00Z,2023-09-24T00:00:00Z,2023-10-23T18:00:00Z,purge_train_validation
5051,2023-07-26T06:00:00Z,2023-09-24T00:00:00Z,2023-09-24T06:00:00Z,2023-10-24T00:00:00Z,purge_train_validation
5052,2023-07-26T12:00:00Z,2023-09-24T06:00:00Z,2023-09-24T12:00:00Z,2023-10-24T06:00:00Z,purge_train_validation
5053,2023-07-26T18:00:00Z,2023-09-24T12:00:00Z,2023-09-24T18:00:00Z,2023-10-24T12:00:00Z,purge_train_validation
5054,2023-07-27T00:00:00Z,2023-09-24T18:00:00Z,2023-09-25T00:00:00Z,2023-10-24T18:00:00Z,purge_train_validation
5055,2023-07-27T06:00:00Z,2023-09-25T00:00:00Z,2023-09-25T06:00:00Z,2023-10-25T00:00:00Z,purge_train_validation
5056,2023-07-27T12:00:00Z,2023-09-25T06:00:00Z,2023-09-25T12:00:00Z,2023-10-25T06:00:00Z,purge_train_validation
5057,2023-07-27T18:00:00Z,2023-09-25T12:00:00Z,2023-09-25T18:00:00Z,2023-10-25T12:00:00Z,purge_train_validation
5058,2023-07-28T00:00:00Z,2023-09-25T18:00:00Z,2023-09-26T00:00:00Z,2023-10-25T18:00:00Z,purge_train_validation
5059,2023-07-28T06:00:00Z,2023-09-26T00:00:00Z,2023-09-26T06:00:00Z,2023-10-26T00:00:00Z,purge_train_validation
5060,2023-07-28T12:00:00Z,2023-09-26T06:00:00Z,2023-09-26T12:00:00Z,2023-10-26T06:00:00Z,purge_train_validation
5061,2023-07-28T18:00:00Z,2023-09-26T12:00:00Z,2023-09-26T18:00:00Z,2023-10-26T12:00:00Z,purge_train_validation
5062,2023-07-29T00:00:00Z,2023-09-26T18:00:00Z,2023-09-27T00:00:00Z,2023-10-26T18:00:00Z,purge_train_validation
5063,2023-07-29T06:00:00Z,2023-09-27T00:00:00Z,2023-09-27T06:00:00Z,2023-10-27T00:00:00Z,purge_train_validation
5064,2023-07-29T12:00:00Z,2023-09-27T06:00:00Z,2023-09-27T12:00:00Z,2023-10-27T06:00:00Z,purge_train_validation
5065,2023-07-29T18:00:00Z,2023-09-27T12:00:00Z,2023-09-27T18:00:00Z,2023-10-27T12:00:00Z,purge_train_validation
5066,2023-07-30T00:00:00Z,2023-09-27T18:00:00Z,2023-09-28T00:00:00Z,2023-10-27T18:00:00Z,purge_train_validation
5067,2023-07-30T06:00:00Z,2023-09-28T00:00:00Z,2023-09-28T06:00:00Z,2023-10-28T00:00:00Z,purge_train_validation
5068,2023-07-30T12:00:00Z,2023-09-28T06:00:00Z,2023-09-28T12:00:00Z,2023-10-28T06:00:00Z,purge_train_validation
5069,2023-07-30T18:00:00Z,2023-09-28T12:00:00Z,2023-09-28T18:00:00Z,2023-10-28T12:00:00Z,purge_train_validation
5070,2023-07-31T00:00:00Z,2023-09-28T18:00:00Z,2023-09-29T00:00:00Z,2023-10-28T18:00:00Z,purge_train_validation
5071,2023-07-31T06:00:00Z,2023-09-29T00:00:00Z,2023-09-29T06:00:00Z,2023-10-29T00:00:00Z,purge_train_validation
5072,2023-07-31T12:00:00Z,2023-09-29T06:00:00Z,2023-09-29T12:00:00Z,2023-10-29T06:00:00Z,purge_train_validation
5073,2023-07-31T18:00:00Z,2023-09-29T12:00:00Z,2023-09-29T18:00:00Z,2023-10-29T12:00:00Z,purge_train_validation
5074,2023-08-01T00:00:00Z,2023-09-29T18:00:00Z,2023-09-30T00:00:00Z,2023-10-29T18:00:00Z,purge_train_validation
5075,2023-08-01T06:00:00Z,2023-09-30T00:00:00Z,2023-09-30T06:00:00Z,2023-10-30T00:00:00Z,purge_train_validation
5076,2023-08-01T12:00:00Z,2023-09-30T06:00:00Z,2023-09-30T12:00:00Z,2023-10-30T06:00:00Z,purge_train_validation
5077,2023-08-01T18:00:00Z,2023-09-30T12:00:00Z,2023-09-30T18:00:00Z,2023-10-30T12:00:00Z,purge_train_validation
5078,2023-08-02T00:00:00Z,2023-09-30T18:00:00Z,2023-10-01T00:00:00Z,2023-10-30T18:00:00Z,validation
5079,2023-08-02T06:00:00Z,2023-10-01T00:00:00Z,2023-10-01T06:00:00Z,2023-10-31T00:00:00Z,validation
5080,2023-08-02T12:00:00Z,2023-10-01T06:00:00Z,2023-10-01T12:00:00Z,2023-10-31T06:00:00Z,validation
5081,2023-08-02T18:00:00Z,2023-10-01T12:00:00Z,2023-10-01T18:00:00Z,2023-10-31T12:00:00Z,validation
5082,2023-08-03T00:00:00Z,2023-10-01T18:00:00Z,2023-10-02T00:00:00Z,2023-10-31T18:00:00Z,validation
5083,2023-08-03T06:00:00Z,2023-10-02T00:00:00Z,2023-10-02T06:00:00Z,2023-11-01T00:00:00Z,validation
5084,2023-08-03T12:00:00Z,2023-10-02T06:00:00Z,2023-10-02T12:00:00Z,2023-11-01T06:00:00Z,validation
5085,2023-08-03T18:00:00Z,2023-10-02T12:00:00Z,2023-10-02T18:00:00Z,2023-11-01T12:00:00Z,validation
5086,2023-08-04T00:00:00Z,2023-10-02T18:00:00Z,2023-10-03T00:00:00Z,2023-11-01T18:00:00Z,validation
5087,2023-08-04T06:00:00Z,2023-10-03T00:00:00Z,2023-10-03T06:00:00Z,2023-11-02T00:00:00Z,validation
5088,2023-08-04T12:00:00Z,2023-10-03T06:00:00Z,2023-10-03T12:00:00Z,2023-11-02T06:00:00Z,validation
5089,2023-08-04T18:00:00Z,2023-10-03T12:00:00Z,2023-10-03T18:00:00Z,2023-11-02T12:00:00Z,validation
5090,2023-08-05T00:00:00Z,2023-10-03T18:00:00Z,2023-10-04T00:00:00Z,2023-11-02T18:00:00Z,validation
5091,2023-08-05T06:00:00Z,2023-10-04T00:00:00Z,2023-10-04T06:00:00Z,2023-11-03T00:00:00Z,validation
5092,2023-08-05T12:00:00Z,2023-10-04T06:00:00Z,2023-10-04T12:00:00Z,2023-11-03T06:00:00Z,validation
5093,2023-08-05T18:00:00Z,2023-10-04T12:00:00Z,2023-10-04T18:00:00Z,2023-11-03T12:00:00Z,validation
5094,2023-08-06T00:00:00Z,2023-10-04T18:00:00Z,2023-10-05T00:00:00Z,2023-11-03T18:00:00Z,validation
5095,2023-08-06T06:00:00Z,2023-10-05T00:00:00Z,2023-10-05T06:00:00Z,2023-11-04T00:00:00Z,validation
5096,2023-08-06T12:00:00Z,2023-10-05T06:00:00Z,2023-10-05T12:00:00Z,2023-11-04T06:00:00Z,validation
5097,2023-08-06T18:00:00Z,2023-10-05T12:00:00Z,2023-10-05T18:00:00Z,2023-11-04T12:00:00Z,validation
5098,2023-08-07T00:00:00Z,2023-10-05T18:00:00Z,2023-10-06T00:00:00Z,2023-11-04T18:00:00Z,validation
5099,2023-08-07T06:00:00Z,2023-10-06T00:00:00Z,2023-10-06T06:00:00Z,2023-11-05T00:00:00Z,validation
5100,2023-08-07T12:00:00Z,2023-10-06T06:00:00Z,2023-10-06T12:00:00Z,2023-11-05T06:00:00Z,validation
5101,2023-08-07T18:00:00Z,2023-10-06T12:00:00Z,2023-10-06T18:00:00Z,2023-11-05T12:00:00Z,validation
5102,2023-08-08T00:00:00Z,2023-10-06T18:00:00Z,2023-10-07T00:00:00Z,2023-11-05T18:00:00Z,validation
5103,2023-08-08T06:00:00Z,2023-10-07T00:00:00Z,2023-10-07T06:00:00Z,2023-11-06T00:00:00Z,validation
5104,2023-08-08T12:00:00Z,2023-10-07T06:00:00Z,2023-10-07T12:00:00Z,2023-11-06T06:00:00Z,validation
5105,2023-08-08T18:00:00Z,2023-10-07T12:00:00Z,2023-10-07T18:00:00Z,2023-11-06T12:00:00Z,validation
5106,2023-08-09T00:00:00Z,2023-10-07T18:00:00Z,2023-10-08T00:00:00Z,2023-11-06T18:00:00Z,validation
5107,2023-08-09T06:00:00Z,2023-10-08T00:00:00Z,2023-10-08T06:00:00Z,2023-11-07T00:00:00Z,validation
5108,2023-08-09T12:00:00Z,2023-10-08T06:00:00Z,2023-10-08T12:00:00Z,2023-11-07T06:00:00Z,validation
5109,2023-08-09T18:00:00Z,2023-10-08T12:00:00Z,2023-10-08T18:00:00Z,2023-11-07T12:00:00Z,validation
5110,2023-08-10T00:00:00Z,2023-10-08T18:00:00Z,2023-10-09T00:00:00Z,2023-11-07T18:00:00Z,validation
5111,2023-08-10T06:00:00Z,2023-10-09T00:00:00Z,2023-10-09T06:00:00Z,2023-11-08T00:00:00Z,validation
5112,2023-08-10T12:00:00Z,2023-10-09T06:00:00Z,2023-10-09T12:00:00Z,2023-11-08T06:00:00Z,validation
5113,2023-08-10T18:00:00Z,2023-10-09T12:00:00Z,2023-10-09T18:00:00Z,2023-11-08T12:00:00Z,validation
5114,2023-08-11T00:00:00Z,2023-10-09T18:00:00Z,2023-10-10T00:00:00Z,2023-11-08T18:00:00Z,validation
5115,2023-08-11T06:00:00Z,2023-10-10T00:00:00Z,2023-10-10T06:00:00Z,2023-11-09T00:00:00Z,validation
5116,2023-08-11T12:00:00Z,2023-10-10T06:00:00Z,2023-10-10T12:00:00Z,2023-11-09T06:00:00Z,validation
5117,2023-08-11T18:00:00Z,2023-10-10T12:00:00Z,2023-10-10T18:00:00Z,2023-11-09T12:00:00Z,validation
5118,2023-08-12T00:00:00Z,2023-10-10T18:00:00Z,2023-10-11T00:00:00Z,2023-11-09T18:00:00Z,validation
5119,2023-08-12T06:00:00Z,2023-10-11T00:00:00Z,2023-10-11T06:00:00Z,2023-11-10T00:00:00Z,validation
5120,2023-08-12T12:00:00Z,2023-10-11T06:00:00Z,2023-10-11T12:00:00Z,2023-11-10T06:00:00Z,validation
5121,2023-08-12T18:00:00Z,2023-10-11T12:00:00Z,2023-10-11T18:00:00Z,2023-11-10T12:00:00Z,validation
5122,2023-08-13T00:00:00Z,2023-10-11T18:00:00Z,2023-10-12T00:00:00Z,2023-11-10T18:00:00Z,validation
5123,2023-08-13T06:00:00Z,2023-10-12T00:00:00Z,2023-10-12T06:00:00Z,2023-11-11T00:00:00Z,validation
5124,2023-08-13T12:00:00Z,2023-10-12T06:00:00Z,2023-10-12T12:00:00Z,2023-11-11T06:00:00Z,validation
5125,2023-08-13T18:00:00Z,2023-10-12T12:00:00Z,2023-10-12T18:00:00Z,2023-11-11T12:00:00Z,validation
5126,2023-08-14T00:00:00Z,2023-10-12T18:00:00Z,2023-10-13T00:00:00Z,2023-11-11T18:00:00Z,validation
5127,2023-08-14T06:00:00Z,2023-10-13T00:00:00Z,2023-10-13T06:00:00Z,2023-11-12T00:00:00Z,validation
5128,2023-08-14T12:00:00Z,2023-10-13T06:00:00Z,2023-10-13T12:00:00Z,2023-11-12T06:00:00Z,validation
5129,2023-08-14T18:00:00Z,2023-10-13T12:00:00Z,2023-10-13T18:00:00Z,2023-11-12T12:00:00Z,validation
5130,2023-08-15T00:00:00Z,2023-10-13T18:00:00Z,2023-10-14T00:00:00Z,2023-11-12T18:00:00Z,validation
5131,2023-08-15T06:00:00Z,2023-10-14T00:00:00Z,2023-10-14T06:00:00Z,2023-11-13T00:00:00Z,validation
5132,2023-08-15T12:00:00Z,2023-10-14T06:00:00Z,2023-10-14T12:00:00Z,2023-11-13T06:00:00Z,validation
5133,2023-08-15T18:00:00Z,2023-10-14T12:00:00Z,2023-10-14T18:00:00Z,2023-11-13T12:00:00Z,validation
5134,2023-08-16T00:00:00Z,2023-10-14T18:00:00Z,2023-10-15T00:00:00Z,2023-11-13T18:00:00Z,validation
5135,2023-08-16T06:00:00Z,2023-10-15T00:00:00Z,2023-10-15T06:00:00Z,2023-11-14T00:00:00Z,validation
5136,2023-08-16T12:00:00Z,2023-10-15T06:00:00Z,2023-10-15T12:00:00Z,2023-11-14T06:00:00Z,validation
5137,2023-08-16T18:00:00Z,2023-10-15T12:00:00Z,2023-10-15T18:00:00Z,2023-11-14T12:00:00Z,validation
5138,2023-08-17T00:00:00Z,2023-10-15T18:00:00Z,2023-10-16T00:00:00Z,2023-11-14T18:00:00Z,validation
5139,2023-08-17T06:00:00Z,2023-10-16T00:00:00Z,2023-10-16T06:00:00Z,2023-11-15T00:00:00Z,validation
5140,2023-08-17T12:00:00Z,2023-10-16T06:00:00Z,2023-10-16T12:00:00Z,2023-11-15T06:00:00Z,validation
5141,2023-08-17T18:00:00Z,2023-10-16T12:00:00Z,2023-10-16T18:00:00Z,2023-11-15T12:00:00Z,validation
5142,2023-08-18T00:00:00Z,2023-10-16T18:00:00Z,2023-10-17T00:00:00Z,2023-11-15T18:00:00Z,validation
5143,2023-08-18T06:00:00Z,2023-10-17T00:00:00Z,2023-10-17T06:00:00Z,2023-11-16T00:00:00Z,validation
5144,2023-08-18T12:00:00Z,2023-10-17T06:00:00Z,2023-10-17T12:00:00Z,2023-11-16T06:00:00Z,validation
5145,2023-08-18T18:00:00Z,2023-10-17T12:00:00Z,2023-10-17T18:00:00Z,2023-11-16T12:00:00Z,validation
5146,2023-08-19T00:00:00Z,2023-10-17T18:00:00Z,2023-10-18T00:00:00Z,2023-11-16T18:00:00Z,validation
5147,2023-08-19T06:00:00Z,2023-10-18T00:00:00Z,2023-10-18T06:00:00Z,2023-11-17T00:00:00Z,validation
5148,2023-08-19T12:00:00Z,2023-10-18T06:00:00Z,2023-10-18T12:00:00Z,2023-11-17T06:00:00Z,validation
5149,2023-08-19T18:00:00Z,2023-10-18T12:00:00Z,2023-10-18T18:00:00Z,2023-11-17T12:00:00Z,validation
5150,2023-08-20T00:00:00Z,2023-10-18T18:00:00Z,2023-10-19T00:00:00Z,2023-11-17T18:00:00Z,validation
5151,2023-08-20T06:00:00Z,2023-10-19T00:00:00Z,2023-10-19T06:00:00Z,2023-11-18T00:00:00Z,validation
5152,2023-08-20T12:00:00Z,2023-10-19T06:00:00Z,2023-10-19T12:00:00Z,2023-11-18T06:00:00Z,validation
5153,2023-08-20T18:00:00Z,2023-10-19T12:00:00Z,2023-10-19T18:00:00Z,2023-11-18T12:00:00Z,validation
5154,2023-08-21T00:00:00Z,2023-10-19T18:00:00Z,2023-10-20T00:00:00Z,2023-11-18T18:00:00Z,validation
5155,2023-08-21T06:00:00Z,2023-10-20T00:00:00Z,2023-10-20T06:00:00Z,2023-11-19T00:00:00Z,validation
5156,2023-08-21T12:00:00Z,2023-10-20T06:00:00Z,2023-10-20T12:00:00Z,2023-11-19T06:00:00Z,validation
5157,2023-08-21T18:00:00Z,2023-10-20T12:00:00Z,2023-10-20T18:00:00Z,2023-11-19T12:00:00Z,validation
5158,2023-08-22T00:00:00Z,2023-10-20T18:00:00Z,2023-10-21T00:00:00Z,2023-11-19T18:00:00Z,validation
5159,2023-08-22T06:00:00Z,2023-10-21T00:00:00Z,2023-10-21T06:00:00Z,2023-11-20T00:00:00Z,validation
5160,2023-08-22T12:00:00Z,2023-10-21T06:00:00Z,2023-10-21T12:00:00Z,2023-11-20T06:00:00Z,validation
5161,2023-08-22T18:00:00Z,2023-10-21T12:00:00Z,2023-10-21T18:00:00Z,2023-11-20T12:00:00Z,validation
5162,2023-08-23T00:00:00Z,2023-10-21T18:00:00Z,2023-10-22T00:00:00Z,2023-11-20T18:00:00Z,validation
5163,2023-08-23T06:00:00Z,2023-10-22T00:00:00Z,2023-10-22T06:00:00Z,2023-11-21T00:00:00Z,validation
5164,2023-08-23T12:00:00Z,2023-10-22T06:00:00Z,2023-10-22T12:00:00Z,2023-11-21T06:00:00Z,validation
5165,2023-08-23T18:00:00Z,2023-10-22T12:00:00Z,2023-10-22T18:00:00Z,2023-11-21T12:00:00Z,validation
5166,2023-08-24T00:00:00Z,2023-10-22T18:00:00Z,2023-10-23T00:00:00Z,2023-11-21T18:00:00Z,validation
5167,2023-08-24T06:00:00Z,2023-10-23T00:00:00Z,2023-10-23T06:00:00Z,2023-11-22T00:00:00Z,validation
5168,2023-08-24T12:00:00Z,2023-10-23T06:00:00Z,2023-10-23T12:00:00Z,2023-11-22T06:00:00Z,validation
5169,2023-08-24T18:00:00Z,2023-10-23T12:00:00Z,2023-10-23T18:00:00Z,2023-11-22T12:00:00Z,validation
5170,2023-08-25T00:00:00Z,2023-10-23T18:00:00Z,2023-10-24T00:00:00Z,2023-11-22T18:00:00Z,validation
5171,2023-08-25T06:00:00Z,2023-10-24T00:00:00Z,2023-10-24T06:00:00Z,2023-11-23T00:00:00Z,validation
5172,2023-08-25T12:00:00Z,2023-10-24T06:00:00Z,2023-10-24T12:00:00Z,2023-11-23T06:00:00Z,validation
5173,2023-08-25T18:00:00Z,2023-10-24T12:00:00Z,2023-10-24T18:00:00Z,2023-11-23T12:00:00Z,validation
5174,2023-08-26T00:00:00Z,2023-10-24T18:00:00Z,2023-10-25T00:00:00Z,2023-11-23T18:00:00Z,validation
5175,2023-08-26T06:00:00Z,2023-10-25T00:00:00Z,2023-10-25T06:00:00Z,2023-11-24T00:00:00Z,validation
5176,2023-08-26T12:00:00Z,2023-10-25T06:00:00Z,2023-10-25T12:00:00Z,2023-11-24T06:00:00Z,validation
5177,2023-08-26T18:00:00Z,2023-10-25T12:00:00Z,2023-10-25T18:00:00Z,2023-11-24T12:00:00Z,validation
5178,2023-08-27T00:00:00Z,2023-10-25T18:00:00Z,2023-10-26T00:00:00Z,2023-11-24T18:00:00Z,validation
5179,2023-08-27T06:00:00Z,2023-10-26T00:00:00Z,2023-10-26T06:00:00Z,2023-11-25T00:00:00Z,validation
5180,2023-08-27T12:00:00Z,2023-10-26T06:00:00Z,2023-10-26T12:00:00Z,2023-11-25T06:00:00Z,validation
5181,2023-08-27T18:00:00Z,2023-10-26T12:00:00Z,2023-10-26T18:00:00Z,2023-11-25T12:00:00Z,validation
5182,2023-08-28T00:00:00Z,2023-10-26T18:00:00Z,2023-10-27T00:00:00Z,2023-11-25T18:00:00Z,validation
5183,2023-08-28T06:00:00Z,2023-10-27T00:00:00Z,2023-10-27T06:00:00Z,2023-11-26T00:00:00Z,validation
5184,2023-08-28T12:00:00Z,2023-10-27T06:00:00Z,2023-10-27T12:00:00Z,2023-11-26T06:00:00Z,validation
5185,2023-08-28T18:00:00Z,2023-10-27T12:00:00Z,2023-10-27T18:00:00Z,2023-11-26T12:00:00Z,validation
5186,2023-08-29T00:00:00Z,2023-10-27T18:00:00Z,2023-10-28T00:00:00Z,2023-11-26T18:00:00Z,validation
5187,2023-08-29T06:00:00Z,2023-10-28T00:00:00Z,2023-10-28T06:00:00Z,2023-11-27T00:00:00Z,validation
5188,2023-08-29T12:00:00Z,2023-10-28T06:00:00Z,2023-10-28T12:00:00Z,2023-11-27T06:00:00Z,validation
5189,2023-08-29T18:00:00Z,2023-10-28T12:00:00Z,2023-10-28T18:00:00Z,2023-11-27T12:00:00Z,validation
5190,2023-08-30T00:00:00Z,2023-10-28T18:00:00Z,2023-10-29T00:00:00Z,2023-11-27T18:00:00Z,validation
5191,2023-08-30T06:00:00Z,2023-10-29T00:00:00Z,2023-10-29T06:00:00Z,2023-11-28T00:00:00Z,validation
5192,2023-08-30T12:00:00Z,2023-10-29T06:00:00Z,2023-10-29T12:00:00Z,2023-11-28T06:00:00Z,validation
5193,2023-08-30T18:00:00Z,2023-10-29T12:00:00Z,2023-10-29T18:00:00Z,2023-11-28T12:00:00Z,validation
5194,2023-08-31T00:00:00Z,2023-10-29T18:00:00Z,2023-10-30T00:00:00Z,2023-11-28T18:00:00Z,validation
5195,2023-08-31T06:00:00Z,2023-10-30T00:00:00Z,2023-10-30T06:00:00Z,2023-11-29T00:00:00Z,validation
5196,2023-08-31T12:00:00Z,2023-10-30T06:00:00Z,2023-10-30T12:00:00Z,2023-11-29T06:00:00Z,validation
5197,2023-08-31T18:00:00Z,2023-10-30T12:00:00Z,2023-10-30T18:00:00Z,2023-11-29T12:00:00Z,validation
5198,2023-09-01T00:00:00Z,2023-10-30T18:00:00Z,2023-10-31T00:00:00Z,2023-11-29T18:00:00Z,validation
5199,2023-09-01T06:00:00Z,2023-10-31T00:00:00Z,2023-10-31T06:00:00Z,2023-11-30T00:00:00Z,validation
5200,2023-09-01T12:00:00Z,2023-10-31T06:00:00Z,2023-10-31T12:00:00Z,2023-11-30T06:00:00Z,validation
5201,2023-09-01T18:00:00Z,2023-10-31T12:00:00Z,2023-10-31T18:00:00Z,2023-11-30T12:00:00Z,validation
5202,2023-09-02T00:00:00Z,2023-10-31T18:00:00Z,2023-11-01T00:00:00Z,2023-11-30T18:00:00Z,validation
5203,2023-09-02T06:00:00Z,2023-11-01T00:00:00Z,2023-11-01T06:00:00Z,2023-12-01T00:00:00Z,validation
5204,2023-09-02T12:00:00Z,2023-11-01T06:00:00Z,2023-11-01T12:00:00Z,2023-12-01T06:00:00Z,validation
5205,2023-09-02T18:00:00Z,2023-11-01T12:00:00Z,2023-11-01T18:00:00Z,2023-12-01T12:00:00Z,validation
5206,2023-09-03T00:00:00Z,2023-11-01T18:00:00Z,2023-11-02T00:00:00Z,2023-12-01T18:00:00Z,validation
5207,2023-09-03T06:00:00Z,2023-11-02T00:00:00Z,2023-11-02T06:00:00Z,2023-12-02T00:00:00Z,validation
5208,2023-09-03T12:00:00Z,2023-11-02T06:00:00Z,2023-11-02T12:00:00Z,2023-12-02T06:00:00Z,validation
5209,2023-09-03T18:00:00Z,2023-11-02T12:00:00Z,2023-11-02T18:00:00Z,2023-12-02T12:00:00Z,validation
5210,2023-09-04T00:00:00Z,2023-11-02T18:00:00Z,2023-11-03T00:00:00Z,2023-12-02T18:00:00Z,validation
5211,2023-09-04T06:00:00Z,2023-11-03T00:00:00Z,2023-11-03T06:00:00Z,2023-12-03T00:00:00Z,validation
5212,2023-09-04T12:00:00Z,2023-11-03T06:00:00Z,2023-11-03T12:00:00Z,2023-12-03T06:00:00Z,validation
5213,2023-09-04T18:00:00Z,2023-11-03T12:00:00Z,2023-11-03T18:00:00Z,2023-12-03T12:00:00Z,validation
5214,2023-09-05T00:00:00Z,2023-11-03T18:00:00Z,2023-11-04T00:00:00Z,2023-12-03T18:00:00Z,validation
5215,2023-09-05T06:00:00Z,2023-11-04T00:00:00Z,2023-11-04T06:00:00Z,2023-12-04T00:00:00Z,validation
5216,2023-09-05T12:00:00Z,2023-11-04T06:00:00Z,2023-11-04T12:00:00Z,2023-12-04T06:00:00Z,validation
5217,2023-09-05T18:00:00Z,2023-11-04T12:00:00Z,2023-11-04T18:00:00Z,2023-12-04T12:00:00Z,validation
5218,2023-09-06T00:00:00Z,2023-11-04T18:00:00Z,2023-11-05T00:00:00Z,2023-12-04T18:00:00Z,validation
5219,2023-09-06T06:00:00Z,2023-11-05T00:00:00Z,2023-11-05T06:00:00Z,2023-12-05T00:00:00Z,validation
5220,2023-09-06T12:00:00Z,2023-11-05T06:00:00Z,2023-11-05T12:00:00Z,2023-12-05T06:00:00Z,validation
5221,2023-09-06T18:00:00Z,2023-11-05T12:00:00Z,2023-11-05T18:00:00Z,2023-12-05T12:00:00Z,validation
5222,2023-09-07T00:00:00Z,2023-11-05T18:00:00Z,2023-11-06T00:00:00Z,2023-12-05T18:00:00Z,validation
5223,2023-09-07T06:00:00Z,2023-11-06T00:00:00Z,2023-11-06T06:00:00Z,2023-12-06T00:00:00Z,validation
5224,2023-09-07T12:00:00Z,2023-11-06T06:00:00Z,2023-11-06T12:00:00Z,2023-12-06T06:00:00Z,validation
5225,2023-09-07T18:00:00Z,2023-11-06T12:00:00Z,2023-11-06T18:00:00Z,2023-12-06T12:00:00Z,validation
5226,2023-09-08T00:00:00Z,2023-11-06T18:00:00Z,2023-11-07T00:00:00Z,2023-12-06T18:00:00Z,validation
5227,2023-09-08T06:00:00Z,2023-11-07T00:00:00Z,2023-11-07T06:00:00Z,2023-12-07T00:00:00Z,validation
5228,2023-09-08T12:00:00Z,2023-11-07T06:00:00Z,2023-11-07T12:00:00Z,2023-12-07T06:00:00Z,validation
5229,2023-09-08T18:00:00Z,2023-11-07T12:00:00Z,2023-11-07T18:00:00Z,2023-12-07T12:00:00Z,validation
5230,2023-09-09T00:00:00Z,2023-11-07T18:00:00Z,2023-11-08T00:00:00Z,2023-12-07T18:00:00Z,validation
5231,2023-09-09T06:00:00Z,2023-11-08T00:00:00Z,2023-11-08T06:00:00Z,2023-12-08T00:00:00Z,validation
5232,2023-09-09T12:00:00Z,2023-11-08T06:00:00Z,2023-11-08T12:00:00Z,2023-12-08T06:00:00Z,validation
5233,2023-09-09T18:00:00Z,2023-11-08T12:00:00Z,2023-11-08T18:00:00Z,2023-12-08T12:00:00Z,validation
5234,2023-09-10T00:00:00Z,2023-11-08T18:00:00Z,2023-11-09T00:00:00Z,2023-12-08T18:00:00Z,validation
5235,2023-09-10T06:00:00Z,2023-11-09T00:00:00Z,2023-11-09T06:00:00Z,2023-12-09T00:00:00Z,validation
5236,2023-09-10T12:00:00Z,2023-11-09T06:00:00Z,2023-11-09T12:00:00Z,2023-12-09T06:00:00Z,validation
5237,2023-09-10T18:00:00Z,2023-11-09T12:00:00Z,2023-11-09T18:00:00Z,2023-12-09T12:00:00Z,validation
5238,2023-09-11T00:00:00Z,2023-11-09T18:00:00Z,2023-11-10T00:00:00Z,2023-12-09T18:00:00Z,validation
5239,2023-09-11T06:00:00Z,2023-11-10T00:00:00Z,2023-11-10T06:00:00Z,2023-12-10T00:00:00Z,validation
5240,2023-09-11T12:00:00Z,2023-11-10T06:00:00Z,2023-11-10T12:00:00Z,2023-12-10T06:00:00Z,validation
5241,2023-09-11T18:00:00Z,2023-11-10T12:00:00Z,2023-11-10T18:00:00Z,2023-12-10T12:00:00Z,validation
5242,2023-09-12T00:00:00Z,2023-11-10T18:00:00Z,2023-11-11T00:00:00Z,2023-12-10T18:00:00Z,validation
5243,2023-09-12T06:00:00Z,2023-11-11T00:00:00Z,2023-11-11T06:00:00Z,2023-12-11T00:00:00Z,validation
5244,2023-09-12T12:00:00Z,2023-11-11T06:00:00Z,2023-11-11T12:00:00Z,2023-12-11T06:00:00Z,validation
5245,2023-09-12T18:00:00Z,2023-11-11T12:00:00Z,2023-11-11T18:00:00Z,2023-12-11T12:00:00Z,validation
5246,2023-09-13T00:00:00Z,2023-11-11T18:00:00Z,2023-11-12T00:00:00Z,2023-12-11T18:00:00Z,validation
5247,2023-09-13T06:00:00Z,2023-11-12T00:00:00Z,2023-11-12T06:00:00Z,2023-12-12T00:00:00Z,validation
5248,2023-09-13T12:00:00Z,2023-11-12T06:00:00Z,2023-11-12T12:00:00Z,2023-12-12T06:00:00Z,validation
5249,2023-09-13T18:00:00Z,2023-11-12T12:00:00Z,2023-11-12T18:00:00Z,2023-12-12T12:00:00Z,validation
5250,2023-09-14T00:00:00Z,2023-11-12T18:00:00Z,2023-11-13T00:00:00Z,2023-12-12T18:00:00Z,validation
5251,2023-09-14T06:00:00Z,2023-11-13T00:00:00Z,2023-11-13T06:00:00Z,2023-12-13T00:00:00Z,validation
5252,2023-09-14T12:00:00Z,2023-11-13T06:00:00Z,2023-11-13T12:00:00Z,2023-12-13T06:00:00Z,validation
5253,2023-09-14T18:00:00Z,2023-11-13T12:00:00Z,2023-11-13T18:00:00Z,2023-12-13T12:00:00Z,validation
5254,2023-09-15T00:00:00Z,2023-11-13T18:00:00Z,2023-11-14T00:00:00Z,2023-12-13T18:00:00Z,validation
5255,2023-09-15T06:00:00Z,2023-11-14T00:00:00Z,2023-11-14T06:00:00Z,2023-12-14T00:00:00Z,validation
5256,2023-09-15T12:00:00Z,2023-11-14T06:00:00Z,2023-11-14T12:00:00Z,2023-12-14T06:00:00Z,validation
5257,2023-09-15T18:00:00Z,2023-11-14T12:00:00Z,2023-11-14T18:00:00Z,2023-12-14T12:00:00Z,validation
5258,2023-09-16T00:00:00Z,2023-11-14T18:00:00Z,2023-11-15T00:00:00Z,2023-12-14T18:00:00Z,validation
5259,2023-09-16T06:00:00Z,2023-11-15T00:00:00Z,2023-11-15T06:00:00Z,2023-12-15T00:00:00Z,validation
5260,2023-09-16T12:00:00Z,2023-11-15T06:00:00Z,2023-11-15T12:00:00Z,2023-12-15T06:00:00Z,validation
5261,2023-09-16T18:00:00Z,2023-11-15T12:00:00Z,2023-11-15T18:00:00Z,2023-12-15T12:00:00Z,validation
5262,2023-09-17T00:00:00Z,2023-11-15T18:00:00Z,2023-11-16T00:00:00Z,2023-12-15T18:00:00Z,validation
5263,2023-09-17T06:00:00Z,2023-11-16T00:00:00Z,2023-11-16T06:00:00Z,2023-12-16T00:00:00Z,validation
5264,2023-09-17T12:00:00Z,2023-11-16T06:00:00Z,2023-11-16T12:00:00Z,2023-12-16T06:00:00Z,validation
5265,2023-09-17T18:00:00Z,2023-11-16T12:00:00Z,2023-11-16T18:00:00Z,2023-12-16T12:00:00Z,validation
5266,2023-09-18T00:00:00Z,2023-11-16T18:00:00Z,2023-11-17T00:00:00Z,2023-12-16T18:00:00Z,validation
5267,2023-09-18T06:00:00Z,2023-11-17T00:00:00Z,2023-11-17T06:00:00Z,2023-12-17T00:00:00Z,validation
5268,2023-09-18T12:00:00Z,2023-11-17T06:00:00Z,2023-11-17T12:00:00Z,2023-12-17T06:00:00Z,validation
5269,2023-09-18T18:00:00Z,2023-11-17T12:00:00Z,2023-11-17T18:00:00Z,2023-12-17T12:00:00Z,validation
5270,2023-09-19T00:00:00Z,2023-11-17T18:00:00Z,2023-11-18T00:00:00Z,2023-12-17T18:00:00Z,validation
5271,2023-09-19T06:00:00Z,2023-11-18T00:00:00Z,2023-11-18T06:00:00Z,2023-12-18T00:00:00Z,validation
5272,2023-09-19T12:00:00Z,2023-11-18T06:00:00Z,2023-11-18T12:00:00Z,2023-12-18T06:00:00Z,validation
5273,2023-09-19T18:00:00Z,2023-11-18T12:00:00Z,2023-11-18T18:00:00Z,2023-12-18T12:00:00Z,validation
5274,2023-09-20T00:00:00Z,2023-11-18T18:00:00Z,2023-11-19T00:00:00Z,2023-12-18T18:00:00Z,validation
5275,2023-09-20T06:00:00Z,2023-11-19T00:00:00Z,2023-11-19T06:00:00Z,2023-12-19T00:00:00Z,validation
5276,2023-09-20T12:00:00Z,2023-11-19T06:00:00Z,2023-11-19T12:00:00Z,2023-12-19T06:00:00Z,validation
5277,2023-09-20T18:00:00Z,2023-11-19T12:00:00Z,2023-11-19T18:00:00Z,2023-12-19T12:00:00Z,validation
5278,2023-09-21T00:00:00Z,2023-11-19T18:00:00Z,2023-11-20T00:00:00Z,2023-12-19T18:00:00Z,validation
5279,2023-09-21T06:00:00Z,2023-11-20T00:00:00Z,2023-11-20T06:00:00Z,2023-12-20T00:00:00Z,validation
5280,2023-09-21T12:00:00Z,2023-11-20T06:00:00Z,2023-11-20T12:00:00Z,2023-12-20T06:00:00Z,validation
5281,2023-09-21T18:00:00Z,2023-11-20T12:00:00Z,2023-11-20T18:00:00Z,2023-12-20T12:00:00Z,validation
5282,2023-09-22T00:00:00Z,2023-11-20T18:00:00Z,2023-11-21T00:00:00Z,2023-12-20T18:00:00Z,validation
5283,2023-09-22T06:00:00Z,2023-11-21T00:00:00Z,2023-11-21T06:00:00Z,2023-12-21T00:00:00Z,validation
5284,2023-09-22T12:00:00Z,2023-11-21T06:00:00Z,2023-11-21T12:00:00Z,2023-12-21T06:00:00Z,validation
5285,2023-09-22T18:00:00Z,2023-11-21T12:00:00Z,2023-11-21T18:00:00Z,2023-12-21T12:00:00Z,validation
5286,2023-09-23T00:00:00Z,2023-11-21T18:00:00Z,2023-11-22T00:00:00Z,2023-12-21T18:00:00Z,validation
5287,2023-09-23T06:00:00Z,2023-11-22T00:00:00Z,2023-11-22T06:00:00Z,2023-12-22T00:00:00Z,validation
5288,2023-09-23T12:00:00Z,2023-11-22T06:00:00Z,2023-11-22T12:00:00Z,2023-12-22T06:00:00Z,validation
5289,2023-09-23T18:00:00Z,2023-11-22T12:00:00Z,2023-11-22T18:00:00Z,2023-12-22T12:00:00Z,validation
5290,2023-09-24T00:00:00Z,2023-11-22T18:00:00Z,2023-11-23T00:00:00Z,2023-12-22T18:00:00Z,validation
5291,2023-09-24T06:00:00Z,2023-11-23T00:00:00Z,2023-11-23T06:00:00Z,2023-12-23T00:00:00Z,validation
5292,2023-09-24T12:00:00Z,2023-11-23T06:00:00Z,2023-11-23T12:00:00Z,2023-12-23T06:00:00Z,validation
5293,2023-09-24T18:00:00Z,2023-11-23T12:00:00Z,2023-11-23T18:00:00Z,2023-12-23T12:00:00Z,validation
5294,2023-09-25T00:00:00Z,2023-11-23T18:00:00Z,2023-11-24T00:00:00Z,2023-12-23T18:00:00Z,validation
5295,2023-09-25T06:00:00Z,2023-11-24T00:00:00Z,2023-11-24T06:00:00Z,2023-12-24T00:00:00Z,validation
5296,2023-09-25T12:00:00Z,2023-11-24T06:00:00Z,2023-11-24T12:00:00Z,2023-12-24T06:00:00Z,validation
5297,2023-09-25T18:00:00Z,2023-11-24T12:00:00Z,2023-11-24T18:00:00Z,2023-12-24T12:00:00Z,validation
5298,2023-09-26T00:00:00Z,2023-11-24T18:00:00Z,2023-11-25T00:00:00Z,2023-12-24T18:00:00Z,validation
5299,2023-09-26T06:00:00Z,2023-11-25T00:00:00Z,2023-11-25T06:00:00Z,2023-12-25T00:00:00Z,validation
5300,2023-09-26T12:00:00Z,2023-11-25T06:00:00Z,2023-11-25T12:00:00Z,2023-12-25T06:00:00Z,validation
5301,2023-09-26T18:00:00Z,2023-11-25T12:00:00Z,2023-11-25T18:00:00Z,2023-12-25T12:00:00Z,validation
5302,2023-09-27T00:00:00Z,2023-11-25T18:00:00Z,2023-11-26T00:00:00Z,2023-12-25T18:00:00Z,validation
5303,2023-09-27T06:00:00Z,2023-11-26T00:00:00Z,2023-11-26T06:00:00Z,2023-12-26T00:00:00Z,validation
5304,2023-09-27T12:00:00Z,2023-11-26T06:00:00Z,2023-11-26T12:00:00Z,2023-12-26T06:00:00Z,validation
5305,2023-09-27T18:00:00Z,2023-11-26T12:00:00Z,2023-11-26T18:00:00Z,2023-12-26T12:00:00Z,validation
5306,2023-09-28T00:00:00Z,2023-11-26T18:00:00Z,2023-11-27T00:00:00Z,2023-12-26T18:00:00Z,validation
5307,2023-09-28T06:00:00Z,2023-11-27T00:00:00Z,2023-11-27T06:00:00Z,2023-12-27T00:00:00Z,validation
5308,2023-09-28T12:00:00Z,2023-11-27T06:00:00Z,2023-11-27T12:00:00Z,2023-12-27T06:00:00Z,validation
5309,2023-09-28T18:00:00Z,2023-11-27T12:00:00Z,2023-11-27T18:00:00Z,2023-12-27T12:00:00Z,validation
5310,2023-09-29T00:00:00Z,2023-11-27T18:00:00Z,2023-11-28T00:00:00Z,2023-12-27T18:00:00Z,validation
5311,2023-09-29T06:00:00Z,2023-11-28T00:00:00Z,2023-11-28T06:00:00Z,2023-12-28T00:00:00Z,validation
5312,2023-09-29T12:00:00Z,2023-11-28T06:00:00Z,2023-11-28T12:00:00Z,2023-12-28T06:00:00Z,validation
5313,2023-09-29T18:00:00Z,2023-11-28T12:00:00Z,2023-11-28T18:00:00Z,2023-12-28T12:00:00Z,validation
5314,2023-09-30T00:00:00Z,2023-11-28T18:00:00Z,2023-11-29T00:00:00Z,2023-12-28T18:00:00Z,validation
5315,2023-09-30T06:00:00Z,2023-11-29T00:00:00Z,2023-11-29T06:00:00Z,2023-12-29T00:00:00Z,validation
5316,2023-09-30T12:00:00Z,2023-11-29T06:00:00Z,2023-11-29T12:00:00Z,2023-12-29T06:00:00Z,validation
5317,2023-09-30T18:00:00Z,2023-11-29T12:00:00Z,2023-11-29T18:00:00Z,2023-12-29T12:00:00Z,validation
5318,2023-10-01T00:00:00Z,2023-11-29T18:00:00Z,2023-11-30T00:00:00Z,2023-12-29T18:00:00Z,validation
5319,2023-10-01T06:00:00Z,2023-11-30T00:00:00Z,2023-11-30T06:00:00Z,2023-12-30T00:00:00Z,validation
5320,2023-10-01T12:00:00Z,2023-11-30T06:00:00Z,2023-11-30T12:00:00Z,2023-12-30T06:00:00Z,validation
5321,2023-10-01T18:00:00Z,2023-11-30T12:00:00Z,2023-11-30T18:00:00Z,2023-12-30T12:00:00Z,validation
5322,2023-10-02T00:00:00Z,2023-11-30T18:00:00Z,2023-12-01T00:00:00Z,2023-12-30T18:00:00Z,validation
5323,2023-10-02T06:00:00Z,2023-12-01T00:00:00Z,2023-12-01T06:00:00Z,2023-12-31T00:00:00Z,validation
5324,2023-10-02T12:00:00Z,2023-12-01T06:00:00Z,2023-12-01T12:00:00Z,2023-12-31T06:00:00Z,validation
5325,2023-10-02T18:00:00Z,2023-12-01T12:00:00Z,2023-12-01T18:00:00Z,2023-12-31T12:00:00Z,validation
5326,2023-10-03T00:00:00Z,2023-12-01T18:00:00Z,2023-12-02T00:00:00Z,2023-12-31T18:00:00Z,validation
5327,2023-10-03T06:00:00Z,2023-12-02T00:00:00Z,2023-12-02T06:00:00Z,2024-01-01T00:00:00Z,validation
5328,2023-10-03T12:00:00Z,2023-12-02T06:00:00Z,2023-12-02T12:00:00Z,2024-01-01T06:00:00Z,validation
5329,2023-10-03T18:00:00Z,2023-12-02T12:00:00Z,2023-12-02T18:00:00Z,2024-01-01T12:00:00Z,validation
5330,2023-10-04T00:00:00Z,2023-12-02T18:00:00Z,2023-12-03T00:00:00Z,2024-01-01T18:00:00Z,validation
5331,2023-10-04T06:00:00Z,2023-12-03T00:00:00Z,2023-12-03T06:00:00Z,2024-01-02T00:00:00Z,validation
5332,2023-10-04T12:00:00Z,2023-12-03T06:00:00Z,2023-12-03T12:00:00Z,2024-01-02T06:00:00Z,validation
5333,2023-10-04T18:00:00Z,2023-12-03T12:00:00Z,2023-12-03T18:00:00Z,2024-01-02T12:00:00Z,validation
5334,2023-10-05T00:00:00Z,2023-12-03T18:00:00Z,2023-12-04T00:00:00Z,2024-01-02T18:00:00Z,validation
5335,2023-10-05T06:00:00Z,2023-12-04T00:00:00Z,2023-12-04T06:00:00Z,2024-01-03T00:00:00Z,validation
5336,2023-10-05T12:00:00Z,2023-12-04T06:00:00Z,2023-12-04T12:00:00Z,2024-01-03T06:00:00Z,validation
5337,2023-10-05T18:00:00Z,2023-12-04T12:00:00Z,2023-12-04T18:00:00Z,2024-01-03T12:00:00Z,validation
5338,2023-10-06T00:00:00Z,2023-12-04T18:00:00Z,2023-12-05T00:00:00Z,2024-01-03T18:00:00Z,validation
5339,2023-10-06T06:00:00Z,2023-12-05T00:00:00Z,2023-12-05T06:00:00Z,2024-01-04T00:00:00Z,validation
5340,2023-10-06T12:00:00Z,2023-12-05T06:00:00Z,2023-12-05T12:00:00Z,2024-01-04T06:00:00Z,validation
5341,2023-10-06T18:00:00Z,2023-12-05T12:00:00Z,2023-12-05T18:00:00Z,2024-01-04T12:00:00Z,validation
5342,2023-10-07T00:00:00Z,2023-12-05T18:00:00Z,2023-12-06T00:00:00Z,2024-01-04T18:00:00Z,validation
5343,2023-10-07T06:00:00Z,2023-12-06T00:00:00Z,2023-12-06T06:00:00Z,2024-01-05T00:00:00Z,validation
5344,2023-10-07T12:00:00Z,2023-12-06T06:00:00Z,2023-12-06T12:00:00Z,2024-01-05T06:00:00Z,validation
5345,2023-10-07T18:00:00Z,2023-12-06T12:00:00Z,2023-12-06T18:00:00Z,2024-01-05T12:00:00Z,validation
5346,2023-10-08T00:00:00Z,2023-12-06T18:00:00Z,2023-12-07T00:00:00Z,2024-01-05T18:00:00Z,validation
5347,2023-10-08T06:00:00Z,2023-12-07T00:00:00Z,2023-12-07T06:00:00Z,2024-01-06T00:00:00Z,validation
5348,2023-10-08T12:00:00Z,2023-12-07T06:00:00Z,2023-12-07T12:00:00Z,2024-01-06T06:00:00Z,validation
5349,2023-10-08T18:00:00Z,2023-12-07T12:00:00Z,2023-12-07T18:00:00Z,2024-01-06T12:00:00Z,validation
5350,2023-10-09T00:00:00Z,2023-12-07T18:00:00Z,2023-12-08T00:00:00Z,2024-01-06T18:00:00Z,validation
5351,2023-10-09T06:00:00Z,2023-12-08T00:00:00Z,2023-12-08T06:00:00Z,2024-01-07T00:00:00Z,validation
5352,2023-10-09T12:00:00Z,2023-12-08T06:00:00Z,2023-12-08T12:00:00Z,2024-01-07T06:00:00Z,validation
5353,2023-10-09T18:00:00Z,2023-12-08T12:00:00Z,2023-12-08T18:00:00Z,2024-01-07T12:00:00Z,validation
5354,2023-10-10T00:00:00Z,2023-12-08T18:00:00Z,2023-12-09T00:00:00Z,2024-01-07T18:00:00Z,validation
5355,2023-10-10T06:00:00Z,2023-12-09T00:00:00Z,2023-12-09T06:00:00Z,2024-01-08T00:00:00Z,validation
5356,2023-10-10T12:00:00Z,2023-12-09T06:00:00Z,2023-12-09T12:00:00Z,2024-01-08T06:00:00Z,validation
5357,2023-10-10T18:00:00Z,2023-12-09T12:00:00Z,2023-12-09T18:00:00Z,2024-01-08T12:00:00Z,validation
5358,2023-10-11T00:00:00Z,2023-12-09T18:00:00Z,2023-12-10T00:00:00Z,2024-01-08T18:00:00Z,validation
5359,2023-10-11T06:00:00Z,2023-12-10T00:00:00Z,2023-12-10T06:00:00Z,2024-01-09T00:00:00Z,validation
5360,2023-10-11T12:00:00Z,2023-12-10T06:00:00Z,2023-12-10T12:00:00Z,2024-01-09T06:00:00Z,validation
5361,2023-10-11T18:00:00Z,2023-12-10T12:00:00Z,2023-12-10T18:00:00Z,2024-01-09T12:00:00Z,validation
5362,2023-10-12T00:00:00Z,2023-12-10T18:00:00Z,2023-12-11T00:00:00Z,2024-01-09T18:00:00Z,validation
5363,2023-10-12T06:00:00Z,2023-12-11T00:00:00Z,2023-12-11T06:00:00Z,2024-01-10T00:00:00Z,validation
5364,2023-10-12T12:00:00Z,2023-12-11T06:00:00Z,2023-12-11T12:00:00Z,2024-01-10T06:00:00Z,validation
5365,2023-10-12T18:00:00Z,2023-12-11T12:00:00Z,2023-12-11T18:00:00Z,2024-01-10T12:00:00Z,validation
5366,2023-10-13T00:00:00Z,2023-12-11T18:00:00Z,2023-12-12T00:00:00Z,2024-01-10T18:00:00Z,validation
5367,2023-10-13T06:00:00Z,2023-12-12T00:00:00Z,2023-12-12T06:00:00Z,2024-01-11T00:00:00Z,validation
5368,2023-10-13T12:00:00Z,2023-12-12T06:00:00Z,2023-12-12T12:00:00Z,2024-01-11T06:00:00Z,validation
5369,2023-10-13T18:00:00Z,2023-12-12T12:00:00Z,2023-12-12T18:00:00Z,2024-01-11T12:00:00Z,validation
5370,2023-10-14T00:00:00Z,2023-12-12T18:00:00Z,2023-12-13T00:00:00Z,2024-01-11T18:00:00Z,validation
5371,2023-10-14T06:00:00Z,2023-12-13T00:00:00Z,2023-12-13T06:00:00Z,2024-01-12T00:00:00Z,validation
5372,2023-10-14T12:00:00Z,2023-12-13T06:00:00Z,2023-12-13T12:00:00Z,2024-01-12T06:00:00Z,validation
5373,2023-10-14T18:00:00Z,2023-12-13T12:00:00Z,2023-12-13T18:00:00Z,2024-01-12T12:00:00Z,validation
5374,2023-10-15T00:00:00Z,2023-12-13T18:00:00Z,2023-12-14T00:00:00Z,2024-01-12T18:00:00Z,validation
5375,2023-10-15T06:00:00Z,2023-12-14T00:00:00Z,2023-12-14T06:00:00Z,2024-01-13T00:00:00Z,validation
5376,2023-10-15T12:00:00Z,2023-12-14T06:00:00Z,2023-12-14T12:00:00Z,2024-01-13T06:00:00Z,validation
5377,2023-10-15T18:00:00Z,2023-12-14T12:00:00Z,2023-12-14T18:00:00Z,2024-01-13T12:00:00Z,validation
5378,2023-10-16T00:00:00Z,2023-12-14T18:00:00Z,2023-12-15T00:00:00Z,2024-01-13T18:00:00Z,validation
5379,2023-10-16T06:00:00Z,2023-12-15T00:00:00Z,2023-12-15T06:00:00Z,2024-01-14T00:00:00Z,validation
5380,2023-10-16T12:00:00Z,2023-12-15T06:00:00Z,2023-12-15T12:00:00Z,2024-01-14T06:00:00Z,validation
5381,2023-10-16T18:00:00Z,2023-12-15T12:00:00Z,2023-12-15T18:00:00Z,2024-01-14T12:00:00Z,validation
5382,2023-10-17T00:00:00Z,2023-12-15T18:00:00Z,2023-12-16T00:00:00Z,2024-01-14T18:00:00Z,validation
5383,2023-10-17T06:00:00Z,2023-12-16T00:00:00Z,2023-12-16T06:00:00Z,2024-01-15T00:00:00Z,validation
5384,2023-10-17T12:00:00Z,2023-12-16T06:00:00Z,2023-12-16T12:00:00Z,2024-01-15T06:00:00Z,validation
5385,2023-10-17T18:00:00Z,2023-12-16T12:00:00Z,2023-12-16T18:00:00Z,2024-01-15T12:00:00Z,validation
5386,2023-10-18T00:00:00Z,2023-12-16T18:00:00Z,2023-12-17T00:00:00Z,2024-01-15T18:00:00Z,validation
5387,2023-10-18T06:00:00Z,2023-12-17T00:00:00Z,2023-12-17T06:00:00Z,2024-01-16T00:00:00Z,validation
5388,2023-10-18T12:00:00Z,2023-12-17T06:00:00Z,2023-12-17T12:00:00Z,2024-01-16T06:00:00Z,validation
5389,2023-10-18T18:00:00Z,2023-12-17T12:00:00Z,2023-12-17T18:00:00Z,2024-01-16T12:00:00Z,validation
5390,2023-10-19T00:00:00Z,2023-12-17T18:00:00Z,2023-12-18T00:00:00Z,2024-01-16T18:00:00Z,validation
5391,2023-10-19T06:00:00Z,2023-12-18T00:00:00Z,2023-12-18T06:00:00Z,2024-01-17T00:00:00Z,validation
5392,2023-10-19T12:00:00Z,2023-12-18T06:00:00Z,2023-12-18T12:00:00Z,2024-01-17T06:00:00Z,validation
5393,2023-10-19T18:00:00Z,2023-12-18T12:00:00Z,2023-12-18T18:00:00Z,2024-01-17T12:00:00Z,validation
5394,2023-10-20T00:00:00Z,2023-12-18T18:00:00Z,2023-12-19T00:00:00Z,2024-01-17T18:00:00Z,validation
5395,2023-10-20T06:00:00Z,2023-12-19T00:00:00Z,2023-12-19T06:00:00Z,2024-01-18T00:00:00Z,validation
5396,2023-10-20T12:00:00Z,2023-12-19T06:00:00Z,2023-12-19T12:00:00Z,2024-01-18T06:00:00Z,validation
5397,2023-10-20T18:00:00Z,2023-12-19T12:00:00Z,2023-12-19T18:00:00Z,2024-01-18T12:00:00Z,validation
5398,2023-10-21T00:00:00Z,2023-12-19T18:00:00Z,2023-12-20T00:00:00Z,2024-01-18T18:00:00Z,validation
5399,2023-10-21T06:00:00Z,2023-12-20T00:00:00Z,2023-12-20T06:00:00Z,2024-01-19T00:00:00Z,validation
5400,2023-10-21T12:00:00Z,2023-12-20T06:00:00Z,2023-12-20T12:00:00Z,2024-01-19T06:00:00Z,validation
5401,2023-10-21T18:00:00Z,2023-12-20T12:00:00Z,2023-12-20T18:00:00Z,2024-01-19T12:00:00Z,validation
5402,2023-10-22T00:00:00Z,2023-12-20T18:00:00Z,2023-12-21T00:00:00Z,2024-01-19T18:00:00Z,validation
5403,2023-10-22T06:00:00Z,2023-12-21T00:00:00Z,2023-12-21T06:00:00Z,2024-01-20T00:00:00Z,validation
5404,2023-10-22T12:00:00Z,2023-12-21T06:00:00Z,2023-12-21T12:00:00Z,2024-01-20T06:00:00Z,validation
5405,2023-10-22T18:00:00Z,2023-12-21T12:00:00Z,2023-12-21T18:00:00Z,2024-01-20T12:00:00Z,validation
5406,2023-10-23T00:00:00Z,2023-12-21T18:00:00Z,2023-12-22T00:00:00Z,2024-01-20T18:00:00Z,validation
5407,2023-10-23T06:00:00Z,2023-12-22T00:00:00Z,2023-12-22T06:00:00Z,2024-01-21T00:00:00Z,validation
5408,2023-10-23T12:00:00Z,2023-12-22T06:00:00Z,2023-12-22T12:00:00Z,2024-01-21T06:00:00Z,validation
5409,2023-10-23T18:00:00Z,2023-12-22T12:00:00Z,2023-12-22T18:00:00Z,2024-01-21T12:00:00Z,validation
5410,2023-10-24T00:00:00Z,2023-12-22T18:00:00Z,2023-12-23T00:00:00Z,2024-01-21T18:00:00Z,validation
5411,2023-10-24T06:00:00Z,2023-12-23T00:00:00Z,2023-12-23T06:00:00Z,2024-01-22T00:00:00Z,validation
5412,2023-10-24T12:00:00Z,2023-12-23T06:00:00Z,2023-12-23T12:00:00Z,2024-01-22T06:00:00Z,validation
5413,2023-10-24T18:00:00Z,2023-12-23T12:00:00Z,2023-12-23T18:00:00Z,2024-01-22T12:00:00Z,validation
5414,2023-10-25T00:00:00Z,2023-12-23T18:00:00Z,2023-12-24T00:00:00Z,2024-01-22T18:00:00Z,validation
5415,2023-10-25T06:00:00Z,2023-12-24T00:00:00Z,2023-12-24T06:00:00Z,2024-01-23T00:00:00Z,validation
5416,2023-10-25T12:00:00Z,2023-12-24T06:00:00Z,2023-12-24T12:00:00Z,2024-01-23T06:00:00Z,validation
5417,2023-10-25T18:00:00Z,2023-12-24T12:00:00Z,2023-12-24T18:00:00Z,2024-01-23T12:00:00Z,validation
5418,2023-10-26T00:00:00Z,2023-12-24T18:00:00Z,2023-12-25T00:00:00Z,2024-01-23T18:00:00Z,validation
5419,2023-10-26T06:00:00Z,2023-12-25T00:00:00Z,2023-12-25T06:00:00Z,2024-01-24T00:00:00Z,validation
5420,2023-10-26T12:00:00Z,2023-12-25T06:00:00Z,2023-12-25T12:00:00Z,2024-01-24T06:00:00Z,validation
5421,2023-10-26T18:00:00Z,2023-12-25T12:00:00Z,2023-12-25T18:00:00Z,2024-01-24T12:00:00Z,validation
5422,2023-10-27T00:00:00Z,2023-12-25T18:00:00Z,2023-12-26T00:00:00Z,2024-01-24T18:00:00Z,validation
5423,2023-10-27T06:00:00Z,2023-12-26T00:00:00Z,2023-12-26T06:00:00Z,2024-01-25T00:00:00Z,validation
5424,2023-10-27T12:00:00Z,2023-12-26T06:00:00Z,2023-12-26T12:00:00Z,2024-01-25T06:00:00Z,validation
5425,2023-10-27T18:00:00Z,2023-12-26T12:00:00Z,2023-12-26T18:00:00Z,2024-01-25T12:00:00Z,validation
5426,2023-10-28T00:00:00Z,2023-12-26T18:00:00Z,2023-12-27T00:00:00Z,2024-01-25T18:00:00Z,validation
5427,2023-10-28T06:00:00Z,2023-12-27T00:00:00Z,2023-12-27T06:00:00Z,2024-01-26T00:00:00Z,validation
5428,2023-10-28T12:00:00Z,2023-12-27T06:00:00Z,2023-12-27T12:00:00Z,2024-01-26T06:00:00Z,validation
5429,2023-10-28T18:00:00Z,2023-12-27T12:00:00Z,2023-12-27T18:00:00Z,2024-01-26T12:00:00Z,validation
5430,2023-10-29T00:00:00Z,2023-12-27T18:00:00Z,2023-12-28T00:00:00Z,2024-01-26T18:00:00Z,validation
5431,2023-10-29T06:00:00Z,2023-12-28T00:00:00Z,2023-12-28T06:00:00Z,2024-01-27T00:00:00Z,validation
5432,2023-10-29T12:00:00Z,2023-12-28T06:00:00Z,2023-12-28T12:00:00Z,2024-01-27T06:00:00Z,validation
5433,2023-10-29T18:00:00Z,2023-12-28T12:00:00Z,2023-12-28T18:00:00Z,2024-01-27T12:00:00Z,validation
5434,2023-10-30T00:00:00Z,2023-12-28T18:00:00Z,2023-12-29T00:00:00Z,2024-01-27T18:00:00Z,validation
5435,2023-10-30T06:00:00Z,2023-12-29T00:00:00Z,2023-12-29T06:00:00Z,2024-01-28T00:00:00Z,validation
5436,2023-10-30T12:00:00Z,2023-12-29T06:00:00Z,2023-12-29T12:00:00Z,2024-01-28T06:00:00Z,validation
5437,2023-10-30T18:00:00Z,2023-12-29T12:00:00Z,2023-12-29T18:00:00Z,2024-01-28T12:00:00Z,validation
5438,2023-10-31T00:00:00Z,2023-12-29T18:00:00Z,2023-12-30T00:00:00Z,2024-01-28T18:00:00Z,validation
5439,2023-10-31T06:00:00Z,2023-12-30T00:00:00Z,2023-12-30T06:00:00Z,2024-01-29T00:00:00Z,validation
5440,2023-10-31T12:00:00Z,2023-12-30T06:00:00Z,2023-12-30T12:00:00Z,2024-01-29T06:00:00Z,validation
5441,2023-10-31T18:00:00Z,2023-12-30T12:00:00Z,2023-12-30T18:00:00Z,2024-01-29T12:00:00Z,validation
5442,2023-11-01T00:00:00Z,2023-12-30T18:00:00Z,2023-12-31T00:00:00Z,2024-01-29T18:00:00Z,validation
5443,2023-11-01T06:00:00Z,2023-12-31T00:00:00Z,2023-12-31T06:00:00Z,2024-01-30T00:00:00Z,validation
5444,2023-11-01T12:00:00Z,2023-12-31T06:00:00Z,2023-12-31T12:00:00Z,2024-01-30T06:00:00Z,validation
5445,2023-11-01T18:00:00Z,2023-12-31T12:00:00Z,2023-12-31T18:00:00Z,2024-01-30T12:00:00Z,validation
5446,2023-11-02T00:00:00Z,2023-12-31T18:00:00Z,2024-01-01T00:00:00Z,2024-01-30T18:00:00Z,validation
5447,2023-11-02T06:00:00Z,2024-01-01T00:00:00Z,2024-01-01T06:00:00Z,2024-01-31T00:00:00Z,validation
5448,2023-11-02T12:00:00Z,2024-01-01T06:00:00Z,2024-01-01T12:00:00Z,2024-01-31T06:00:00Z,validation
5449,2023-11-02T18:00:00Z,2024-01-01T12:00:00Z,2024-01-01T18:00:00Z,2024-01-31T12:00:00Z,validation
5450,2023-11-03T00:00:00Z,2024-01-01T18:00:00Z,2024-01-02T00:00:00Z,2024-01-31T18:00:00Z,validation
5451,2023-11-03T06:00:00Z,2024-01-02T00:00:00Z,2024-01-02T06:00:00Z,2024-02-01T00:00:00Z,validation
5452,2023-11-03T12:00:00Z,2024-01-02T06:00:00Z,2024-01-02T12:00:00Z,2024-02-01T06:00:00Z,validation
5453,2023-11-03T18:00:00Z,2024-01-02T12:00:00Z,2024-01-02T18:00:00Z,2024-02-01T12:00:00Z,validation
5454,2023-11-04T00:00:00Z,2024-01-02T18:00:00Z,2024-01-03T00:00:00Z,2024-02-01T18:00:00Z,validation
5455,2023-11-04T06:00:00Z,2024-01-03T00:00:00Z,2024-01-03T06:00:00Z,2024-02-02T00:00:00Z,validation
5456,2023-11-04T12:00:00Z,2024-01-03T06:00:00Z,2024-01-03T12:00:00Z,2024-02-02T06:00:00Z,validation
5457,2023-11-04T18:00:00Z,2024-01-03T12:00:00Z,2024-01-03T18:00:00Z,2024-02-02T12:00:00Z,validation
5458,2023-11-05T00:00:00Z,2024-01-03T18:00:00Z,2024-01-04T00:00:00Z,2024-02-02T18:00:00Z,validation
5459,2023-11-05T06:00:00Z,2024-01-04T00:00:00Z,2024-01-04T06:00:00Z,2024-02-03T00:00:00Z,validation
5460,2023-11-05T12:00:00Z,2024-01-04T06:00:00Z,2024-01-04T12:00:00Z,2024-02-03T06:00:00Z,validation
5461,2023-11-05T18:00:00Z,2024-01-04T12:00:00Z,2024-01-04T18:00:00Z,2024-02-03T12:00:00Z,validation
5462,2023-11-06T00:00:00Z,2024-01-04T18:00:00Z,2024-01-05T00:00:00Z,2024-02-03T18:00:00Z,validation
5463,2023-11-06T06:00:00Z,2024-01-05T00:00:00Z,2024-01-05T06:00:00Z,2024-02-04T00:00:00Z,validation
5464,2023-11-06T12:00:00Z,2024-01-05T06:00:00Z,2024-01-05T12:00:00Z,2024-02-04T06:00:00Z,validation
5465,2023-11-06T18:00:00Z,2024-01-05T12:00:00Z,2024-01-05T18:00:00Z,2024-02-04T12:00:00Z,validation
5466,2023-11-07T00:00:00Z,2024-01-05T18:00:00Z,2024-01-06T00:00:00Z,2024-02-04T18:00:00Z,validation
5467,2023-11-07T06:00:00Z,2024-01-06T00:00:00Z,2024-01-06T06:00:00Z,2024-02-05T00:00:00Z,validation
5468,2023-11-07T12:00:00Z,2024-01-06T06:00:00Z,2024-01-06T12:00:00Z,2024-02-05T06:00:00Z,validation
5469,2023-11-07T18:00:00Z,2024-01-06T12:00:00Z,2024-01-06T18:00:00Z,2024-02-05T12:00:00Z,validation
5470,2023-11-08T00:00:00Z,2024-01-06T18:00:00Z,2024-01-07T00:00:00Z,2024-02-05T18:00:00Z,validation
5471,2023-11-08T06:00:00Z,2024-01-07T00:00:00Z,2024-01-07T06:00:00Z,2024-02-06T00:00:00Z,validation
5472,2023-11-08T12:00:00Z,2024-01-07T06:00:00Z,2024-01-07T12:00:00Z,2024-02-06T06:00:00Z,validation
5473,2023-11-08T18:00:00Z,2024-01-07T12:00:00Z,2024-01-07T18:00:00Z,2024-02-06T12:00:00Z,validation
5474,2023-11-09T00:00:00Z,2024-01-07T18:00:00Z,2024-01-08T00:00:00Z,2024-02-06T18:00:00Z,validation
5475,2023-11-09T06:00:00Z,2024-01-08T00:00:00Z,2024-01-08T06:00:00Z,2024-02-07T00:00:00Z,validation
5476,2023-11-09T12:00:00Z,2024-01-08T06:00:00Z,2024-01-08T12:00:00Z,2024-02-07T06:00:00Z,validation
5477,2023-11-09T18:00:00Z,2024-01-08T12:00:00Z,2024-01-08T18:00:00Z,2024-02-07T12:00:00Z,validation
5478,2023-11-10T00:00:00Z,2024-01-08T18:00:00Z,2024-01-09T00:00:00Z,2024-02-07T18:00:00Z,validation
5479,2023-11-10T06:00:00Z,2024-01-09T00:00:00Z,2024-01-09T06:00:00Z,2024-02-08T00:00:00Z,validation
5480,2023-11-10T12:00:00Z,2024-01-09T06:00:00Z,2024-01-09T12:00:00Z,2024-02-08T06:00:00Z,validation
5481,2023-11-10T18:00:00Z,2024-01-09T12:00:00Z,2024-01-09T18:00:00Z,2024-02-08T12:00:00Z,validation
5482,2023-11-11T00:00:00Z,2024-01-09T18:00:00Z,2024-01-10T00:00:00Z,2024-02-08T18:00:00Z,validation
5483,2023-11-11T06:00:00Z,2024-01-10T00:00:00Z,2024-01-10T06:00:00Z,2024-02-09T00:00:00Z,validation
5484,2023-11-11T12:00:00Z,2024-01-10T06:00:00Z,2024-01-10T12:00:00Z,2024-02-09T06:00:00Z,validation
5485,2023-11-11T18:00:00Z,2024-01-10T12:00:00Z,2024-01-10T18:00:00Z,2024-02-09T12:00:00Z,validation
5486,2023-11-12T00:00:00Z,2024-01-10T18:00:00Z,2024-01-11T00:00:00Z,2024-02-09T18:00:00Z,validation
5487,2023-11-12T06:00:00Z,2024-01-11T00:00:00Z,2024-01-11T06:00:00Z,2024-02-10T00:00:00Z,validation
5488,2023-11-12T12:00:00Z,2024-01-11T06:00:00Z,2024-01-11T12:00:00Z,2024-02-10T06:00:00Z,validation
5489,2023-11-12T18:00:00Z,2024-01-11T12:00:00Z,2024-01-11T18:00:00Z,2024-02-10T12:00:00Z,validation
5490,2023-11-13T00:00:00Z,2024-01-11T18:00:00Z,2024-01-12T00:00:00Z,2024-02-10T18:00:00Z,validation
5491,2023-11-13T06:00:00Z,2024-01-12T00:00:00Z,2024-01-12T06:00:00Z,2024-02-11T00:00:00Z,validation
5492,2023-11-13T12:00:00Z,2024-01-12T06:00:00Z,2024-01-12T12:00:00Z,2024-02-11T06:00:00Z,validation
5493,2023-11-13T18:00:00Z,2024-01-12T12:00:00Z,2024-01-12T18:00:00Z,2024-02-11T12:00:00Z,validation
5494,2023-11-14T00:00:00Z,2024-01-12T18:00:00Z,2024-01-13T00:00:00Z,2024-02-11T18:00:00Z,validation
5495,2023-11-14T06:00:00Z,2024-01-13T00:00:00Z,2024-01-13T06:00:00Z,2024-02-12T00:00:00Z,validation
5496,2023-11-14T12:00:00Z,2024-01-13T06:00:00Z,2024-01-13T12:00:00Z,2024-02-12T06:00:00Z,validation
5497,2023-11-14T18:00:00Z,2024-01-13T12:00:00Z,2024-01-13T18:00:00Z,2024-02-12T12:00:00Z,validation
5498,2023-11-15T00:00:00Z,2024-01-13T18:00:00Z,2024-01-14T00:00:00Z,2024-02-12T18:00:00Z,validation
5499,2023-11-15T06:00:00Z,2024-01-14T00:00:00Z,2024-01-14T06:00:00Z,2024-02-13T00:00:00Z,validation
5500,2023-11-15T12:00:00Z,2024-01-14T06:00:00Z,2024-01-14T12:00:00Z,2024-02-13T06:00:00Z,validation
5501,2023-11-15T18:00:00Z,2024-01-14T12:00:00Z,2024-01-14T18:00:00Z,2024-02-13T12:00:00Z,validation
5502,2023-11-16T00:00:00Z,2024-01-14T18:00:00Z,2024-01-15T00:00:00Z,2024-02-13T18:00:00Z,validation
5503,2023-11-16T06:00:00Z,2024-01-15T00:00:00Z,2024-01-15T06:00:00Z,2024-02-14T00:00:00Z,validation
5504,2023-11-16T12:00:00Z,2024-01-15T06:00:00Z,2024-01-15T12:00:00Z,2024-02-14T06:00:00Z,validation
5505,2023-11-16T18:00:00Z,2024-01-15T12:00:00Z,2024-01-15T18:00:00Z,2024-02-14T12:00:00Z,validation
5506,2023-11-17T00:00:00Z,2024-01-15T18:00:00Z,2024-01-16T00:00:00Z,2024-02-14T18:00:00Z,validation
5507,2023-11-17T06:00:00Z,2024-01-16T00:00:00Z,2024-01-16T06:00:00Z,2024-02-15T00:00:00Z,validation
5508,2023-11-17T12:00:00Z,2024-01-16T06:00:00Z,2024-01-16T12:00:00Z,2024-02-15T06:00:00Z,validation
5509,2023-11-17T18:00:00Z,2024-01-16T12:00:00Z,2024-01-16T18:00:00Z,2024-02-15T12:00:00Z,validation
5510,2023-11-18T00:00:00Z,2024-01-16T18:00:00Z,2024-01-17T00:00:00Z,2024-02-15T18:00:00Z,validation
5511,2023-11-18T06:00:00Z,2024-01-17T00:00:00Z,2024-01-17T06:00:00Z,2024-02-16T00:00:00Z,validation
5512,2023-11-18T12:00:00Z,2024-01-17T06:00:00Z,2024-01-17T12:00:00Z,2024-02-16T06:00:00Z,validation
5513,2023-11-18T18:00:00Z,2024-01-17T12:00:00Z,2024-01-17T18:00:00Z,2024-02-16T12:00:00Z,validation
5514,2023-11-19T00:00:00Z,2024-01-17T18:00:00Z,2024-01-18T00:00:00Z,2024-02-16T18:00:00Z,validation
5515,2023-11-19T06:00:00Z,2024-01-18T00:00:00Z,2024-01-18T06:00:00Z,2024-02-17T00:00:00Z,validation
5516,2023-11-19T12:00:00Z,2024-01-18T06:00:00Z,2024-01-18T12:00:00Z,2024-02-17T06:00:00Z,validation
5517,2023-11-19T18:00:00Z,2024-01-18T12:00:00Z,2024-01-18T18:00:00Z,2024-02-17T12:00:00Z,validation
5518,2023-11-20T00:00:00Z,2024-01-18T18:00:00Z,2024-01-19T00:00:00Z,2024-02-17T18:00:00Z,validation
5519,2023-11-20T06:00:00Z,2024-01-19T00:00:00Z,2024-01-19T06:00:00Z,2024-02-18T00:00:00Z,validation
5520,2023-11-20T12:00:00Z,2024-01-19T06:00:00Z,2024-01-19T12:00:00Z,2024-02-18T06:00:00Z,validation
5521,2023-11-20T18:00:00Z,2024-01-19T12:00:00Z,2024-01-19T18:00:00Z,2024-02-18T12:00:00Z,validation
5522,2023-11-21T00:00:00Z,2024-01-19T18:00:00Z,2024-01-20T00:00:00Z,2024-02-18T18:00:00Z,validation
5523,2023-11-21T06:00:00Z,2024-01-20T00:00:00Z,2024-01-20T06:00:00Z,2024-02-19T00:00:00Z,validation
5524,2023-11-21T12:00:00Z,2024-01-20T06:00:00Z,2024-01-20T12:00:00Z,2024-02-19T06:00:00Z,validation
5525,2023-11-21T18:00:00Z,2024-01-20T12:00:00Z,2024-01-20T18:00:00Z,2024-02-19T12:00:00Z,validation
5526,2023-11-22T00:00:00Z,2024-01-20T18:00:00Z,2024-01-21T00:00:00Z,2024-02-19T18:00:00Z,validation
5527,2023-11-22T06:00:00Z,2024-01-21T00:00:00Z,2024-01-21T06:00:00Z,2024-02-20T00:00:00Z,validation
5528,2023-11-22T12:00:00Z,2024-01-21T06:00:00Z,2024-01-21T12:00:00Z,2024-02-20T06:00:00Z,validation
5529,2023-11-22T18:00:00Z,2024-01-21T12:00:00Z,2024-01-21T18:00:00Z,2024-02-20T12:00:00Z,validation
5530,2023-11-23T00:00:00Z,2024-01-21T18:00:00Z,2024-01-22T00:00:00Z,2024-02-20T18:00:00Z,validation
5531,2023-11-23T06:00:00Z,2024-01-22T00:00:00Z,2024-01-22T06:00:00Z,2024-02-21T00:00:00Z,validation
5532,2023-11-23T12:00:00Z,2024-01-22T06:00:00Z,2024-01-22T12:00:00Z,2024-02-21T06:00:00Z,validation
5533,2023-11-23T18:00:00Z,2024-01-22T12:00:00Z,2024-01-22T18:00:00Z,2024-02-21T12:00:00Z,validation
5534,2023-11-24T00:00:00Z,2024-01-22T18:00:00Z,2024-01-23T00:00:00Z,2024-02-21T18:00:00Z,validation
5535,2023-11-24T06:00:00Z,2024-01-23T00:00:00Z,2024-01-23T06:00:00Z,2024-02-22T00:00:00Z,validation
5536,2023-11-24T12:00:00Z,2024-01-23T06:00:00Z,2024-01-23T12:00:00Z,2024-02-22T06:00:00Z,validation
5537,2023-11-24T18:00:00Z,2024-01-23T12:00:00Z,2024-01-23T18:00:00Z,2024-02-22T12:00:00Z,validation
5538,2023-11-25T00:00:00Z,2024-01-23T18:00:00Z,2024-01-24T00:00:00Z,2024-02-22T18:00:00Z,validation
5539,2023-11-25T06:00:00Z,2024-01-24T00:00:00Z,2024-01-24T06:00:00Z,2024-02-23T00:00:00Z,validation
5540,2023-11-25T12:00:00Z,2024-01-24T06:00:00Z,2024-01-24T12:00:00Z,2024-02-23T06:00:00Z,validation
5541,2023-11-25T18:00:00Z,2024-01-24T12:00:00Z,2024-01-24T18:00:00Z,2024-02-23T12:00:00Z,validation
5542,2023-11-26T00:00:00Z,2024-01-24T18:00:00Z,2024-01-25T00:00:00Z,2024-02-23T18:00:00Z,validation
5543,2023-11-26T06:00:00Z,2024-01-25T00:00:00Z,2024-01-25T06:00:00Z,2024-02-24T00:00:00Z,validation
5544,2023-11-26T12:00:00Z,2024-01-25T06:00:00Z,2024-01-25T12:00:00Z,2024-02-24T06:00:00Z,validation
5545,2023-11-26T18:00:00Z,2024-01-25T12:00:00Z,2024-01-25T18:00:00Z,2024-02-24T12:00:00Z,validation
5546,2023-11-27T00:00:00Z,2024-01-25T18:00:00Z,2024-01-26T00:00:00Z,2024-02-24T18:00:00Z,validation
5547,2023-11-27T06:00:00Z,2024-01-26T00:00:00Z,2024-01-26T06:00:00Z,2024-02-25T00:00:00Z,validation
5548,2023-11-27T12:00:00Z,2024-01-26T06:00:00Z,2024-01-26T12:00:00Z,2024-02-25T06:00:00Z,validation
5549,2023-11-27T18:00:00Z,2024-01-26T12:00:00Z,2024-01-26T18:00:00Z,2024-02-25T12:00:00Z,validation
5550,2023-11-28T00:00:00Z,2024-01-26T18:00:00Z,2024-01-27T00:00:00Z,2024-02-25T18:00:00Z,validation
5551,2023-11-28T06:00:00Z,2024-01-27T00:00:00Z,2024-01-27T06:00:00Z,2024-02-26T00:00:00Z,validation
5552,2023-11-28T12:00:00Z,2024-01-27T06:00:00Z,2024-01-27T12:00:00Z,2024-02-26T06:00:00Z,validation
5553,2023-11-28T18:00:00Z,2024-01-27T12:00:00Z,2024-01-27T18:00:00Z,2024-02-26T12:00:00Z,validation
5554,2023-11-29T00:00:00Z,2024-01-27T18:00:00Z,2024-01-28T00:00:00Z,2024-02-26T18:00:00Z,validation
5555,2023-11-29T06:00:00Z,2024-01-28T00:00:00Z,2024-01-28T06:00:00Z,2024-02-27T00:00:00Z,validation
5556,2023-11-29T12:00:00Z,2024-01-28T06:00:00Z,2024-01-28T12:00:00Z,2024-02-27T06:00:00Z,validation
5557,2023-11-29T18:00:00Z,2024-01-28T12:00:00Z,2024-01-28T18:00:00Z,2024-02-27T12:00:00Z,validation
5558,2023-11-30T00:00:00Z,2024-01-28T18:00:00Z,2024-01-29T00:00:00Z,2024-02-27T18:00:00Z,validation
5559,2023-11-30T06:00:00Z,2024-01-29T00:00:00Z,2024-01-29T06:00:00Z,2024-02-28T00:00:00Z,validation
5560,2023-11-30T12:00:00Z,2024-01-29T06:00:00Z,2024-01-29T12:00:00Z,2024-02-28T06:00:00Z,validation
5561,2023-11-30T18:00:00Z,2024-01-29T12:00:00Z,2024-01-29T18:00:00Z,2024-02-28T12:00:00Z,validation
5562,2023-12-01T00:00:00Z,2024-01-29T18:00:00Z,2024-01-30T00:00:00Z,2024-02-28T18:00:00Z,validation
5563,2023-12-01T06:00:00Z,2024-01-30T00:00:00Z,2024-01-30T06:00:00Z,2024-02-29T00:00:00Z,validation
5564,2023-12-01T12:00:00Z,2024-01-30T06:00:00Z,2024-01-30T12:00:00Z,2024-02-29T06:00:00Z,validation
5565,2023-12-01T18:00:00Z,2024-01-30T12:00:00Z,2024-01-30T18:00:00Z,2024-02-29T12:00:00Z,validation
5566,2023-12-02T00:00:00Z,2024-01-30T18:00:00Z,2024-01-31T00:00:00Z,2024-02-29T18:00:00Z,validation
5567,2023-12-02T06:00:00Z,2024-01-31T00:00:00Z,2024-01-31T06:00:00Z,2024-03-01T00:00:00Z,validation
5568,2023-12-02T12:00:00Z,2024-01-31T06:00:00Z,2024-01-31T12:00:00Z,2024-03-01T06:00:00Z,validation
5569,2023-12-02T18:00:00Z,2024-01-31T12:00:00Z,2024-01-31T18:00:00Z,2024-03-01T12:00:00Z,validation
5570,2023-12-03T00:00:00Z,2024-01-31T18:00:00Z,2024-02-01T00:00:00Z,2024-03-01T18:00:00Z,validation
5571,2023-12-03T06:00:00Z,2024-02-01T00:00:00Z,2024-02-01T06:00:00Z,2024-03-02T00:00:00Z,validation
5572,2023-12-03T12:00:00Z,2024-02-01T06:00:00Z,2024-02-01T12:00:00Z,2024-03-02T06:00:00Z,validation
5573,2023-12-03T18:00:00Z,2024-02-01T12:00:00Z,2024-02-01T18:00:00Z,2024-03-02T12:00:00Z,validation
5574,2023-12-04T00:00:00Z,2024-02-01T18:00:00Z,2024-02-02T00:00:00Z,2024-03-02T18:00:00Z,validation
5575,2023-12-04T06:00:00Z,2024-02-02T00:00:00Z,2024-02-02T06:00:00Z,2024-03-03T00:00:00Z,validation
5576,2023-12-04T12:00:00Z,2024-02-02T06:00:00Z,2024-02-02T12:00:00Z,2024-03-03T06:00:00Z,validation
5577,2023-12-04T18:00:00Z,2024-02-02T12:00:00Z,2024-02-02T18:00:00Z,2024-03-03T12:00:00Z,validation
5578,2023-12-05T00:00:00Z,2024-02-02T18:00:00Z,2024-02-03T00:00:00Z,2024-03-03T18:00:00Z,validation
5579,2023-12-05T06:00:00Z,2024-02-03T00:00:00Z,2024-02-03T06:00:00Z,2024-03-04T00:00:00Z,validation
5580,2023-12-05T12:00:00Z,2024-02-03T06:00:00Z,2024-02-03T12:00:00Z,2024-03-04T06:00:00Z,validation
5581,2023-12-05T18:00:00Z,2024-02-03T12:00:00Z,2024-02-03T18:00:00Z,2024-03-04T12:00:00Z,validation
5582,2023-12-06T00:00:00Z,2024-02-03T18:00:00Z,2024-02-04T00:00:00Z,2024-03-04T18:00:00Z,validation
5583,2023-12-06T06:00:00Z,2024-02-04T00:00:00Z,2024-02-04T06:00:00Z,2024-03-05T00:00:00Z,validation
5584,2023-12-06T12:00:00Z,2024-02-04T06:00:00Z,2024-02-04T12:00:00Z,2024-03-05T06:00:00Z,validation
5585,2023-12-06T18:00:00Z,2024-02-04T12:00:00Z,2024-02-04T18:00:00Z,2024-03-05T12:00:00Z,validation
5586,2023-12-07T00:00:00Z,2024-02-04T18:00:00Z,2024-02-05T00:00:00Z,2024-03-05T18:00:00Z,validation
5587,2023-12-07T06:00:00Z,2024-02-05T00:00:00Z,2024-02-05T06:00:00Z,2024-03-06T00:00:00Z,validation
5588,2023-12-07T12:00:00Z,2024-02-05T06:00:00Z,2024-02-05T12:00:00Z,2024-03-06T06:00:00Z,validation
5589,2023-12-07T18:00:00Z,2024-02-05T12:00:00Z,2024-02-05T18:00:00Z,2024-03-06T12:00:00Z,validation
5590,2023-12-08T00:00:00Z,2024-02-05T18:00:00Z,2024-02-06T00:00:00Z,2024-03-06T18:00:00Z,validation
5591,2023-12-08T06:00:00Z,2024-02-06T00:00:00Z,2024-02-06T06:00:00Z,2024-03-07T00:00:00Z,validation
5592,2023-12-08T12:00:00Z,2024-02-06T06:00:00Z,2024-02-06T12:00:00Z,2024-03-07T06:00:00Z,validation
5593,2023-12-08T18:00:00Z,2024-02-06T12:00:00Z,2024-02-06T18:00:00Z,2024-03-07T12:00:00Z,validation
5594,2023-12-09T00:00:00Z,2024-02-06T18:00:00Z,2024-02-07T00:00:00Z,2024-03-07T18:00:00Z,validation
5595,2023-12-09T06:00:00Z,2024-02-07T00:00:00Z,2024-02-07T06:00:00Z,2024-03-08T00:00:00Z,validation
5596,2023-12-09T12:00:00Z,2024-02-07T06:00:00Z,2024-02-07T12:00:00Z,2024-03-08T06:00:00Z,validation
5597,2023-12-09T18:00:00Z,2024-02-07T12:00:00Z,2024-02-07T18:00:00Z,2024-03-08T12:00:00Z,validation
5598,2023-12-10T00:00:00Z,2024-02-07T18:00:00Z,2024-02-08T00:00:00Z,2024-03-08T18:00:00Z,validation
5599,2023-12-10T06:00:00Z,2024-02-08T00:00:00Z,2024-02-08T06:00:00Z,2024-03-09T00:00:00Z,validation
5600,2023-12-10T12:00:00Z,2024-02-08T06:00:00Z,2024-02-08T12:00:00Z,2024-03-09T06:00:00Z,validation
5601,2023-12-10T18:00:00Z,2024-02-08T12:00:00Z,2024-02-08T18:00:00Z,2024-03-09T12:00:00Z,validation
5602,2023-12-11T00:00:00Z,2024-02-08T18:00:00Z,2024-02-09T00:00:00Z,2024-03-09T18:00:00Z,validation
5603,2023-12-11T06:00:00Z,2024-02-09T00:00:00Z,2024-02-09T06:00:00Z,2024-03-10T00:00:00Z,validation
5604,2023-12-11T12:00:00Z,2024-02-09T06:00:00Z,2024-02-09T12:00:00Z,2024-03-10T06:00:00Z,validation
5605,2023-12-11T18:00:00Z,2024-02-09T12:00:00Z,2024-02-09T18:00:00Z,2024-03-10T12:00:00Z,validation
5606,2023-12-12T00:00:00Z,2024-02-09T18:00:00Z,2024-02-10T00:00:00Z,2024-03-10T18:00:00Z,validation
5607,2023-12-12T06:00:00Z,2024-02-10T00:00:00Z,2024-02-10T06:00:00Z,2024-03-11T00:00:00Z,validation
5608,2023-12-12T12:00:00Z,2024-02-10T06:00:00Z,2024-02-10T12:00:00Z,2024-03-11T06:00:00Z,validation
5609,2023-12-12T18:00:00Z,2024-02-10T12:00:00Z,2024-02-10T18:00:00Z,2024-03-11T12:00:00Z,validation
5610,2023-12-13T00:00:00Z,2024-02-10T18:00:00Z,2024-02-11T00:00:00Z,2024-03-11T18:00:00Z,validation
5611,2023-12-13T06:00:00Z,2024-02-11T00:00:00Z,2024-02-11T06:00:00Z,2024-03-12T00:00:00Z,validation
5612,2023-12-13T12:00:00Z,2024-02-11T06:00:00Z,2024-02-11T12:00:00Z,2024-03-12T06:00:00Z,validation
5613,2023-12-13T18:00:00Z,2024-02-11T12:00:00Z,2024-02-11T18:00:00Z,2024-03-12T12:00:00Z,validation
5614,2023-12-14T00:00:00Z,2024-02-11T18:00:00Z,2024-02-12T00:00:00Z,2024-03-12T18:00:00Z,validation
5615,2023-12-14T06:00:00Z,2024-02-12T00:00:00Z,2024-02-12T06:00:00Z,2024-03-13T00:00:00Z,validation
5616,2023-12-14T12:00:00Z,2024-02-12T06:00:00Z,2024-02-12T12:00:00Z,2024-03-13T06:00:00Z,validation
5617,2023-12-14T18:00:00Z,2024-02-12T12:00:00Z,2024-02-12T18:00:00Z,2024-03-13T12:00:00Z,validation
5618,2023-12-15T00:00:00Z,2024-02-12T18:00:00Z,2024-02-13T00:00:00Z,2024-03-13T18:00:00Z,validation
5619,2023-12-15T06:00:00Z,2024-02-13T00:00:00Z,2024-02-13T06:00:00Z,2024-03-14T00:00:00Z,validation
5620,2023-12-15T12:00:00Z,2024-02-13T06:00:00Z,2024-02-13T12:00:00Z,2024-03-14T06:00:00Z,validation
5621,2023-12-15T18:00:00Z,2024-02-13T12:00:00Z,2024-02-13T18:00:00Z,2024-03-14T12:00:00Z,validation
5622,2023-12-16T00:00:00Z,2024-02-13T18:00:00Z,2024-02-14T00:00:00Z,2024-03-14T18:00:00Z,validation
5623,2023-12-16T06:00:00Z,2024-02-14T00:00:00Z,2024-02-14T06:00:00Z,2024-03-15T00:00:00Z,validation
5624,2023-12-16T12:00:00Z,2024-02-14T06:00:00Z,2024-02-14T12:00:00Z,2024-03-15T06:00:00Z,validation
5625,2023-12-16T18:00:00Z,2024-02-14T12:00:00Z,2024-02-14T18:00:00Z,2024-03-15T12:00:00Z,validation
5626,2023-12-17T00:00:00Z,2024-02-14T18:00:00Z,2024-02-15T00:00:00Z,2024-03-15T18:00:00Z,validation
5627,2023-12-17T06:00:00Z,2024-02-15T00:00:00Z,2024-02-15T06:00:00Z,2024-03-16T00:00:00Z,validation
5628,2023-12-17T12:00:00Z,2024-02-15T06:00:00Z,2024-02-15T12:00:00Z,2024-03-16T06:00:00Z,validation
5629,2023-12-17T18:00:00Z,2024-02-15T12:00:00Z,2024-02-15T18:00:00Z,2024-03-16T12:00:00Z,validation
5630,2023-12-18T00:00:00Z,2024-02-15T18:00:00Z,2024-02-16T00:00:00Z,2024-03-16T18:00:00Z,validation
5631,2023-12-18T06:00:00Z,2024-02-16T00:00:00Z,2024-02-16T06:00:00Z,2024-03-17T00:00:00Z,validation
5632,2023-12-18T12:00:00Z,2024-02-16T06:00:00Z,2024-02-16T12:00:00Z,2024-03-17T06:00:00Z,validation
5633,2023-12-18T18:00:00Z,2024-02-16T12:00:00Z,2024-02-16T18:00:00Z,2024-03-17T12:00:00Z,validation
5634,2023-12-19T00:00:00Z,2024-02-16T18:00:00Z,2024-02-17T00:00:00Z,2024-03-17T18:00:00Z,validation
5635,2023-12-19T06:00:00Z,2024-02-17T00:00:00Z,2024-02-17T06:00:00Z,2024-03-18T00:00:00Z,validation
5636,2023-12-19T12:00:00Z,2024-02-17T06:00:00Z,2024-02-17T12:00:00Z,2024-03-18T06:00:00Z,validation
5637,2023-12-19T18:00:00Z,2024-02-17T12:00:00Z,2024-02-17T18:00:00Z,2024-03-18T12:00:00Z,validation
5638,2023-12-20T00:00:00Z,2024-02-17T18:00:00Z,2024-02-18T00:00:00Z,2024-03-18T18:00:00Z,validation
5639,2023-12-20T06:00:00Z,2024-02-18T00:00:00Z,2024-02-18T06:00:00Z,2024-03-19T00:00:00Z,validation
5640,2023-12-20T12:00:00Z,2024-02-18T06:00:00Z,2024-02-18T12:00:00Z,2024-03-19T06:00:00Z,validation
5641,2023-12-20T18:00:00Z,2024-02-18T12:00:00Z,2024-02-18T18:00:00Z,2024-03-19T12:00:00Z,validation
5642,2023-12-21T00:00:00Z,2024-02-18T18:00:00Z,2024-02-19T00:00:00Z,2024-03-19T18:00:00Z,validation
5643,2023-12-21T06:00:00Z,2024-02-19T00:00:00Z,2024-02-19T06:00:00Z,2024-03-20T00:00:00Z,validation
5644,2023-12-21T12:00:00Z,2024-02-19T06:00:00Z,2024-02-19T12:00:00Z,2024-03-20T06:00:00Z,validation
5645,2023-12-21T18:00:00Z,2024-02-19T12:00:00Z,2024-02-19T18:00:00Z,2024-03-20T12:00:00Z,validation
5646,2023-12-22T00:00:00Z,2024-02-19T18:00:00Z,2024-02-20T00:00:00Z,2024-03-20T18:00:00Z,validation
5647,2023-12-22T06:00:00Z,2024-02-20T00:00:00Z,2024-02-20T06:00:00Z,2024-03-21T00:00:00Z,validation
5648,2023-12-22T12:00:00Z,2024-02-20T06:00:00Z,2024-02-20T12:00:00Z,2024-03-21T06:00:00Z,validation
5649,2023-12-22T18:00:00Z,2024-02-20T12:00:00Z,2024-02-20T18:00:00Z,2024-03-21T12:00:00Z,validation
5650,2023-12-23T00:00:00Z,2024-02-20T18:00:00Z,2024-02-21T00:00:00Z,2024-03-21T18:00:00Z,validation
5651,2023-12-23T06:00:00Z,2024-02-21T00:00:00Z,2024-02-21T06:00:00Z,2024-03-22T00:00:00Z,validation
5652,2023-12-23T12:00:00Z,2024-02-21T06:00:00Z,2024-02-21T12:00:00Z,2024-03-22T06:00:00Z,validation
5653,2023-12-23T18:00:00Z,2024-02-21T12:00:00Z,2024-02-21T18:00:00Z,2024-03-22T12:00:00Z,validation
5654,2023-12-24T00:00:00Z,2024-02-21T18:00:00Z,2024-02-22T00:00:00Z,2024-03-22T18:00:00Z,validation
5655,2023-12-24T06:00:00Z,2024-02-22T00:00:00Z,2024-02-22T06:00:00Z,2024-03-23T00:00:00Z,validation
5656,2023-12-24T12:00:00Z,2024-02-22T06:00:00Z,2024-02-22T12:00:00Z,2024-03-23T06:00:00Z,validation
5657,2023-12-24T18:00:00Z,2024-02-22T12:00:00Z,2024-02-22T18:00:00Z,2024-03-23T12:00:00Z,validation
5658,2023-12-25T00:00:00Z,2024-02-22T18:00:00Z,2024-02-23T00:00:00Z,2024-03-23T18:00:00Z,validation
5659,2023-12-25T06:00:00Z,2024-02-23T00:00:00Z,2024-02-23T06:00:00Z,2024-03-24T00:00:00Z,validation
5660,2023-12-25T12:00:00Z,2024-02-23T06:00:00Z,2024-02-23T12:00:00Z,2024-03-24T06:00:00Z,validation
5661,2023-12-25T18:00:00Z,2024-02-23T12:00:00Z,2024-02-23T18:00:00Z,2024-03-24T12:00:00Z,validation
5662,2023-12-26T00:00:00Z,2024-02-23T18:00:00Z,2024-02-24T00:00:00Z,2024-03-24T18:00:00Z,validation
5663,2023-12-26T06:00:00Z,2024-02-24T00:00:00Z,2024-02-24T06:00:00Z,2024-03-25T00:00:00Z,validation
5664,2023-12-26T12:00:00Z,2024-02-24T06:00:00Z,2024-02-24T12:00:00Z,2024-03-25T06:00:00Z,validation
5665,2023-12-26T18:00:00Z,2024-02-24T12:00:00Z,2024-02-24T18:00:00Z,2024-03-25T12:00:00Z,validation
5666,2023-12-27T00:00:00Z,2024-02-24T18:00:00Z,2024-02-25T00:00:00Z,2024-03-25T18:00:00Z,validation
5667,2023-12-27T06:00:00Z,2024-02-25T00:00:00Z,2024-02-25T06:00:00Z,2024-03-26T00:00:00Z,validation
5668,2023-12-27T12:00:00Z,2024-02-25T06:00:00Z,2024-02-25T12:00:00Z,2024-03-26T06:00:00Z,validation
5669,2023-12-27T18:00:00Z,2024-02-25T12:00:00Z,2024-02-25T18:00:00Z,2024-03-26T12:00:00Z,validation
5670,2023-12-28T00:00:00Z,2024-02-25T18:00:00Z,2024-02-26T00:00:00Z,2024-03-26T18:00:00Z,validation
5671,2023-12-28T06:00:00Z,2024-02-26T00:00:00Z,2024-02-26T06:00:00Z,2024-03-27T00:00:00Z,validation
5672,2023-12-28T12:00:00Z,2024-02-26T06:00:00Z,2024-02-26T12:00:00Z,2024-03-27T06:00:00Z,validation
5673,2023-12-28T18:00:00Z,2024-02-26T12:00:00Z,2024-02-26T18:00:00Z,2024-03-27T12:00:00Z,validation
5674,2023-12-29T00:00:00Z,2024-02-26T18:00:00Z,2024-02-27T00:00:00Z,2024-03-27T18:00:00Z,validation
5675,2023-12-29T06:00:00Z,2024-02-27T00:00:00Z,2024-02-27T06:00:00Z,2024-03-28T00:00:00Z,validation
5676,2023-12-29T12:00:00Z,2024-02-27T06:00:00Z,2024-02-27T12:00:00Z,2024-03-28T06:00:00Z,validation
5677,2023-12-29T18:00:00Z,2024-02-27T12:00:00Z,2024-02-27T18:00:00Z,2024-03-28T12:00:00Z,validation
5678,2023-12-30T00:00:00Z,2024-02-27T18:00:00Z,2024-02-28T00:00:00Z,2024-03-28T18:00:00Z,validation
5679,2023-12-30T06:00:00Z,2024-02-28T00:00:00Z,2024-02-28T06:00:00Z,2024-03-29T00:00:00Z,validation
5680,2023-12-30T12:00:00Z,2024-02-28T06:00:00Z,2024-02-28T12:00:00Z,2024-03-29T06:00:00Z,validation
5681,2023-12-30T18:00:00Z,2024-02-28T12:00:00Z,2024-02-28T18:00:00Z,2024-03-29T12:00:00Z,validation
5682,2023-12-31T00:00:00Z,2024-02-28T18:00:00Z,2024-02-29T00:00:00Z,2024-03-29T18:00:00Z,validation
5683,2023-12-31T06:00:00Z,2024-02-29T00:00:00Z,2024-02-29T06:00:00Z,2024-03-30T00:00:00Z,validation
5684,2023-12-31T12:00:00Z,2024-02-29T06:00:00Z,2024-02-29T12:00:00Z,2024-03-30T06:00:00Z,validation
5685,2023-12-31T18:00:00Z,2024-02-29T12:00:00Z,2024-02-29T18:00:00Z,2024-03-30T12:00:00Z,validation
5686,2024-01-01T00:00:00Z,2024-02-29T18:00:00Z,2024-03-01T00:00:00Z,2024-03-30T18:00:00Z,validation
5687,2024-01-01T06:00:00Z,2024-03-01T00:00:00Z,2024-03-01T06:00:00Z,2024-03-31T00:00:00Z,validation
5688,2024-01-01T12:00:00Z,2024-03-01T06:00:00Z,2024-03-01T12:00:00Z,2024-03-31T06:00:00Z,validation
5689,2024-01-01T18:00:00Z,2024-03-01T12:00:00Z,2024-03-01T18:00:00Z,2024-03-31T12:00:00Z,validation
5690,2024-01-02T00:00:00Z,2024-03-01T18:00:00Z,2024-03-02T00:00:00Z,2024-03-31T18:00:00Z,validation
5691,2024-01-02T06:00:00Z,2024-03-02T00:00:00Z,2024-03-02T06:00:00Z,2024-04-01T00:00:00Z,validation
5692,2024-01-02T12:00:00Z,2024-03-02T06:00:00Z,2024-03-02T12:00:00Z,2024-04-01T06:00:00Z,validation
5693,2024-01-02T18:00:00Z,2024-03-02T12:00:00Z,2024-03-02T18:00:00Z,2024-04-01T12:00:00Z,validation
5694,2024-01-03T00:00:00Z,2024-03-02T18:00:00Z,2024-03-03T00:00:00Z,2024-04-01T18:00:00Z,validation
5695,2024-01-03T06:00:00Z,2024-03-03T00:00:00Z,2024-03-03T06:00:00Z,2024-04-02T00:00:00Z,validation
5696,2024-01-03T12:00:00Z,2024-03-03T06:00:00Z,2024-03-03T12:00:00Z,2024-04-02T06:00:00Z,validation
5697,2024-01-03T18:00:00Z,2024-03-03T12:00:00Z,2024-03-03T18:00:00Z,2024-04-02T12:00:00Z,validation
5698,2024-01-04T00:00:00Z,2024-03-03T18:00:00Z,2024-03-04T00:00:00Z,2024-04-02T18:00:00Z,validation
5699,2024-01-04T06:00:00Z,2024-03-04T00:00:00Z,2024-03-04T06:00:00Z,2024-04-03T00:00:00Z,validation
5700,2024-01-04T12:00:00Z,2024-03-04T06:00:00Z,2024-03-04T12:00:00Z,2024-04-03T06:00:00Z,validation
5701,2024-01-04T18:00:00Z,2024-03-04T12:00:00Z,2024-03-04T18:00:00Z,2024-04-03T12:00:00Z,validation
5702,2024-01-05T00:00:00Z,2024-03-04T18:00:00Z,2024-03-05T00:00:00Z,2024-04-03T18:00:00Z,validation
5703,2024-01-05T06:00:00Z,2024-03-05T00:00:00Z,2024-03-05T06:00:00Z,2024-04-04T00:00:00Z,validation
5704,2024-01-05T12:00:00Z,2024-03-05T06:00:00Z,2024-03-05T12:00:00Z,2024-04-04T06:00:00Z,validation
5705,2024-01-05T18:00:00Z,2024-03-05T12:00:00Z,2024-03-05T18:00:00Z,2024-04-04T12:00:00Z,validation
5706,2024-01-06T00:00:00Z,2024-03-05T18:00:00Z,2024-03-06T00:00:00Z,2024-04-04T18:00:00Z,validation
5707,2024-01-06T06:00:00Z,2024-03-06T00:00:00Z,2024-03-06T06:00:00Z,2024-04-05T00:00:00Z,validation
5708,2024-01-06T12:00:00Z,2024-03-06T06:00:00Z,2024-03-06T12:00:00Z,2024-04-05T06:00:00Z,validation
5709,2024-01-06T18:00:00Z,2024-03-06T12:00:00Z,2024-03-06T18:00:00Z,2024-04-05T12:00:00Z,validation
5710,2024-01-07T00:00:00Z,2024-03-06T18:00:00Z,2024-03-07T00:00:00Z,2024-04-05T18:00:00Z,validation
5711,2024-01-07T06:00:00Z,2024-03-07T00:00:00Z,2024-03-07T06:00:00Z,2024-04-06T00:00:00Z,validation
5712,2024-01-07T12:00:00Z,2024-03-07T06:00:00Z,2024-03-07T12:00:00Z,2024-04-06T06:00:00Z,validation
5713,2024-01-07T18:00:00Z,2024-03-07T12:00:00Z,2024-03-07T18:00:00Z,2024-04-06T12:00:00Z,validation
5714,2024-01-08T00:00:00Z,2024-03-07T18:00:00Z,2024-03-08T00:00:00Z,2024-04-06T18:00:00Z,validation
5715,2024-01-08T06:00:00Z,2024-03-08T00:00:00Z,2024-03-08T06:00:00Z,2024-04-07T00:00:00Z,validation
5716,2024-01-08T12:00:00Z,2024-03-08T06:00:00Z,2024-03-08T12:00:00Z,2024-04-07T06:00:00Z,validation
5717,2024-01-08T18:00:00Z,2024-03-08T12:00:00Z,2024-03-08T18:00:00Z,2024-04-07T12:00:00Z,validation
5718,2024-01-09T00:00:00Z,2024-03-08T18:00:00Z,2024-03-09T00:00:00Z,2024-04-07T18:00:00Z,validation
5719,2024-01-09T06:00:00Z,2024-03-09T00:00:00Z,2024-03-09T06:00:00Z,2024-04-08T00:00:00Z,validation
5720,2024-01-09T12:00:00Z,2024-03-09T06:00:00Z,2024-03-09T12:00:00Z,2024-04-08T06:00:00Z,validation
5721,2024-01-09T18:00:00Z,2024-03-09T12:00:00Z,2024-03-09T18:00:00Z,2024-04-08T12:00:00Z,validation
5722,2024-01-10T00:00:00Z,2024-03-09T18:00:00Z,2024-03-10T00:00:00Z,2024-04-08T18:00:00Z,validation
5723,2024-01-10T06:00:00Z,2024-03-10T00:00:00Z,2024-03-10T06:00:00Z,2024-04-09T00:00:00Z,validation
5724,2024-01-10T12:00:00Z,2024-03-10T06:00:00Z,2024-03-10T12:00:00Z,2024-04-09T06:00:00Z,validation
5725,2024-01-10T18:00:00Z,2024-03-10T12:00:00Z,2024-03-10T18:00:00Z,2024-04-09T12:00:00Z,validation
5726,2024-01-11T00:00:00Z,2024-03-10T18:00:00Z,2024-03-11T00:00:00Z,2024-04-09T18:00:00Z,validation
5727,2024-01-11T06:00:00Z,2024-03-11T00:00:00Z,2024-03-11T06:00:00Z,2024-04-10T00:00:00Z,validation
5728,2024-01-11T12:00:00Z,2024-03-11T06:00:00Z,2024-03-11T12:00:00Z,2024-04-10T06:00:00Z,validation
5729,2024-01-11T18:00:00Z,2024-03-11T12:00:00Z,2024-03-11T18:00:00Z,2024-04-10T12:00:00Z,validation
5730,2024-01-12T00:00:00Z,2024-03-11T18:00:00Z,2024-03-12T00:00:00Z,2024-04-10T18:00:00Z,validation
5731,2024-01-12T06:00:00Z,2024-03-12T00:00:00Z,2024-03-12T06:00:00Z,2024-04-11T00:00:00Z,validation
5732,2024-01-12T12:00:00Z,2024-03-12T06:00:00Z,2024-03-12T12:00:00Z,2024-04-11T06:00:00Z,validation
5733,2024-01-12T18:00:00Z,2024-03-12T12:00:00Z,2024-03-12T18:00:00Z,2024-04-11T12:00:00Z,validation
5734,2024-01-13T00:00:00Z,2024-03-12T18:00:00Z,2024-03-13T00:00:00Z,2024-04-11T18:00:00Z,validation
5735,2024-01-13T06:00:00Z,2024-03-13T00:00:00Z,2024-03-13T06:00:00Z,2024-04-12T00:00:00Z,validation
5736,2024-01-13T12:00:00Z,2024-03-13T06:00:00Z,2024-03-13T12:00:00Z,2024-04-12T06:00:00Z,validation
5737,2024-01-13T18:00:00Z,2024-03-13T12:00:00Z,2024-03-13T18:00:00Z,2024-04-12T12:00:00Z,validation
5738,2024-01-14T00:00:00Z,2024-03-13T18:00:00Z,2024-03-14T00:00:00Z,2024-04-12T18:00:00Z,validation
5739,2024-01-14T06:00:00Z,2024-03-14T00:00:00Z,2024-03-14T06:00:00Z,2024-04-13T00:00:00Z,validation
5740,2024-01-14T12:00:00Z,2024-03-14T06:00:00Z,2024-03-14T12:00:00Z,2024-04-13T06:00:00Z,validation
5741,2024-01-14T18:00:00Z,2024-03-14T12:00:00Z,2024-03-14T18:00:00Z,2024-04-13T12:00:00Z,validation
5742,2024-01-15T00:00:00Z,2024-03-14T18:00:00Z,2024-03-15T00:00:00Z,2024-04-13T18:00:00Z,validation
5743,2024-01-15T06:00:00Z,2024-03-15T00:00:00Z,2024-03-15T06:00:00Z,2024-04-14T00:00:00Z,validation
5744,2024-01-15T12:00:00Z,2024-03-15T06:00:00Z,2024-03-15T12:00:00Z,2024-04-14T06:00:00Z,validation
5745,2024-01-15T18:00:00Z,2024-03-15T12:00:00Z,2024-03-15T18:00:00Z,2024-04-14T12:00:00Z,validation
5746,2024-01-16T00:00:00Z,2024-03-15T18:00:00Z,2024-03-16T00:00:00Z,2024-04-14T18:00:00Z,validation
5747,2024-01-16T06:00:00Z,2024-03-16T00:00:00Z,2024-03-16T06:00:00Z,2024-04-15T00:00:00Z,validation
5748,2024-01-16T12:00:00Z,2024-03-16T06:00:00Z,2024-03-16T12:00:00Z,2024-04-15T06:00:00Z,validation
5749,2024-01-16T18:00:00Z,2024-03-16T12:00:00Z,2024-03-16T18:00:00Z,2024-04-15T12:00:00Z,validation
5750,2024-01-17T00:00:00Z,2024-03-16T18:00:00Z,2024-03-17T00:00:00Z,2024-04-15T18:00:00Z,validation
5751,2024-01-17T06:00:00Z,2024-03-17T00:00:00Z,2024-03-17T06:00:00Z,2024-04-16T00:00:00Z,validation
5752,2024-01-17T12:00:00Z,2024-03-17T06:00:00Z,2024-03-17T12:00:00Z,2024-04-16T06:00:00Z,validation
5753,2024-01-17T18:00:00Z,2024-03-17T12:00:00Z,2024-03-17T18:00:00Z,2024-04-16T12:00:00Z,validation
5754,2024-01-18T00:00:00Z,2024-03-17T18:00:00Z,2024-03-18T00:00:00Z,2024-04-16T18:00:00Z,validation
5755,2024-01-18T06:00:00Z,2024-03-18T00:00:00Z,2024-03-18T06:00:00Z,2024-04-17T00:00:00Z,validation
5756,2024-01-18T12:00:00Z,2024-03-18T06:00:00Z,2024-03-18T12:00:00Z,2024-04-17T06:00:00Z,validation
5757,2024-01-18T18:00:00Z,2024-03-18T12:00:00Z,2024-03-18T18:00:00Z,2024-04-17T12:00:00Z,validation
5758,2024-01-19T00:00:00Z,2024-03-18T18:00:00Z,2024-03-19T00:00:00Z,2024-04-17T18:00:00Z,validation
5759,2024-01-19T06:00:00Z,2024-03-19T00:00:00Z,2024-03-19T06:00:00Z,2024-04-18T00:00:00Z,validation
5760,2024-01-19T12:00:00Z,2024-03-19T06:00:00Z,2024-03-19T12:00:00Z,2024-04-18T06:00:00Z,validation
5761,2024-01-19T18:00:00Z,2024-03-19T12:00:00Z,2024-03-19T18:00:00Z,2024-04-18T12:00:00Z,validation
5762,2024-01-20T00:00:00Z,2024-03-19T18:00:00Z,2024-03-20T00:00:00Z,2024-04-18T18:00:00Z,validation
5763,2024-01-20T06:00:00Z,2024-03-20T00:00:00Z,2024-03-20T06:00:00Z,2024-04-19T00:00:00Z,validation
5764,2024-01-20T12:00:00Z,2024-03-20T06:00:00Z,2024-03-20T12:00:00Z,2024-04-19T06:00:00Z,validation
5765,2024-01-20T18:00:00Z,2024-03-20T12:00:00Z,2024-03-20T18:00:00Z,2024-04-19T12:00:00Z,validation
5766,2024-01-21T00:00:00Z,2024-03-20T18:00:00Z,2024-03-21T00:00:00Z,2024-04-19T18:00:00Z,validation
5767,2024-01-21T06:00:00Z,2024-03-21T00:00:00Z,2024-03-21T06:00:00Z,2024-04-20T00:00:00Z,validation
5768,2024-01-21T12:00:00Z,2024-03-21T06:00:00Z,2024-03-21T12:00:00Z,2024-04-20T06:00:00Z,validation
5769,2024-01-21T18:00:00Z,2024-03-21T12:00:00Z,2024-03-21T18:00:00Z,2024-04-20T12:00:00Z,validation
5770,2024-01-22T00:00:00Z,2024-03-21T18:00:00Z,2024-03-22T00:00:00Z,2024-04-20T18:00:00Z,validation
5771,2024-01-22T06:00:00Z,2024-03-22T00:00:00Z,2024-03-22T06:00:00Z,2024-04-21T00:00:00Z,validation
5772,2024-01-22T12:00:00Z,2024-03-22T06:00:00Z,2024-03-22T12:00:00Z,2024-04-21T06:00:00Z,validation
5773,2024-01-22T18:00:00Z,2024-03-22T12:00:00Z,2024-03-22T18:00:00Z,2024-04-21T12:00:00Z,validation
5774,2024-01-23T00:00:00Z,2024-03-22T18:00:00Z,2024-03-23T00:00:00Z,2024-04-21T18:00:00Z,validation
5775,2024-01-23T06:00:00Z,2024-03-23T00:00:00Z,2024-03-23T06:00:00Z,2024-04-22T00:00:00Z,validation
5776,2024-01-23T12:00:00Z,2024-03-23T06:00:00Z,2024-03-23T12:00:00Z,2024-04-22T06:00:00Z,validation
5777,2024-01-23T18:00:00Z,2024-03-23T12:00:00Z,2024-03-23T18:00:00Z,2024-04-22T12:00:00Z,validation
5778,2024-01-24T00:00:00Z,2024-03-23T18:00:00Z,2024-03-24T00:00:00Z,2024-04-22T18:00:00Z,validation
5779,2024-01-24T06:00:00Z,2024-03-24T00:00:00Z,2024-03-24T06:00:00Z,2024-04-23T00:00:00Z,validation
5780,2024-01-24T12:00:00Z,2024-03-24T06:00:00Z,2024-03-24T12:00:00Z,2024-04-23T06:00:00Z,validation
5781,2024-01-24T18:00:00Z,2024-03-24T12:00:00Z,2024-03-24T18:00:00Z,2024-04-23T12:00:00Z,validation
5782,2024-01-25T00:00:00Z,2024-03-24T18:00:00Z,2024-03-25T00:00:00Z,2024-04-23T18:00:00Z,validation
5783,2024-01-25T06:00:00Z,2024-03-25T00:00:00Z,2024-03-25T06:00:00Z,2024-04-24T00:00:00Z,validation
5784,2024-01-25T12:00:00Z,2024-03-25T06:00:00Z,2024-03-25T12:00:00Z,2024-04-24T06:00:00Z,validation
5785,2024-01-25T18:00:00Z,2024-03-25T12:00:00Z,2024-03-25T18:00:00Z,2024-04-24T12:00:00Z,validation
5786,2024-01-26T00:00:00Z,2024-03-25T18:00:00Z,2024-03-26T00:00:00Z,2024-04-24T18:00:00Z,validation
5787,2024-01-26T06:00:00Z,2024-03-26T00:00:00Z,2024-03-26T06:00:00Z,2024-04-25T00:00:00Z,validation
5788,2024-01-26T12:00:00Z,2024-03-26T06:00:00Z,2024-03-26T12:00:00Z,2024-04-25T06:00:00Z,validation
5789,2024-01-26T18:00:00Z,2024-03-26T12:00:00Z,2024-03-26T18:00:00Z,2024-04-25T12:00:00Z,validation
5790,2024-01-27T00:00:00Z,2024-03-26T18:00:00Z,2024-03-27T00:00:00Z,2024-04-25T18:00:00Z,validation
5791,2024-01-27T06:00:00Z,2024-03-27T00:00:00Z,2024-03-27T06:00:00Z,2024-04-26T00:00:00Z,validation
5792,2024-01-27T12:00:00Z,2024-03-27T06:00:00Z,2024-03-27T12:00:00Z,2024-04-26T06:00:00Z,validation
5793,2024-01-27T18:00:00Z,2024-03-27T12:00:00Z,2024-03-27T18:00:00Z,2024-04-26T12:00:00Z,validation
5794,2024-01-28T00:00:00Z,2024-03-27T18:00:00Z,2024-03-28T00:00:00Z,2024-04-26T18:00:00Z,validation
5795,2024-01-28T06:00:00Z,2024-03-28T00:00:00Z,2024-03-28T06:00:00Z,2024-04-27T00:00:00Z,validation
5796,2024-01-28T12:00:00Z,2024-03-28T06:00:00Z,2024-03-28T12:00:00Z,2024-04-27T06:00:00Z,validation
5797,2024-01-28T18:00:00Z,2024-03-28T12:00:00Z,2024-03-28T18:00:00Z,2024-04-27T12:00:00Z,validation
5798,2024-01-29T00:00:00Z,2024-03-28T18:00:00Z,2024-03-29T00:00:00Z,2024-04-27T18:00:00Z,validation
5799,2024-01-29T06:00:00Z,2024-03-29T00:00:00Z,2024-03-29T06:00:00Z,2024-04-28T00:00:00Z,validation
5800,2024-01-29T12:00:00Z,2024-03-29T06:00:00Z,2024-03-29T12:00:00Z,2024-04-28T06:00:00Z,validation
5801,2024-01-29T18:00:00Z,2024-03-29T12:00:00Z,2024-03-29T18:00:00Z,2024-04-28T12:00:00Z,validation
5802,2024-01-30T00:00:00Z,2024-03-29T18:00:00Z,2024-03-30T00:00:00Z,2024-04-28T18:00:00Z,validation
5803,2024-01-30T06:00:00Z,2024-03-30T00:00:00Z,2024-03-30T06:00:00Z,2024-04-29T00:00:00Z,validation
5804,2024-01-30T12:00:00Z,2024-03-30T06:00:00Z,2024-03-30T12:00:00Z,2024-04-29T06:00:00Z,validation
5805,2024-01-30T18:00:00Z,2024-03-30T12:00:00Z,2024-03-30T18:00:00Z,2024-04-29T12:00:00Z,validation
5806,2024-01-31T00:00:00Z,2024-03-30T18:00:00Z,2024-03-31T00:00:00Z,2024-04-29T18:00:00Z,validation
5807,2024-01-31T06:00:00Z,2024-03-31T00:00:00Z,2024-03-31T06:00:00Z,2024-04-30T00:00:00Z,validation
5808,2024-01-31T12:00:00Z,2024-03-31T06:00:00Z,2024-03-31T12:00:00Z,2024-04-30T06:00:00Z,validation
5809,2024-01-31T18:00:00Z,2024-03-31T12:00:00Z,2024-03-31T18:00:00Z,2024-04-30T12:00:00Z,validation
5810,2024-02-01T00:00:00Z,2024-03-31T18:00:00Z,2024-04-01T00:00:00Z,2024-04-30T18:00:00Z,validation
5811,2024-02-01T06:00:00Z,2024-04-01T00:00:00Z,2024-04-01T06:00:00Z,2024-05-01T00:00:00Z,validation
5812,2024-02-01T12:00:00Z,2024-04-01T06:00:00Z,2024-04-01T12:00:00Z,2024-05-01T06:00:00Z,validation
5813,2024-02-01T18:00:00Z,2024-04-01T12:00:00Z,2024-04-01T18:00:00Z,2024-05-01T12:00:00Z,validation
5814,2024-02-02T00:00:00Z,2024-04-01T18:00:00Z,2024-04-02T00:00:00Z,2024-05-01T18:00:00Z,validation
5815,2024-02-02T06:00:00Z,2024-04-02T00:00:00Z,2024-04-02T06:00:00Z,2024-05-02T00:00:00Z,validation
5816,2024-02-02T12:00:00Z,2024-04-02T06:00:00Z,2024-04-02T12:00:00Z,2024-05-02T06:00:00Z,validation
5817,2024-02-02T18:00:00Z,2024-04-02T12:00:00Z,2024-04-02T18:00:00Z,2024-05-02T12:00:00Z,validation
5818,2024-02-03T00:00:00Z,2024-04-02T18:00:00Z,2024-04-03T00:00:00Z,2024-05-02T18:00:00Z,validation
5819,2024-02-03T06:00:00Z,2024-04-03T00:00:00Z,2024-04-03T06:00:00Z,2024-05-03T00:00:00Z,validation
5820,2024-02-03T12:00:00Z,2024-04-03T06:00:00Z,2024-04-03T12:00:00Z,2024-05-03T06:00:00Z,validation
5821,2024-02-03T18:00:00Z,2024-04-03T12:00:00Z,2024-04-03T18:00:00Z,2024-05-03T12:00:00Z,validation
5822,2024-02-04T00:00:00Z,2024-04-03T18:00:00Z,2024-04-04T00:00:00Z,2024-05-03T18:00:00Z,validation
5823,2024-02-04T06:00:00Z,2024-04-04T00:00:00Z,2024-04-04T06:00:00Z,2024-05-04T00:00:00Z,validation
5824,2024-02-04T12:00:00Z,2024-04-04T06:00:00Z,2024-04-04T12:00:00Z,2024-05-04T06:00:00Z,validation
5825,2024-02-04T18:00:00Z,2024-04-04T12:00:00Z,2024-04-04T18:00:00Z,2024-05-04T12:00:00Z,validation
5826,2024-02-05T00:00:00Z,2024-04-04T18:00:00Z,2024-04-05T00:00:00Z,2024-05-04T18:00:00Z,validation
5827,2024-02-05T06:00:00Z,2024-04-05T00:00:00Z,2024-04-05T06:00:00Z,2024-05-05T00:00:00Z,validation
5828,2024-02-05T12:00:00Z,2024-04-05T06:00:00Z,2024-04-05T12:00:00Z,2024-05-05T06:00:00Z,validation
5829,2024-02-05T18:00:00Z,2024-04-05T12:00:00Z,2024-04-05T18:00:00Z,2024-05-05T12:00:00Z,validation
5830,2024-02-06T00:00:00Z,2024-04-05T18:00:00Z,2024-04-06T00:00:00Z,2024-05-05T18:00:00Z,validation
5831,2024-02-06T06:00:00Z,2024-04-06T00:00:00Z,2024-04-06T06:00:00Z,2024-05-06T00:00:00Z,validation
5832,2024-02-06T12:00:00Z,2024-04-06T06:00:00Z,2024-04-06T12:00:00Z,2024-05-06T06:00:00Z,validation
5833,2024-02-06T18:00:00Z,2024-04-06T12:00:00Z,2024-04-06T18:00:00Z,2024-05-06T12:00:00Z,validation
5834,2024-02-07T00:00:00Z,2024-04-06T18:00:00Z,2024-04-07T00:00:00Z,2024-05-06T18:00:00Z,validation
5835,2024-02-07T06:00:00Z,2024-04-07T00:00:00Z,2024-04-07T06:00:00Z,2024-05-07T00:00:00Z,validation
5836,2024-02-07T12:00:00Z,2024-04-07T06:00:00Z,2024-04-07T12:00:00Z,2024-05-07T06:00:00Z,validation
5837,2024-02-07T18:00:00Z,2024-04-07T12:00:00Z,2024-04-07T18:00:00Z,2024-05-07T12:00:00Z,validation
5838,2024-02-08T00:00:00Z,2024-04-07T18:00:00Z,2024-04-08T00:00:00Z,2024-05-07T18:00:00Z,validation
5839,2024-02-08T06:00:00Z,2024-04-08T00:00:00Z,2024-04-08T06:00:00Z,2024-05-08T00:00:00Z,validation
5840,2024-02-08T12:00:00Z,2024-04-08T06:00:00Z,2024-04-08T12:00:00Z,2024-05-08T06:00:00Z,validation
5841,2024-02-08T18:00:00Z,2024-04-08T12:00:00Z,2024-04-08T18:00:00Z,2024-05-08T12:00:00Z,validation
5842,2024-02-09T00:00:00Z,2024-04-08T18:00:00Z,2024-04-09T00:00:00Z,2024-05-08T18:00:00Z,validation
5843,2024-02-09T06:00:00Z,2024-04-09T00:00:00Z,2024-04-09T06:00:00Z,2024-05-09T00:00:00Z,validation
5844,2024-02-09T12:00:00Z,2024-04-09T06:00:00Z,2024-04-09T12:00:00Z,2024-05-09T06:00:00Z,validation
5845,2024-02-09T18:00:00Z,2024-04-09T12:00:00Z,2024-04-09T18:00:00Z,2024-05-09T12:00:00Z,validation
5846,2024-02-10T00:00:00Z,2024-04-09T18:00:00Z,2024-04-10T00:00:00Z,2024-05-09T18:00:00Z,validation
5847,2024-02-10T06:00:00Z,2024-04-10T00:00:00Z,2024-04-10T06:00:00Z,2024-05-10T00:00:00Z,validation
5848,2024-02-10T12:00:00Z,2024-04-10T06:00:00Z,2024-04-10T12:00:00Z,2024-05-10T06:00:00Z,validation
5849,2024-02-10T18:00:00Z,2024-04-10T12:00:00Z,2024-04-10T18:00:00Z,2024-05-10T12:00:00Z,validation
5850,2024-02-11T00:00:00Z,2024-04-10T18:00:00Z,2024-04-11T00:00:00Z,2024-05-10T18:00:00Z,validation
5851,2024-02-11T06:00:00Z,2024-04-11T00:00:00Z,2024-04-11T06:00:00Z,2024-05-11T00:00:00Z,validation
5852,2024-02-11T12:00:00Z,2024-04-11T06:00:00Z,2024-04-11T12:00:00Z,2024-05-11T06:00:00Z,validation
5853,2024-02-11T18:00:00Z,2024-04-11T12:00:00Z,2024-04-11T18:00:00Z,2024-05-11T12:00:00Z,validation
5854,2024-02-12T00:00:00Z,2024-04-11T18:00:00Z,2024-04-12T00:00:00Z,2024-05-11T18:00:00Z,validation
5855,2024-02-12T06:00:00Z,2024-04-12T00:00:00Z,2024-04-12T06:00:00Z,2024-05-12T00:00:00Z,validation
5856,2024-02-12T12:00:00Z,2024-04-12T06:00:00Z,2024-04-12T12:00:00Z,2024-05-12T06:00:00Z,validation
5857,2024-02-12T18:00:00Z,2024-04-12T12:00:00Z,2024-04-12T18:00:00Z,2024-05-12T12:00:00Z,validation
5858,2024-02-13T00:00:00Z,2024-04-12T18:00:00Z,2024-04-13T00:00:00Z,2024-05-12T18:00:00Z,validation
5859,2024-02-13T06:00:00Z,2024-04-13T00:00:00Z,2024-04-13T06:00:00Z,2024-05-13T00:00:00Z,validation
5860,2024-02-13T12:00:00Z,2024-04-13T06:00:00Z,2024-04-13T12:00:00Z,2024-05-13T06:00:00Z,validation
5861,2024-02-13T18:00:00Z,2024-04-13T12:00:00Z,2024-04-13T18:00:00Z,2024-05-13T12:00:00Z,validation
5862,2024-02-14T00:00:00Z,2024-04-13T18:00:00Z,2024-04-14T00:00:00Z,2024-05-13T18:00:00Z,validation
5863,2024-02-14T06:00:00Z,2024-04-14T00:00:00Z,2024-04-14T06:00:00Z,2024-05-14T00:00:00Z,validation
5864,2024-02-14T12:00:00Z,2024-04-14T06:00:00Z,2024-04-14T12:00:00Z,2024-05-14T06:00:00Z,validation
5865,2024-02-14T18:00:00Z,2024-04-14T12:00:00Z,2024-04-14T18:00:00Z,2024-05-14T12:00:00Z,validation
5866,2024-02-15T00:00:00Z,2024-04-14T18:00:00Z,2024-04-15T00:00:00Z,2024-05-14T18:00:00Z,validation
5867,2024-02-15T06:00:00Z,2024-04-15T00:00:00Z,2024-04-15T06:00:00Z,2024-05-15T00:00:00Z,validation
5868,2024-02-15T12:00:00Z,2024-04-15T06:00:00Z,2024-04-15T12:00:00Z,2024-05-15T06:00:00Z,validation
5869,2024-02-15T18:00:00Z,2024-04-15T12:00:00Z,2024-04-15T18:00:00Z,2024-05-15T12:00:00Z,validation
5870,2024-02-16T00:00:00Z,2024-04-15T18:00:00Z,2024-04-16T00:00:00Z,2024-05-15T18:00:00Z,validation
5871,2024-02-16T06:00:00Z,2024-04-16T00:00:00Z,2024-04-16T06:00:00Z,2024-05-16T00:00:00Z,validation
5872,2024-02-16T12:00:00Z,2024-04-16T06:00:00Z,2024-04-16T12:00:00Z,2024-05-16T06:00:00Z,validation
5873,2024-02-16T18:00:00Z,2024-04-16T12:00:00Z,2024-04-16T18:00:00Z,2024-05-16T12:00:00Z,validation
5874,2024-02-17T00:00:00Z,2024-04-16T18:00:00Z,2024-04-17T00:00:00Z,2024-05-16T18:00:00Z,validation
5875,2024-02-17T06:00:00Z,2024-04-17T00:00:00Z,2024-04-17T06:00:00Z,2024-05-17T00:00:00Z,validation
5876,2024-02-17T12:00:00Z,2024-04-17T06:00:00Z,2024-04-17T12:00:00Z,2024-05-17T06:00:00Z,validation
5877,2024-02-17T18:00:00Z,2024-04-17T12:00:00Z,2024-04-17T18:00:00Z,2024-05-17T12:00:00Z,validation
5878,2024-02-18T00:00:00Z,2024-04-17T18:00:00Z,2024-04-18T00:00:00Z,2024-05-17T18:00:00Z,validation
5879,2024-02-18T06:00:00Z,2024-04-18T00:00:00Z,2024-04-18T06:00:00Z,2024-05-18T00:00:00Z,validation
5880,2024-02-18T12:00:00Z,2024-04-18T06:00:00Z,2024-04-18T12:00:00Z,2024-05-18T06:00:00Z,validation
5881,2024-02-18T18:00:00Z,2024-04-18T12:00:00Z,2024-04-18T18:00:00Z,2024-05-18T12:00:00Z,validation
5882,2024-02-19T00:00:00Z,2024-04-18T18:00:00Z,2024-04-19T00:00:00Z,2024-05-18T18:00:00Z,validation
5883,2024-02-19T06:00:00Z,2024-04-19T00:00:00Z,2024-04-19T06:00:00Z,2024-05-19T00:00:00Z,validation
5884,2024-02-19T12:00:00Z,2024-04-19T06:00:00Z,2024-04-19T12:00:00Z,2024-05-19T06:00:00Z,validation
5885,2024-02-19T18:00:00Z,2024-04-19T12:00:00Z,2024-04-19T18:00:00Z,2024-05-19T12:00:00Z,validation
5886,2024-02-20T00:00:00Z,2024-04-19T18:00:00Z,2024-04-20T00:00:00Z,2024-05-19T18:00:00Z,validation
5887,2024-02-20T06:00:00Z,2024-04-20T00:00:00Z,2024-04-20T06:00:00Z,2024-05-20T00:00:00Z,validation
5888,2024-02-20T12:00:00Z,2024-04-20T06:00:00Z,2024-04-20T12:00:00Z,2024-05-20T06:00:00Z,validation
5889,2024-02-20T18:00:00Z,2024-04-20T12:00:00Z,2024-04-20T18:00:00Z,2024-05-20T12:00:00Z,validation
5890,2024-02-21T00:00:00Z,2024-04-20T18:00:00Z,2024-04-21T00:00:00Z,2024-05-20T18:00:00Z,validation
5891,2024-02-21T06:00:00Z,2024-04-21T00:00:00Z,2024-04-21T06:00:00Z,2024-05-21T00:00:00Z,validation
5892,2024-02-21T12:00:00Z,2024-04-21T06:00:00Z,2024-04-21T12:00:00Z,2024-05-21T06:00:00Z,validation
5893,2024-02-21T18:00:00Z,2024-04-21T12:00:00Z,2024-04-21T18:00:00Z,2024-05-21T12:00:00Z,validation
5894,2024-02-22T00:00:00Z,2024-04-21T18:00:00Z,2024-04-22T00:00:00Z,2024-05-21T18:00:00Z,validation
5895,2024-02-22T06:00:00Z,2024-04-22T00:00:00Z,2024-04-22T06:00:00Z,2024-05-22T00:00:00Z,validation
5896,2024-02-22T12:00:00Z,2024-04-22T06:00:00Z,2024-04-22T12:00:00Z,2024-05-22T06:00:00Z,validation
5897,2024-02-22T18:00:00Z,2024-04-22T12:00:00Z,2024-04-22T18:00:00Z,2024-05-22T12:00:00Z,validation
5898,2024-02-23T00:00:00Z,2024-04-22T18:00:00Z,2024-04-23T00:00:00Z,2024-05-22T18:00:00Z,validation
5899,2024-02-23T06:00:00Z,2024-04-23T00:00:00Z,2024-04-23T06:00:00Z,2024-05-23T00:00:00Z,validation
5900,2024-02-23T12:00:00Z,2024-04-23T06:00:00Z,2024-04-23T12:00:00Z,2024-05-23T06:00:00Z,validation
5901,2024-02-23T18:00:00Z,2024-04-23T12:00:00Z,2024-04-23T18:00:00Z,2024-05-23T12:00:00Z,validation
5902,2024-02-24T00:00:00Z,2024-04-23T18:00:00Z,2024-04-24T00:00:00Z,2024-05-23T18:00:00Z,validation
5903,2024-02-24T06:00:00Z,2024-04-24T00:00:00Z,2024-04-24T06:00:00Z,2024-05-24T00:00:00Z,validation
5904,2024-02-24T12:00:00Z,2024-04-24T06:00:00Z,2024-04-24T12:00:00Z,2024-05-24T06:00:00Z,validation
5905,2024-02-24T18:00:00Z,2024-04-24T12:00:00Z,2024-04-24T18:00:00Z,2024-05-24T12:00:00Z,validation
5906,2024-02-25T00:00:00Z,2024-04-24T18:00:00Z,2024-04-25T00:00:00Z,2024-05-24T18:00:00Z,validation
5907,2024-02-25T06:00:00Z,2024-04-25T00:00:00Z,2024-04-25T06:00:00Z,2024-05-25T00:00:00Z,validation
5908,2024-02-25T12:00:00Z,2024-04-25T06:00:00Z,2024-04-25T12:00:00Z,2024-05-25T06:00:00Z,validation
5909,2024-02-25T18:00:00Z,2024-04-25T12:00:00Z,2024-04-25T18:00:00Z,2024-05-25T12:00:00Z,validation
5910,2024-02-26T00:00:00Z,2024-04-25T18:00:00Z,2024-04-26T00:00:00Z,2024-05-25T18:00:00Z,validation
5911,2024-02-26T06:00:00Z,2024-04-26T00:00:00Z,2024-04-26T06:00:00Z,2024-05-26T00:00:00Z,validation
5912,2024-02-26T12:00:00Z,2024-04-26T06:00:00Z,2024-04-26T12:00:00Z,2024-05-26T06:00:00Z,validation
5913,2024-02-26T18:00:00Z,2024-04-26T12:00:00Z,2024-04-26T18:00:00Z,2024-05-26T12:00:00Z,validation
5914,2024-02-27T00:00:00Z,2024-04-26T18:00:00Z,2024-04-27T00:00:00Z,2024-05-26T18:00:00Z,validation
5915,2024-02-27T06:00:00Z,2024-04-27T00:00:00Z,2024-04-27T06:00:00Z,2024-05-27T00:00:00Z,validation
5916,2024-02-27T12:00:00Z,2024-04-27T06:00:00Z,2024-04-27T12:00:00Z,2024-05-27T06:00:00Z,validation
5917,2024-02-27T18:00:00Z,2024-04-27T12:00:00Z,2024-04-27T18:00:00Z,2024-05-27T12:00:00Z,validation
5918,2024-02-28T00:00:00Z,2024-04-27T18:00:00Z,2024-04-28T00:00:00Z,2024-05-27T18:00:00Z,validation
5919,2024-02-28T06:00:00Z,2024-04-28T00:00:00Z,2024-04-28T06:00:00Z,2024-05-28T00:00:00Z,validation
5920,2024-02-28T12:00:00Z,2024-04-28T06:00:00Z,2024-04-28T12:00:00Z,2024-05-28T06:00:00Z,validation
5921,2024-02-28T18:00:00Z,2024-04-28T12:00:00Z,2024-04-28T18:00:00Z,2024-05-28T12:00:00Z,validation
5922,2024-02-29T00:00:00Z,2024-04-28T18:00:00Z,2024-04-29T00:00:00Z,2024-05-28T18:00:00Z,validation
5923,2024-02-29T06:00:00Z,2024-04-29T00:00:00Z,2024-04-29T06:00:00Z,2024-05-29T00:00:00Z,validation
5924,2024-02-29T12:00:00Z,2024-04-29T06:00:00Z,2024-04-29T12:00:00Z,2024-05-29T06:00:00Z,validation
5925,2024-02-29T18:00:00Z,2024-04-29T12:00:00Z,2024-04-29T18:00:00Z,2024-05-29T12:00:00Z,validation
5926,2024-03-01T00:00:00Z,2024-04-29T18:00:00Z,2024-04-30T00:00:00Z,2024-05-29T18:00:00Z,validation
5927,2024-03-01T06:00:00Z,2024-04-30T00:00:00Z,2024-04-30T06:00:00Z,2024-05-30T00:00:00Z,validation
5928,2024-03-01T12:00:00Z,2024-04-30T06:00:00Z,2024-04-30T12:00:00Z,2024-05-30T06:00:00Z,validation
5929,2024-03-01T18:00:00Z,2024-04-30T12:00:00Z,2024-04-30T18:00:00Z,2024-05-30T12:00:00Z,validation
5930,2024-03-02T00:00:00Z,2024-04-30T18:00:00Z,2024-05-01T00:00:00Z,2024-05-30T18:00:00Z,validation
5931,2024-03-02T06:00:00Z,2024-05-01T00:00:00Z,2024-05-01T06:00:00Z,2024-05-31T00:00:00Z,validation
5932,2024-03-02T12:00:00Z,2024-05-01T06:00:00Z,2024-05-01T12:00:00Z,2024-05-31T06:00:00Z,validation
5933,2024-03-02T18:00:00Z,2024-05-01T12:00:00Z,2024-05-01T18:00:00Z,2024-05-31T12:00:00Z,validation
5934,2024-03-03T00:00:00Z,2024-05-01T18:00:00Z,2024-05-02T00:00:00Z,2024-05-31T18:00:00Z,validation
5935,2024-03-03T06:00:00Z,2024-05-02T00:00:00Z,2024-05-02T06:00:00Z,2024-06-01T00:00:00Z,validation
5936,2024-03-03T12:00:00Z,2024-05-02T06:00:00Z,2024-05-02T12:00:00Z,2024-06-01T06:00:00Z,validation
5937,2024-03-03T18:00:00Z,2024-05-02T12:00:00Z,2024-05-02T18:00:00Z,2024-06-01T12:00:00Z,validation
5938,2024-03-04T00:00:00Z,2024-05-02T18:00:00Z,2024-05-03T00:00:00Z,2024-06-01T18:00:00Z,validation
5939,2024-03-04T06:00:00Z,2024-05-03T00:00:00Z,2024-05-03T06:00:00Z,2024-06-02T00:00:00Z,validation
5940,2024-03-04T12:00:00Z,2024-05-03T06:00:00Z,2024-05-03T12:00:00Z,2024-06-02T06:00:00Z,validation
5941,2024-03-04T18:00:00Z,2024-05-03T12:00:00Z,2024-05-03T18:00:00Z,2024-06-02T12:00:00Z,validation
5942,2024-03-05T00:00:00Z,2024-05-03T18:00:00Z,2024-05-04T00:00:00Z,2024-06-02T18:00:00Z,validation
5943,2024-03-05T06:00:00Z,2024-05-04T00:00:00Z,2024-05-04T06:00:00Z,2024-06-03T00:00:00Z,validation
5944,2024-03-05T12:00:00Z,2024-05-04T06:00:00Z,2024-05-04T12:00:00Z,2024-06-03T06:00:00Z,validation
5945,2024-03-05T18:00:00Z,2024-05-04T12:00:00Z,2024-05-04T18:00:00Z,2024-06-03T12:00:00Z,validation
5946,2024-03-06T00:00:00Z,2024-05-04T18:00:00Z,2024-05-05T00:00:00Z,2024-06-03T18:00:00Z,validation
5947,2024-03-06T06:00:00Z,2024-05-05T00:00:00Z,2024-05-05T06:00:00Z,2024-06-04T00:00:00Z,validation
5948,2024-03-06T12:00:00Z,2024-05-05T06:00:00Z,2024-05-05T12:00:00Z,2024-06-04T06:00:00Z,validation
5949,2024-03-06T18:00:00Z,2024-05-05T12:00:00Z,2024-05-05T18:00:00Z,2024-06-04T12:00:00Z,validation
5950,2024-03-07T00:00:00Z,2024-05-05T18:00:00Z,2024-05-06T00:00:00Z,2024-06-04T18:00:00Z,validation
5951,2024-03-07T06:00:00Z,2024-05-06T00:00:00Z,2024-05-06T06:00:00Z,2024-06-05T00:00:00Z,validation
5952,2024-03-07T12:00:00Z,2024-05-06T06:00:00Z,2024-05-06T12:00:00Z,2024-06-05T06:00:00Z,validation
5953,2024-03-07T18:00:00Z,2024-05-06T12:00:00Z,2024-05-06T18:00:00Z,2024-06-05T12:00:00Z,validation
5954,2024-03-08T00:00:00Z,2024-05-06T18:00:00Z,2024-05-07T00:00:00Z,2024-06-05T18:00:00Z,validation
5955,2024-03-08T06:00:00Z,2024-05-07T00:00:00Z,2024-05-07T06:00:00Z,2024-06-06T00:00:00Z,validation
5956,2024-03-08T12:00:00Z,2024-05-07T06:00:00Z,2024-05-07T12:00:00Z,2024-06-06T06:00:00Z,validation
5957,2024-03-08T18:00:00Z,2024-05-07T12:00:00Z,2024-05-07T18:00:00Z,2024-06-06T12:00:00Z,validation
5958,2024-03-09T00:00:00Z,2024-05-07T18:00:00Z,2024-05-08T00:00:00Z,2024-06-06T18:00:00Z,validation
5959,2024-03-09T06:00:00Z,2024-05-08T00:00:00Z,2024-05-08T06:00:00Z,2024-06-07T00:00:00Z,validation
5960,2024-03-09T12:00:00Z,2024-05-08T06:00:00Z,2024-05-08T12:00:00Z,2024-06-07T06:00:00Z,validation
5961,2024-03-09T18:00:00Z,2024-05-08T12:00:00Z,2024-05-08T18:00:00Z,2024-06-07T12:00:00Z,validation
5962,2024-03-10T00:00:00Z,2024-05-08T18:00:00Z,2024-05-09T00:00:00Z,2024-06-07T18:00:00Z,validation
5963,2024-03-10T06:00:00Z,2024-05-09T00:00:00Z,2024-05-09T06:00:00Z,2024-06-08T00:00:00Z,validation
5964,2024-03-10T12:00:00Z,2024-05-09T06:00:00Z,2024-05-09T12:00:00Z,2024-06-08T06:00:00Z,validation
5965,2024-03-10T18:00:00Z,2024-05-09T12:00:00Z,2024-05-09T18:00:00Z,2024-06-08T12:00:00Z,validation
5966,2024-03-11T00:00:00Z,2024-05-09T18:00:00Z,2024-05-10T00:00:00Z,2024-06-08T18:00:00Z,validation
5967,2024-03-11T06:00:00Z,2024-05-10T00:00:00Z,2024-05-10T06:00:00Z,2024-06-09T00:00:00Z,validation
5968,2024-03-11T12:00:00Z,2024-05-10T06:00:00Z,2024-05-10T12:00:00Z,2024-06-09T06:00:00Z,validation
5969,2024-03-11T18:00:00Z,2024-05-10T12:00:00Z,2024-05-10T18:00:00Z,2024-06-09T12:00:00Z,validation
5970,2024-03-12T00:00:00Z,2024-05-10T18:00:00Z,2024-05-11T00:00:00Z,2024-06-09T18:00:00Z,validation
5971,2024-03-12T06:00:00Z,2024-05-11T00:00:00Z,2024-05-11T06:00:00Z,2024-06-10T00:00:00Z,validation
5972,2024-03-12T12:00:00Z,2024-05-11T06:00:00Z,2024-05-11T12:00:00Z,2024-06-10T06:00:00Z,validation
5973,2024-03-12T18:00:00Z,2024-05-11T12:00:00Z,2024-05-11T18:00:00Z,2024-06-10T12:00:00Z,validation
5974,2024-03-13T00:00:00Z,2024-05-11T18:00:00Z,2024-05-12T00:00:00Z,2024-06-10T18:00:00Z,validation
5975,2024-03-13T06:00:00Z,2024-05-12T00:00:00Z,2024-05-12T06:00:00Z,2024-06-11T00:00:00Z,validation
5976,2024-03-13T12:00:00Z,2024-05-12T06:00:00Z,2024-05-12T12:00:00Z,2024-06-11T06:00:00Z,validation
5977,2024-03-13T18:00:00Z,2024-05-12T12:00:00Z,2024-05-12T18:00:00Z,2024-06-11T12:00:00Z,validation
5978,2024-03-14T00:00:00Z,2024-05-12T18:00:00Z,2024-05-13T00:00:00Z,2024-06-11T18:00:00Z,validation
5979,2024-03-14T06:00:00Z,2024-05-13T00:00:00Z,2024-05-13T06:00:00Z,2024-06-12T00:00:00Z,validation
5980,2024-03-14T12:00:00Z,2024-05-13T06:00:00Z,2024-05-13T12:00:00Z,2024-06-12T06:00:00Z,validation
5981,2024-03-14T18:00:00Z,2024-05-13T12:00:00Z,2024-05-13T18:00:00Z,2024-06-12T12:00:00Z,validation
5982,2024-03-15T00:00:00Z,2024-05-13T18:00:00Z,2024-05-14T00:00:00Z,2024-06-12T18:00:00Z,validation
5983,2024-03-15T06:00:00Z,2024-05-14T00:00:00Z,2024-05-14T06:00:00Z,2024-06-13T00:00:00Z,validation
5984,2024-03-15T12:00:00Z,2024-05-14T06:00:00Z,2024-05-14T12:00:00Z,2024-06-13T06:00:00Z,validation
5985,2024-03-15T18:00:00Z,2024-05-14T12:00:00Z,2024-05-14T18:00:00Z,2024-06-13T12:00:00Z,validation
5986,2024-03-16T00:00:00Z,2024-05-14T18:00:00Z,2024-05-15T00:00:00Z,2024-06-13T18:00:00Z,validation
5987,2024-03-16T06:00:00Z,2024-05-15T00:00:00Z,2024-05-15T06:00:00Z,2024-06-14T00:00:00Z,validation
5988,2024-03-16T12:00:00Z,2024-05-15T06:00:00Z,2024-05-15T12:00:00Z,2024-06-14T06:00:00Z,validation
5989,2024-03-16T18:00:00Z,2024-05-15T12:00:00Z,2024-05-15T18:00:00Z,2024-06-14T12:00:00Z,validation
5990,2024-03-17T00:00:00Z,2024-05-15T18:00:00Z,2024-05-16T00:00:00Z,2024-06-14T18:00:00Z,validation
5991,2024-03-17T06:00:00Z,2024-05-16T00:00:00Z,2024-05-16T06:00:00Z,2024-06-15T00:00:00Z,validation
5992,2024-03-17T12:00:00Z,2024-05-16T06:00:00Z,2024-05-16T12:00:00Z,2024-06-15T06:00:00Z,validation
5993,2024-03-17T18:00:00Z,2024-05-16T12:00:00Z,2024-05-16T18:00:00Z,2024-06-15T12:00:00Z,validation
5994,2024-03-18T00:00:00Z,2024-05-16T18:00:00Z,2024-05-17T00:00:00Z,2024-06-15T18:00:00Z,validation
5995,2024-03-18T06:00:00Z,2024-05-17T00:00:00Z,2024-05-17T06:00:00Z,2024-06-16T00:00:00Z,validation
5996,2024-03-18T12:00:00Z,2024-05-17T06:00:00Z,2024-05-17T12:00:00Z,2024-06-16T06:00:00Z,validation
5997,2024-03-18T18:00:00Z,2024-05-17T12:00:00Z,2024-05-17T18:00:00Z,2024-06-16T12:00:00Z,validation
5998,2024-03-19T00:00:00Z,2024-05-17T18:00:00Z,2024-05-18T00:00:00Z,2024-06-16T18:00:00Z,validation
5999,2024-03-19T06:00:00Z,2024-05-18T00:00:00Z,2024-05-18T06:00:00Z,2024-06-17T00:00:00Z,validation
6000,2024-03-19T12:00:00Z,2024-05-18T06:00:00Z,2024-05-18T12:00:00Z,2024-06-17T06:00:00Z,validation
6001,2024-03-19T18:00:00Z,2024-05-18T12:00:00Z,2024-05-18T18:00:00Z,2024-06-17T12:00:00Z,validation
6002,2024-03-20T00:00:00Z,2024-05-18T18:00:00Z,2024-05-19T00:00:00Z,2024-06-17T18:00:00Z,validation
6003,2024-03-20T06:00:00Z,2024-05-19T00:00:00Z,2024-05-19T06:00:00Z,2024-06-18T00:00:00Z,validation
6004,2024-03-20T12:00:00Z,2024-05-19T06:00:00Z,2024-05-19T12:00:00Z,2024-06-18T06:00:00Z,validation
6005,2024-03-20T18:00:00Z,2024-05-19T12:00:00Z,2024-05-19T18:00:00Z,2024-06-18T12:00:00Z,validation
6006,2024-03-21T00:00:00Z,2024-05-19T18:00:00Z,2024-05-20T00:00:00Z,2024-06-18T18:00:00Z,validation
6007,2024-03-21T06:00:00Z,2024-05-20T00:00:00Z,2024-05-20T06:00:00Z,2024-06-19T00:00:00Z,validation
6008,2024-03-21T12:00:00Z,2024-05-20T06:00:00Z,2024-05-20T12:00:00Z,2024-06-19T06:00:00Z,validation
6009,2024-03-21T18:00:00Z,2024-05-20T12:00:00Z,2024-05-20T18:00:00Z,2024-06-19T12:00:00Z,validation
6010,2024-03-22T00:00:00Z,2024-05-20T18:00:00Z,2024-05-21T00:00:00Z,2024-06-19T18:00:00Z,validation
6011,2024-03-22T06:00:00Z,2024-05-21T00:00:00Z,2024-05-21T06:00:00Z,2024-06-20T00:00:00Z,validation
6012,2024-03-22T12:00:00Z,2024-05-21T06:00:00Z,2024-05-21T12:00:00Z,2024-06-20T06:00:00Z,validation
6013,2024-03-22T18:00:00Z,2024-05-21T12:00:00Z,2024-05-21T18:00:00Z,2024-06-20T12:00:00Z,validation
6014,2024-03-23T00:00:00Z,2024-05-21T18:00:00Z,2024-05-22T00:00:00Z,2024-06-20T18:00:00Z,validation
6015,2024-03-23T06:00:00Z,2024-05-22T00:00:00Z,2024-05-22T06:00:00Z,2024-06-21T00:00:00Z,validation
6016,2024-03-23T12:00:00Z,2024-05-22T06:00:00Z,2024-05-22T12:00:00Z,2024-06-21T06:00:00Z,validation
6017,2024-03-23T18:00:00Z,2024-05-22T12:00:00Z,2024-05-22T18:00:00Z,2024-06-21T12:00:00Z,validation
6018,2024-03-24T00:00:00Z,2024-05-22T18:00:00Z,2024-05-23T00:00:00Z,2024-06-21T18:00:00Z,validation
6019,2024-03-24T06:00:00Z,2024-05-23T00:00:00Z,2024-05-23T06:00:00Z,2024-06-22T00:00:00Z,validation
6020,2024-03-24T12:00:00Z,2024-05-23T06:00:00Z,2024-05-23T12:00:00Z,2024-06-22T06:00:00Z,validation
6021,2024-03-24T18:00:00Z,2024-05-23T12:00:00Z,2024-05-23T18:00:00Z,2024-06-22T12:00:00Z,validation
6022,2024-03-25T00:00:00Z,2024-05-23T18:00:00Z,2024-05-24T00:00:00Z,2024-06-22T18:00:00Z,validation
6023,2024-03-25T06:00:00Z,2024-05-24T00:00:00Z,2024-05-24T06:00:00Z,2024-06-23T00:00:00Z,validation
6024,2024-03-25T12:00:00Z,2024-05-24T06:00:00Z,2024-05-24T12:00:00Z,2024-06-23T06:00:00Z,validation
6025,2024-03-25T18:00:00Z,2024-05-24T12:00:00Z,2024-05-24T18:00:00Z,2024-06-23T12:00:00Z,validation
6026,2024-03-26T00:00:00Z,2024-05-24T18:00:00Z,2024-05-25T00:00:00Z,2024-06-23T18:00:00Z,validation
6027,2024-03-26T06:00:00Z,2024-05-25T00:00:00Z,2024-05-25T06:00:00Z,2024-06-24T00:00:00Z,validation
6028,2024-03-26T12:00:00Z,2024-05-25T06:00:00Z,2024-05-25T12:00:00Z,2024-06-24T06:00:00Z,validation
6029,2024-03-26T18:00:00Z,2024-05-25T12:00:00Z,2024-05-25T18:00:00Z,2024-06-24T12:00:00Z,validation
6030,2024-03-27T00:00:00Z,2024-05-25T18:00:00Z,2024-05-26T00:00:00Z,2024-06-24T18:00:00Z,validation
6031,2024-03-27T06:00:00Z,2024-05-26T00:00:00Z,2024-05-26T06:00:00Z,2024-06-25T00:00:00Z,validation
6032,2024-03-27T12:00:00Z,2024-05-26T06:00:00Z,2024-05-26T12:00:00Z,2024-06-25T06:00:00Z,validation
6033,2024-03-27T18:00:00Z,2024-05-26T12:00:00Z,2024-05-26T18:00:00Z,2024-06-25T12:00:00Z,validation
6034,2024-03-28T00:00:00Z,2024-05-26T18:00:00Z,2024-05-27T00:00:00Z,2024-06-25T18:00:00Z,validation
6035,2024-03-28T06:00:00Z,2024-05-27T00:00:00Z,2024-05-27T06:00:00Z,2024-06-26T00:00:00Z,validation
6036,2024-03-28T12:00:00Z,2024-05-27T06:00:00Z,2024-05-27T12:00:00Z,2024-06-26T06:00:00Z,validation
6037,2024-03-28T18:00:00Z,2024-05-27T12:00:00Z,2024-05-27T18:00:00Z,2024-06-26T12:00:00Z,validation
6038,2024-03-29T00:00:00Z,2024-05-27T18:00:00Z,2024-05-28T00:00:00Z,2024-06-26T18:00:00Z,validation
6039,2024-03-29T06:00:00Z,2024-05-28T00:00:00Z,2024-05-28T06:00:00Z,2024-06-27T00:00:00Z,validation
6040,2024-03-29T12:00:00Z,2024-05-28T06:00:00Z,2024-05-28T12:00:00Z,2024-06-27T06:00:00Z,validation
6041,2024-03-29T18:00:00Z,2024-05-28T12:00:00Z,2024-05-28T18:00:00Z,2024-06-27T12:00:00Z,validation
6042,2024-03-30T00:00:00Z,2024-05-28T18:00:00Z,2024-05-29T00:00:00Z,2024-06-27T18:00:00Z,validation
6043,2024-03-30T06:00:00Z,2024-05-29T00:00:00Z,2024-05-29T06:00:00Z,2024-06-28T00:00:00Z,validation
6044,2024-03-30T12:00:00Z,2024-05-29T06:00:00Z,2024-05-29T12:00:00Z,2024-06-28T06:00:00Z,validation
6045,2024-03-30T18:00:00Z,2024-05-29T12:00:00Z,2024-05-29T18:00:00Z,2024-06-28T12:00:00Z,validation
6046,2024-03-31T00:00:00Z,2024-05-29T18:00:00Z,2024-05-30T00:00:00Z,2024-06-28T18:00:00Z,validation
6047,2024-03-31T06:00:00Z,2024-05-30T00:00:00Z,2024-05-30T06:00:00Z,2024-06-29T00:00:00Z,validation
6048,2024-03-31T12:00:00Z,2024-05-30T06:00:00Z,2024-05-30T12:00:00Z,2024-06-29T06:00:00Z,validation
6049,2024-03-31T18:00:00Z,2024-05-30T12:00:00Z,2024-05-30T18:00:00Z,2024-06-29T12:00:00Z,validation
6050,2024-04-01T00:00:00Z,2024-05-30T18:00:00Z,2024-05-31T00:00:00Z,2024-06-29T18:00:00Z,validation
6051,2024-04-01T06:00:00Z,2024-05-31T00:00:00Z,2024-05-31T06:00:00Z,2024-06-30T00:00:00Z,validation
6052,2024-04-01T12:00:00Z,2024-05-31T06:00:00Z,2024-05-31T12:00:00Z,2024-06-30T06:00:00Z,validation
6053,2024-04-01T18:00:00Z,2024-05-31T12:00:00Z,2024-05-31T18:00:00Z,2024-06-30T12:00:00Z,validation
6054,2024-04-02T00:00:00Z,2024-05-31T18:00:00Z,2024-06-01T00:00:00Z,2024-06-30T18:00:00Z,validation
6055,2024-04-02T06:00:00Z,2024-06-01T00:00:00Z,2024-06-01T06:00:00Z,2024-07-01T00:00:00Z,validation
6056,2024-04-02T12:00:00Z,2024-06-01T06:00:00Z,2024-06-01T12:00:00Z,2024-07-01T06:00:00Z,validation
6057,2024-04-02T18:00:00Z,2024-06-01T12:00:00Z,2024-06-01T18:00:00Z,2024-07-01T12:00:00Z,validation
6058,2024-04-03T00:00:00Z,2024-06-01T18:00:00Z,2024-06-02T00:00:00Z,2024-07-01T18:00:00Z,validation
6059,2024-04-03T06:00:00Z,2024-06-02T00:00:00Z,2024-06-02T06:00:00Z,2024-07-02T00:00:00Z,validation
6060,2024-04-03T12:00:00Z,2024-06-02T06:00:00Z,2024-06-02T12:00:00Z,2024-07-02T06:00:00Z,validation
6061,2024-04-03T18:00:00Z,2024-06-02T12:00:00Z,2024-06-02T18:00:00Z,2024-07-02T12:00:00Z,validation
6062,2024-04-04T00:00:00Z,2024-06-02T18:00:00Z,2024-06-03T00:00:00Z,2024-07-02T18:00:00Z,validation
6063,2024-04-04T06:00:00Z,2024-06-03T00:00:00Z,2024-06-03T06:00:00Z,2024-07-03T00:00:00Z,validation
6064,2024-04-04T12:00:00Z,2024-06-03T06:00:00Z,2024-06-03T12:00:00Z,2024-07-03T06:00:00Z,validation
6065,2024-04-04T18:00:00Z,2024-06-03T12:00:00Z,2024-06-03T18:00:00Z,2024-07-03T12:00:00Z,validation
6066,2024-04-05T00:00:00Z,2024-06-03T18:00:00Z,2024-06-04T00:00:00Z,2024-07-03T18:00:00Z,validation
6067,2024-04-05T06:00:00Z,2024-06-04T00:00:00Z,2024-06-04T06:00:00Z,2024-07-04T00:00:00Z,validation
6068,2024-04-05T12:00:00Z,2024-06-04T06:00:00Z,2024-06-04T12:00:00Z,2024-07-04T06:00:00Z,validation
6069,2024-04-05T18:00:00Z,2024-06-04T12:00:00Z,2024-06-04T18:00:00Z,2024-07-04T12:00:00Z,validation
6070,2024-04-06T00:00:00Z,2024-06-04T18:00:00Z,2024-06-05T00:00:00Z,2024-07-04T18:00:00Z,validation
6071,2024-04-06T06:00:00Z,2024-06-05T00:00:00Z,2024-06-05T06:00:00Z,2024-07-05T00:00:00Z,validation
6072,2024-04-06T12:00:00Z,2024-06-05T06:00:00Z,2024-06-05T12:00:00Z,2024-07-05T06:00:00Z,validation
6073,2024-04-06T18:00:00Z,2024-06-05T12:00:00Z,2024-06-05T18:00:00Z,2024-07-05T12:00:00Z,validation
6074,2024-04-07T00:00:00Z,2024-06-05T18:00:00Z,2024-06-06T00:00:00Z,2024-07-05T18:00:00Z,validation
6075,2024-04-07T06:00:00Z,2024-06-06T00:00:00Z,2024-06-06T06:00:00Z,2024-07-06T00:00:00Z,validation
6076,2024-04-07T12:00:00Z,2024-06-06T06:00:00Z,2024-06-06T12:00:00Z,2024-07-06T06:00:00Z,validation
6077,2024-04-07T18:00:00Z,2024-06-06T12:00:00Z,2024-06-06T18:00:00Z,2024-07-06T12:00:00Z,validation
6078,2024-04-08T00:00:00Z,2024-06-06T18:00:00Z,2024-06-07T00:00:00Z,2024-07-06T18:00:00Z,validation
6079,2024-04-08T06:00:00Z,2024-06-07T00:00:00Z,2024-06-07T06:00:00Z,2024-07-07T00:00:00Z,validation
6080,2024-04-08T12:00:00Z,2024-06-07T06:00:00Z,2024-06-07T12:00:00Z,2024-07-07T06:00:00Z,validation
6081,2024-04-08T18:00:00Z,2024-06-07T12:00:00Z,2024-06-07T18:00:00Z,2024-07-07T12:00:00Z,validation
6082,2024-04-09T00:00:00Z,2024-06-07T18:00:00Z,2024-06-08T00:00:00Z,2024-07-07T18:00:00Z,validation
6083,2024-04-09T06:00:00Z,2024-06-08T00:00:00Z,2024-06-08T06:00:00Z,2024-07-08T00:00:00Z,validation
6084,2024-04-09T12:00:00Z,2024-06-08T06:00:00Z,2024-06-08T12:00:00Z,2024-07-08T06:00:00Z,validation
6085,2024-04-09T18:00:00Z,2024-06-08T12:00:00Z,2024-06-08T18:00:00Z,2024-07-08T12:00:00Z,validation
6086,2024-04-10T00:00:00Z,2024-06-08T18:00:00Z,2024-06-09T00:00:00Z,2024-07-08T18:00:00Z,validation
6087,2024-04-10T06:00:00Z,2024-06-09T00:00:00Z,2024-06-09T06:00:00Z,2024-07-09T00:00:00Z,validation
6088,2024-04-10T12:00:00Z,2024-06-09T06:00:00Z,2024-06-09T12:00:00Z,2024-07-09T06:00:00Z,validation
6089,2024-04-10T18:00:00Z,2024-06-09T12:00:00Z,2024-06-09T18:00:00Z,2024-07-09T12:00:00Z,validation
6090,2024-04-11T00:00:00Z,2024-06-09T18:00:00Z,2024-06-10T00:00:00Z,2024-07-09T18:00:00Z,validation
6091,2024-04-11T06:00:00Z,2024-06-10T00:00:00Z,2024-06-10T06:00:00Z,2024-07-10T00:00:00Z,validation
6092,2024-04-11T12:00:00Z,2024-06-10T06:00:00Z,2024-06-10T12:00:00Z,2024-07-10T06:00:00Z,validation
6093,2024-04-11T18:00:00Z,2024-06-10T12:00:00Z,2024-06-10T18:00:00Z,2024-07-10T12:00:00Z,validation
6094,2024-04-12T00:00:00Z,2024-06-10T18:00:00Z,2024-06-11T00:00:00Z,2024-07-10T18:00:00Z,validation
6095,2024-04-12T06:00:00Z,2024-06-11T00:00:00Z,2024-06-11T06:00:00Z,2024-07-11T00:00:00Z,validation
6096,2024-04-12T12:00:00Z,2024-06-11T06:00:00Z,2024-06-11T12:00:00Z,2024-07-11T06:00:00Z,validation
6097,2024-04-12T18:00:00Z,2024-06-11T12:00:00Z,2024-06-11T18:00:00Z,2024-07-11T12:00:00Z,validation
6098,2024-04-13T00:00:00Z,2024-06-11T18:00:00Z,2024-06-12T00:00:00Z,2024-07-11T18:00:00Z,validation
6099,2024-04-13T06:00:00Z,2024-06-12T00:00:00Z,2024-06-12T06:00:00Z,2024-07-12T00:00:00Z,validation
6100,2024-04-13T12:00:00Z,2024-06-12T06:00:00Z,2024-06-12T12:00:00Z,2024-07-12T06:00:00Z,validation
6101,2024-04-13T18:00:00Z,2024-06-12T12:00:00Z,2024-06-12T18:00:00Z,2024-07-12T12:00:00Z,validation
6102,2024-04-14T00:00:00Z,2024-06-12T18:00:00Z,2024-06-13T00:00:00Z,2024-07-12T18:00:00Z,validation
6103,2024-04-14T06:00:00Z,2024-06-13T00:00:00Z,2024-06-13T06:00:00Z,2024-07-13T00:00:00Z,validation
6104,2024-04-14T12:00:00Z,2024-06-13T06:00:00Z,2024-06-13T12:00:00Z,2024-07-13T06:00:00Z,validation
6105,2024-04-14T18:00:00Z,2024-06-13T12:00:00Z,2024-06-13T18:00:00Z,2024-07-13T12:00:00Z,validation
6106,2024-04-15T00:00:00Z,2024-06-13T18:00:00Z,2024-06-14T00:00:00Z,2024-07-13T18:00:00Z,validation
6107,2024-04-15T06:00:00Z,2024-06-14T00:00:00Z,2024-06-14T06:00:00Z,2024-07-14T00:00:00Z,validation
6108,2024-04-15T12:00:00Z,2024-06-14T06:00:00Z,2024-06-14T12:00:00Z,2024-07-14T06:00:00Z,validation
6109,2024-04-15T18:00:00Z,2024-06-14T12:00:00Z,2024-06-14T18:00:00Z,2024-07-14T12:00:00Z,validation
6110,2024-04-16T00:00:00Z,2024-06-14T18:00:00Z,2024-06-15T00:00:00Z,2024-07-14T18:00:00Z,validation
6111,2024-04-16T06:00:00Z,2024-06-15T00:00:00Z,2024-06-15T06:00:00Z,2024-07-15T00:00:00Z,validation
6112,2024-04-16T12:00:00Z,2024-06-15T06:00:00Z,2024-06-15T12:00:00Z,2024-07-15T06:00:00Z,validation
6113,2024-04-16T18:00:00Z,2024-06-15T12:00:00Z,2024-06-15T18:00:00Z,2024-07-15T12:00:00Z,validation
6114,2024-04-17T00:00:00Z,2024-06-15T18:00:00Z,2024-06-16T00:00:00Z,2024-07-15T18:00:00Z,validation
6115,2024-04-17T06:00:00Z,2024-06-16T00:00:00Z,2024-06-16T06:00:00Z,2024-07-16T00:00:00Z,validation
6116,2024-04-17T12:00:00Z,2024-06-16T06:00:00Z,2024-06-16T12:00:00Z,2024-07-16T06:00:00Z,validation
6117,2024-04-17T18:00:00Z,2024-06-16T12:00:00Z,2024-06-16T18:00:00Z,2024-07-16T12:00:00Z,validation
6118,2024-04-18T00:00:00Z,2024-06-16T18:00:00Z,2024-06-17T00:00:00Z,2024-07-16T18:00:00Z,validation
6119,2024-04-18T06:00:00Z,2024-06-17T00:00:00Z,2024-06-17T06:00:00Z,2024-07-17T00:00:00Z,validation
6120,2024-04-18T12:00:00Z,2024-06-17T06:00:00Z,2024-06-17T12:00:00Z,2024-07-17T06:00:00Z,validation
6121,2024-04-18T18:00:00Z,2024-06-17T12:00:00Z,2024-06-17T18:00:00Z,2024-07-17T12:00:00Z,validation
6122,2024-04-19T00:00:00Z,2024-06-17T18:00:00Z,2024-06-18T00:00:00Z,2024-07-17T18:00:00Z,validation
6123,2024-04-19T06:00:00Z,2024-06-18T00:00:00Z,2024-06-18T06:00:00Z,2024-07-18T00:00:00Z,validation
6124,2024-04-19T12:00:00Z,2024-06-18T06:00:00Z,2024-06-18T12:00:00Z,2024-07-18T06:00:00Z,validation
6125,2024-04-19T18:00:00Z,2024-06-18T12:00:00Z,2024-06-18T18:00:00Z,2024-07-18T12:00:00Z,validation
6126,2024-04-20T00:00:00Z,2024-06-18T18:00:00Z,2024-06-19T00:00:00Z,2024-07-18T18:00:00Z,validation
6127,2024-04-20T06:00:00Z,2024-06-19T00:00:00Z,2024-06-19T06:00:00Z,2024-07-19T00:00:00Z,validation
6128,2024-04-20T12:00:00Z,2024-06-19T06:00:00Z,2024-06-19T12:00:00Z,2024-07-19T06:00:00Z,validation
6129,2024-04-20T18:00:00Z,2024-06-19T12:00:00Z,2024-06-19T18:00:00Z,2024-07-19T12:00:00Z,validation
6130,2024-04-21T00:00:00Z,2024-06-19T18:00:00Z,2024-06-20T00:00:00Z,2024-07-19T18:00:00Z,validation
6131,2024-04-21T06:00:00Z,2024-06-20T00:00:00Z,2024-06-20T06:00:00Z,2024-07-20T00:00:00Z,validation
6132,2024-04-21T12:00:00Z,2024-06-20T06:00:00Z,2024-06-20T12:00:00Z,2024-07-20T06:00:00Z,validation
6133,2024-04-21T18:00:00Z,2024-06-20T12:00:00Z,2024-06-20T18:00:00Z,2024-07-20T12:00:00Z,validation
6134,2024-04-22T00:00:00Z,2024-06-20T18:00:00Z,2024-06-21T00:00:00Z,2024-07-20T18:00:00Z,validation
6135,2024-04-22T06:00:00Z,2024-06-21T00:00:00Z,2024-06-21T06:00:00Z,2024-07-21T00:00:00Z,validation
6136,2024-04-22T12:00:00Z,2024-06-21T06:00:00Z,2024-06-21T12:00:00Z,2024-07-21T06:00:00Z,validation
6137,2024-04-22T18:00:00Z,2024-06-21T12:00:00Z,2024-06-21T18:00:00Z,2024-07-21T12:00:00Z,validation
6138,2024-04-23T00:00:00Z,2024-06-21T18:00:00Z,2024-06-22T00:00:00Z,2024-07-21T18:00:00Z,validation
6139,2024-04-23T06:00:00Z,2024-06-22T00:00:00Z,2024-06-22T06:00:00Z,2024-07-22T00:00:00Z,validation
6140,2024-04-23T12:00:00Z,2024-06-22T06:00:00Z,2024-06-22T12:00:00Z,2024-07-22T06:00:00Z,validation
6141,2024-04-23T18:00:00Z,2024-06-22T12:00:00Z,2024-06-22T18:00:00Z,2024-07-22T12:00:00Z,validation
6142,2024-04-24T00:00:00Z,2024-06-22T18:00:00Z,2024-06-23T00:00:00Z,2024-07-22T18:00:00Z,validation
6143,2024-04-24T06:00:00Z,2024-06-23T00:00:00Z,2024-06-23T06:00:00Z,2024-07-23T00:00:00Z,validation
6144,2024-04-24T12:00:00Z,2024-06-23T06:00:00Z,2024-06-23T12:00:00Z,2024-07-23T06:00:00Z,validation
6145,2024-04-24T18:00:00Z,2024-06-23T12:00:00Z,2024-06-23T18:00:00Z,2024-07-23T12:00:00Z,validation
6146,2024-04-25T00:00:00Z,2024-06-23T18:00:00Z,2024-06-24T00:00:00Z,2024-07-23T18:00:00Z,validation
6147,2024-04-25T06:00:00Z,2024-06-24T00:00:00Z,2024-06-24T06:00:00Z,2024-07-24T00:00:00Z,validation
6148,2024-04-25T12:00:00Z,2024-06-24T06:00:00Z,2024-06-24T12:00:00Z,2024-07-24T06:00:00Z,validation
6149,2024-04-25T18:00:00Z,2024-06-24T12:00:00Z,2024-06-24T18:00:00Z,2024-07-24T12:00:00Z,validation
6150,2024-04-26T00:00:00Z,2024-06-24T18:00:00Z,2024-06-25T00:00:00Z,2024-07-24T18:00:00Z,validation
6151,2024-04-26T06:00:00Z,2024-06-25T00:00:00Z,2024-06-25T06:00:00Z,2024-07-25T00:00:00Z,validation
6152,2024-04-26T12:00:00Z,2024-06-25T06:00:00Z,2024-06-25T12:00:00Z,2024-07-25T06:00:00Z,validation
6153,2024-04-26T18:00:00Z,2024-06-25T12:00:00Z,2024-06-25T18:00:00Z,2024-07-25T12:00:00Z,validation
6154,2024-04-27T00:00:00Z,2024-06-25T18:00:00Z,2024-06-26T00:00:00Z,2024-07-25T18:00:00Z,validation
6155,2024-04-27T06:00:00Z,2024-06-26T00:00:00Z,2024-06-26T06:00:00Z,2024-07-26T00:00:00Z,validation
6156,2024-04-27T12:00:00Z,2024-06-26T06:00:00Z,2024-06-26T12:00:00Z,2024-07-26T06:00:00Z,validation
6157,2024-04-27T18:00:00Z,2024-06-26T12:00:00Z,2024-06-26T18:00:00Z,2024-07-26T12:00:00Z,validation
6158,2024-04-28T00:00:00Z,2024-06-26T18:00:00Z,2024-06-27T00:00:00Z,2024-07-26T18:00:00Z,validation
6159,2024-04-28T06:00:00Z,2024-06-27T00:00:00Z,2024-06-27T06:00:00Z,2024-07-27T00:00:00Z,validation
6160,2024-04-28T12:00:00Z,2024-06-27T06:00:00Z,2024-06-27T12:00:00Z,2024-07-27T06:00:00Z,validation
6161,2024-04-28T18:00:00Z,2024-06-27T12:00:00Z,2024-06-27T18:00:00Z,2024-07-27T12:00:00Z,validation
6162,2024-04-29T00:00:00Z,2024-06-27T18:00:00Z,2024-06-28T00:00:00Z,2024-07-27T18:00:00Z,validation
6163,2024-04-29T06:00:00Z,2024-06-28T00:00:00Z,2024-06-28T06:00:00Z,2024-07-28T00:00:00Z,validation
6164,2024-04-29T12:00:00Z,2024-06-28T06:00:00Z,2024-06-28T12:00:00Z,2024-07-28T06:00:00Z,validation
6165,2024-04-29T18:00:00Z,2024-06-28T12:00:00Z,2024-06-28T18:00:00Z,2024-07-28T12:00:00Z,validation
6166,2024-04-30T00:00:00Z,2024-06-28T18:00:00Z,2024-06-29T00:00:00Z,2024-07-28T18:00:00Z,validation
6167,2024-04-30T06:00:00Z,2024-06-29T00:00:00Z,2024-06-29T06:00:00Z,2024-07-29T00:00:00Z,validation
6168,2024-04-30T12:00:00Z,2024-06-29T06:00:00Z,2024-06-29T12:00:00Z,2024-07-29T06:00:00Z,validation
6169,2024-04-30T18:00:00Z,2024-06-29T12:00:00Z,2024-06-29T18:00:00Z,2024-07-29T12:00:00Z,validation
6170,2024-05-01T00:00:00Z,2024-06-29T18:00:00Z,2024-06-30T00:00:00Z,2024-07-29T18:00:00Z,validation
6171,2024-05-01T06:00:00Z,2024-06-30T00:00:00Z,2024-06-30T06:00:00Z,2024-07-30T00:00:00Z,validation
6172,2024-05-01T12:00:00Z,2024-06-30T06:00:00Z,2024-06-30T12:00:00Z,2024-07-30T06:00:00Z,validation
6173,2024-05-01T18:00:00Z,2024-06-30T12:00:00Z,2024-06-30T18:00:00Z,2024-07-30T12:00:00Z,validation
6174,2024-05-02T00:00:00Z,2024-06-30T18:00:00Z,2024-07-01T00:00:00Z,2024-07-30T18:00:00Z,validation
6175,2024-05-02T06:00:00Z,2024-07-01T00:00:00Z,2024-07-01T06:00:00Z,2024-07-31T00:00:00Z,validation
6176,2024-05-02T12:00:00Z,2024-07-01T06:00:00Z,2024-07-01T12:00:00Z,2024-07-31T06:00:00Z,validation
6177,2024-05-02T18:00:00Z,2024-07-01T12:00:00Z,2024-07-01T18:00:00Z,2024-07-31T12:00:00Z,validation
6178,2024-05-03T00:00:00Z,2024-07-01T18:00:00Z,2024-07-02T00:00:00Z,2024-07-31T18:00:00Z,validation
6179,2024-05-03T06:00:00Z,2024-07-02T00:00:00Z,2024-07-02T06:00:00Z,2024-08-01T00:00:00Z,validation
6180,2024-05-03T12:00:00Z,2024-07-02T06:00:00Z,2024-07-02T12:00:00Z,2024-08-01T06:00:00Z,validation
6181,2024-05-03T18:00:00Z,2024-07-02T12:00:00Z,2024-07-02T18:00:00Z,2024-08-01T12:00:00Z,validation
6182,2024-05-04T00:00:00Z,2024-07-02T18:00:00Z,2024-07-03T00:00:00Z,2024-08-01T18:00:00Z,validation
6183,2024-05-04T06:00:00Z,2024-07-03T00:00:00Z,2024-07-03T06:00:00Z,2024-08-02T00:00:00Z,validation
6184,2024-05-04T12:00:00Z,2024-07-03T06:00:00Z,2024-07-03T12:00:00Z,2024-08-02T06:00:00Z,validation
6185,2024-05-04T18:00:00Z,2024-07-03T12:00:00Z,2024-07-03T18:00:00Z,2024-08-02T12:00:00Z,validation
6186,2024-05-05T00:00:00Z,2024-07-03T18:00:00Z,2024-07-04T00:00:00Z,2024-08-02T18:00:00Z,validation
6187,2024-05-05T06:00:00Z,2024-07-04T00:00:00Z,2024-07-04T06:00:00Z,2024-08-03T00:00:00Z,validation
6188,2024-05-05T12:00:00Z,2024-07-04T06:00:00Z,2024-07-04T12:00:00Z,2024-08-03T06:00:00Z,validation
6189,2024-05-05T18:00:00Z,2024-07-04T12:00:00Z,2024-07-04T18:00:00Z,2024-08-03T12:00:00Z,validation
6190,2024-05-06T00:00:00Z,2024-07-04T18:00:00Z,2024-07-05T00:00:00Z,2024-08-03T18:00:00Z,validation
6191,2024-05-06T06:00:00Z,2024-07-05T00:00:00Z,2024-07-05T06:00:00Z,2024-08-04T00:00:00Z,validation
6192,2024-05-06T12:00:00Z,2024-07-05T06:00:00Z,2024-07-05T12:00:00Z,2024-08-04T06:00:00Z,validation
6193,2024-05-06T18:00:00Z,2024-07-05T12:00:00Z,2024-07-05T18:00:00Z,2024-08-04T12:00:00Z,validation
6194,2024-05-07T00:00:00Z,2024-07-05T18:00:00Z,2024-07-06T00:00:00Z,2024-08-04T18:00:00Z,validation
6195,2024-05-07T06:00:00Z,2024-07-06T00:00:00Z,2024-07-06T06:00:00Z,2024-08-05T00:00:00Z,validation
6196,2024-05-07T12:00:00Z,2024-07-06T06:00:00Z,2024-07-06T12:00:00Z,2024-08-05T06:00:00Z,validation
6197,2024-05-07T18:00:00Z,2024-07-06T12:00:00Z,2024-07-06T18:00:00Z,2024-08-05T12:00:00Z,validation
6198,2024-05-08T00:00:00Z,2024-07-06T18:00:00Z,2024-07-07T00:00:00Z,2024-08-05T18:00:00Z,validation
6199,2024-05-08T06:00:00Z,2024-07-07T00:00:00Z,2024-07-07T06:00:00Z,2024-08-06T00:00:00Z,validation
6200,2024-05-08T12:00:00Z,2024-07-07T06:00:00Z,2024-07-07T12:00:00Z,2024-08-06T06:00:00Z,validation
6201,2024-05-08T18:00:00Z,2024-07-07T12:00:00Z,2024-07-07T18:00:00Z,2024-08-06T12:00:00Z,validation
6202,2024-05-09T00:00:00Z,2024-07-07T18:00:00Z,2024-07-08T00:00:00Z,2024-08-06T18:00:00Z,validation
6203,2024-05-09T06:00:00Z,2024-07-08T00:00:00Z,2024-07-08T06:00:00Z,2024-08-07T00:00:00Z,validation
6204,2024-05-09T12:00:00Z,2024-07-08T06:00:00Z,2024-07-08T12:00:00Z,2024-08-07T06:00:00Z,validation
6205,2024-05-09T18:00:00Z,2024-07-08T12:00:00Z,2024-07-08T18:00:00Z,2024-08-07T12:00:00Z,validation
6206,2024-05-10T00:00:00Z,2024-07-08T18:00:00Z,2024-07-09T00:00:00Z,2024-08-07T18:00:00Z,validation
6207,2024-05-10T06:00:00Z,2024-07-09T00:00:00Z,2024-07-09T06:00:00Z,2024-08-08T00:00:00Z,validation
6208,2024-05-10T12:00:00Z,2024-07-09T06:00:00Z,2024-07-09T12:00:00Z,2024-08-08T06:00:00Z,validation
6209,2024-05-10T18:00:00Z,2024-07-09T12:00:00Z,2024-07-09T18:00:00Z,2024-08-08T12:00:00Z,validation
6210,2024-05-11T00:00:00Z,2024-07-09T18:00:00Z,2024-07-10T00:00:00Z,2024-08-08T18:00:00Z,validation
6211,2024-05-11T06:00:00Z,2024-07-10T00:00:00Z,2024-07-10T06:00:00Z,2024-08-09T00:00:00Z,validation
6212,2024-05-11T12:00:00Z,2024-07-10T06:00:00Z,2024-07-10T12:00:00Z,2024-08-09T06:00:00Z,validation
6213,2024-05-11T18:00:00Z,2024-07-10T12:00:00Z,2024-07-10T18:00:00Z,2024-08-09T12:00:00Z,validation
6214,2024-05-12T00:00:00Z,2024-07-10T18:00:00Z,2024-07-11T00:00:00Z,2024-08-09T18:00:00Z,validation
6215,2024-05-12T06:00:00Z,2024-07-11T00:00:00Z,2024-07-11T06:00:00Z,2024-08-10T00:00:00Z,validation
6216,2024-05-12T12:00:00Z,2024-07-11T06:00:00Z,2024-07-11T12:00:00Z,2024-08-10T06:00:00Z,validation
6217,2024-05-12T18:00:00Z,2024-07-11T12:00:00Z,2024-07-11T18:00:00Z,2024-08-10T12:00:00Z,validation
6218,2024-05-13T00:00:00Z,2024-07-11T18:00:00Z,2024-07-12T00:00:00Z,2024-08-10T18:00:00Z,validation
6219,2024-05-13T06:00:00Z,2024-07-12T00:00:00Z,2024-07-12T06:00:00Z,2024-08-11T00:00:00Z,validation
6220,2024-05-13T12:00:00Z,2024-07-12T06:00:00Z,2024-07-12T12:00:00Z,2024-08-11T06:00:00Z,validation
6221,2024-05-13T18:00:00Z,2024-07-12T12:00:00Z,2024-07-12T18:00:00Z,2024-08-11T12:00:00Z,validation
6222,2024-05-14T00:00:00Z,2024-07-12T18:00:00Z,2024-07-13T00:00:00Z,2024-08-11T18:00:00Z,validation
6223,2024-05-14T06:00:00Z,2024-07-13T00:00:00Z,2024-07-13T06:00:00Z,2024-08-12T00:00:00Z,validation
6224,2024-05-14T12:00:00Z,2024-07-13T06:00:00Z,2024-07-13T12:00:00Z,2024-08-12T06:00:00Z,validation
6225,2024-05-14T18:00:00Z,2024-07-13T12:00:00Z,2024-07-13T18:00:00Z,2024-08-12T12:00:00Z,validation
6226,2024-05-15T00:00:00Z,2024-07-13T18:00:00Z,2024-07-14T00:00:00Z,2024-08-12T18:00:00Z,validation
6227,2024-05-15T06:00:00Z,2024-07-14T00:00:00Z,2024-07-14T06:00:00Z,2024-08-13T00:00:00Z,validation
6228,2024-05-15T12:00:00Z,2024-07-14T06:00:00Z,2024-07-14T12:00:00Z,2024-08-13T06:00:00Z,validation
6229,2024-05-15T18:00:00Z,2024-07-14T12:00:00Z,2024-07-14T18:00:00Z,2024-08-13T12:00:00Z,validation
6230,2024-05-16T00:00:00Z,2024-07-14T18:00:00Z,2024-07-15T00:00:00Z,2024-08-13T18:00:00Z,validation
6231,2024-05-16T06:00:00Z,2024-07-15T00:00:00Z,2024-07-15T06:00:00Z,2024-08-14T00:00:00Z,validation
6232,2024-05-16T12:00:00Z,2024-07-15T06:00:00Z,2024-07-15T12:00:00Z,2024-08-14T06:00:00Z,validation
6233,2024-05-16T18:00:00Z,2024-07-15T12:00:00Z,2024-07-15T18:00:00Z,2024-08-14T12:00:00Z,validation
6234,2024-05-17T00:00:00Z,2024-07-15T18:00:00Z,2024-07-16T00:00:00Z,2024-08-14T18:00:00Z,validation
6235,2024-05-17T06:00:00Z,2024-07-16T00:00:00Z,2024-07-16T06:00:00Z,2024-08-15T00:00:00Z,validation
6236,2024-05-17T12:00:00Z,2024-07-16T06:00:00Z,2024-07-16T12:00:00Z,2024-08-15T06:00:00Z,validation
6237,2024-05-17T18:00:00Z,2024-07-16T12:00:00Z,2024-07-16T18:00:00Z,2024-08-15T12:00:00Z,validation
6238,2024-05-18T00:00:00Z,2024-07-16T18:00:00Z,2024-07-17T00:00:00Z,2024-08-15T18:00:00Z,validation
6239,2024-05-18T06:00:00Z,2024-07-17T00:00:00Z,2024-07-17T06:00:00Z,2024-08-16T00:00:00Z,validation
6240,2024-05-18T12:00:00Z,2024-07-17T06:00:00Z,2024-07-17T12:00:00Z,2024-08-16T06:00:00Z,validation
6241,2024-05-18T18:00:00Z,2024-07-17T12:00:00Z,2024-07-17T18:00:00Z,2024-08-16T12:00:00Z,validation
6242,2024-05-19T00:00:00Z,2024-07-17T18:00:00Z,2024-07-18T00:00:00Z,2024-08-16T18:00:00Z,validation
6243,2024-05-19T06:00:00Z,2024-07-18T00:00:00Z,2024-07-18T06:00:00Z,2024-08-17T00:00:00Z,validation
6244,2024-05-19T12:00:00Z,2024-07-18T06:00:00Z,2024-07-18T12:00:00Z,2024-08-17T06:00:00Z,validation
6245,2024-05-19T18:00:00Z,2024-07-18T12:00:00Z,2024-07-18T18:00:00Z,2024-08-17T12:00:00Z,validation
6246,2024-05-20T00:00:00Z,2024-07-18T18:00:00Z,2024-07-19T00:00:00Z,2024-08-17T18:00:00Z,validation
6247,2024-05-20T06:00:00Z,2024-07-19T00:00:00Z,2024-07-19T06:00:00Z,2024-08-18T00:00:00Z,validation
6248,2024-05-20T12:00:00Z,2024-07-19T06:00:00Z,2024-07-19T12:00:00Z,2024-08-18T06:00:00Z,validation
6249,2024-05-20T18:00:00Z,2024-07-19T12:00:00Z,2024-07-19T18:00:00Z,2024-08-18T12:00:00Z,validation
6250,2024-05-21T00:00:00Z,2024-07-19T18:00:00Z,2024-07-20T00:00:00Z,2024-08-18T18:00:00Z,validation
6251,2024-05-21T06:00:00Z,2024-07-20T00:00:00Z,2024-07-20T06:00:00Z,2024-08-19T00:00:00Z,validation
6252,2024-05-21T12:00:00Z,2024-07-20T06:00:00Z,2024-07-20T12:00:00Z,2024-08-19T06:00:00Z,validation
6253,2024-05-21T18:00:00Z,2024-07-20T12:00:00Z,2024-07-20T18:00:00Z,2024-08-19T12:00:00Z,validation
6254,2024-05-22T00:00:00Z,2024-07-20T18:00:00Z,2024-07-21T00:00:00Z,2024-08-19T18:00:00Z,validation
6255,2024-05-22T06:00:00Z,2024-07-21T00:00:00Z,2024-07-21T06:00:00Z,2024-08-20T00:00:00Z,validation
6256,2024-05-22T12:00:00Z,2024-07-21T06:00:00Z,2024-07-21T12:00:00Z,2024-08-20T06:00:00Z,validation
6257,2024-05-22T18:00:00Z,2024-07-21T12:00:00Z,2024-07-21T18:00:00Z,2024-08-20T12:00:00Z,validation
6258,2024-05-23T00:00:00Z,2024-07-21T18:00:00Z,2024-07-22T00:00:00Z,2024-08-20T18:00:00Z,validation
6259,2024-05-23T06:00:00Z,2024-07-22T00:00:00Z,2024-07-22T06:00:00Z,2024-08-21T00:00:00Z,validation
6260,2024-05-23T12:00:00Z,2024-07-22T06:00:00Z,2024-07-22T12:00:00Z,2024-08-21T06:00:00Z,validation
6261,2024-05-23T18:00:00Z,2024-07-22T12:00:00Z,2024-07-22T18:00:00Z,2024-08-21T12:00:00Z,validation
6262,2024-05-24T00:00:00Z,2024-07-22T18:00:00Z,2024-07-23T00:00:00Z,2024-08-21T18:00:00Z,validation
6263,2024-05-24T06:00:00Z,2024-07-23T00:00:00Z,2024-07-23T06:00:00Z,2024-08-22T00:00:00Z,validation
6264,2024-05-24T12:00:00Z,2024-07-23T06:00:00Z,2024-07-23T12:00:00Z,2024-08-22T06:00:00Z,validation
6265,2024-05-24T18:00:00Z,2024-07-23T12:00:00Z,2024-07-23T18:00:00Z,2024-08-22T12:00:00Z,validation
6266,2024-05-25T00:00:00Z,2024-07-23T18:00:00Z,2024-07-24T00:00:00Z,2024-08-22T18:00:00Z,validation
6267,2024-05-25T06:00:00Z,2024-07-24T00:00:00Z,2024-07-24T06:00:00Z,2024-08-23T00:00:00Z,validation
6268,2024-05-25T12:00:00Z,2024-07-24T06:00:00Z,2024-07-24T12:00:00Z,2024-08-23T06:00:00Z,validation
6269,2024-05-25T18:00:00Z,2024-07-24T12:00:00Z,2024-07-24T18:00:00Z,2024-08-23T12:00:00Z,validation
6270,2024-05-26T00:00:00Z,2024-07-24T18:00:00Z,2024-07-25T00:00:00Z,2024-08-23T18:00:00Z,validation
6271,2024-05-26T06:00:00Z,2024-07-25T00:00:00Z,2024-07-25T06:00:00Z,2024-08-24T00:00:00Z,validation
6272,2024-05-26T12:00:00Z,2024-07-25T06:00:00Z,2024-07-25T12:00:00Z,2024-08-24T06:00:00Z,validation
6273,2024-05-26T18:00:00Z,2024-07-25T12:00:00Z,2024-07-25T18:00:00Z,2024-08-24T12:00:00Z,validation
6274,2024-05-27T00:00:00Z,2024-07-25T18:00:00Z,2024-07-26T00:00:00Z,2024-08-24T18:00:00Z,validation
6275,2024-05-27T06:00:00Z,2024-07-26T00:00:00Z,2024-07-26T06:00:00Z,2024-08-25T00:00:00Z,validation
6276,2024-05-27T12:00:00Z,2024-07-26T06:00:00Z,2024-07-26T12:00:00Z,2024-08-25T06:00:00Z,validation
6277,2024-05-27T18:00:00Z,2024-07-26T12:00:00Z,2024-07-26T18:00:00Z,2024-08-25T12:00:00Z,validation
6278,2024-05-28T00:00:00Z,2024-07-26T18:00:00Z,2024-07-27T00:00:00Z,2024-08-25T18:00:00Z,validation
6279,2024-05-28T06:00:00Z,2024-07-27T00:00:00Z,2024-07-27T06:00:00Z,2024-08-26T00:00:00Z,validation
6280,2024-05-28T12:00:00Z,2024-07-27T06:00:00Z,2024-07-27T12:00:00Z,2024-08-26T06:00:00Z,validation
6281,2024-05-28T18:00:00Z,2024-07-27T12:00:00Z,2024-07-27T18:00:00Z,2024-08-26T12:00:00Z,validation
6282,2024-05-29T00:00:00Z,2024-07-27T18:00:00Z,2024-07-28T00:00:00Z,2024-08-26T18:00:00Z,validation
6283,2024-05-29T06:00:00Z,2024-07-28T00:00:00Z,2024-07-28T06:00:00Z,2024-08-27T00:00:00Z,validation
6284,2024-05-29T12:00:00Z,2024-07-28T06:00:00Z,2024-07-28T12:00:00Z,2024-08-27T06:00:00Z,validation
6285,2024-05-29T18:00:00Z,2024-07-28T12:00:00Z,2024-07-28T18:00:00Z,2024-08-27T12:00:00Z,validation
6286,2024-05-30T00:00:00Z,2024-07-28T18:00:00Z,2024-07-29T00:00:00Z,2024-08-27T18:00:00Z,validation
6287,2024-05-30T06:00:00Z,2024-07-29T00:00:00Z,2024-07-29T06:00:00Z,2024-08-28T00:00:00Z,validation
6288,2024-05-30T12:00:00Z,2024-07-29T06:00:00Z,2024-07-29T12:00:00Z,2024-08-28T06:00:00Z,validation
6289,2024-05-30T18:00:00Z,2024-07-29T12:00:00Z,2024-07-29T18:00:00Z,2024-08-28T12:00:00Z,validation
6290,2024-05-31T00:00:00Z,2024-07-29T18:00:00Z,2024-07-30T00:00:00Z,2024-08-28T18:00:00Z,validation
6291,2024-05-31T06:00:00Z,2024-07-30T00:00:00Z,2024-07-30T06:00:00Z,2024-08-29T00:00:00Z,validation
6292,2024-05-31T12:00:00Z,2024-07-30T06:00:00Z,2024-07-30T12:00:00Z,2024-08-29T06:00:00Z,validation
6293,2024-05-31T18:00:00Z,2024-07-30T12:00:00Z,2024-07-30T18:00:00Z,2024-08-29T12:00:00Z,validation
6294,2024-06-01T00:00:00Z,2024-07-30T18:00:00Z,2024-07-31T00:00:00Z,2024-08-29T18:00:00Z,validation
6295,2024-06-01T06:00:00Z,2024-07-31T00:00:00Z,2024-07-31T06:00:00Z,2024-08-30T00:00:00Z,validation
6296,2024-06-01T12:00:00Z,2024-07-31T06:00:00Z,2024-07-31T12:00:00Z,2024-08-30T06:00:00Z,validation
6297,2024-06-01T18:00:00Z,2024-07-31T12:00:00Z,2024-07-31T18:00:00Z,2024-08-30T12:00:00Z,validation
6298,2024-06-02T00:00:00Z,2024-07-31T18:00:00Z,2024-08-01T00:00:00Z,2024-08-30T18:00:00Z,validation
6299,2024-06-02T06:00:00Z,2024-08-01T00:00:00Z,2024-08-01T06:00:00Z,2024-08-31T00:00:00Z,validation
6300,2024-06-02T12:00:00Z,2024-08-01T06:00:00Z,2024-08-01T12:00:00Z,2024-08-31T06:00:00Z,validation
6301,2024-06-02T18:00:00Z,2024-08-01T12:00:00Z,2024-08-01T18:00:00Z,2024-08-31T12:00:00Z,validation
6302,2024-06-03T00:00:00Z,2024-08-01T18:00:00Z,2024-08-02T00:00:00Z,2024-08-31T18:00:00Z,validation
6303,2024-06-03T06:00:00Z,2024-08-02T00:00:00Z,2024-08-02T06:00:00Z,2024-09-01T00:00:00Z,validation
6304,2024-06-03T12:00:00Z,2024-08-02T06:00:00Z,2024-08-02T12:00:00Z,2024-09-01T06:00:00Z,validation
6305,2024-06-03T18:00:00Z,2024-08-02T12:00:00Z,2024-08-02T18:00:00Z,2024-09-01T12:00:00Z,validation
6306,2024-06-04T00:00:00Z,2024-08-02T18:00:00Z,2024-08-03T00:00:00Z,2024-09-01T18:00:00Z,validation
6307,2024-06-04T06:00:00Z,2024-08-03T00:00:00Z,2024-08-03T06:00:00Z,2024-09-02T00:00:00Z,validation
6308,2024-06-04T12:00:00Z,2024-08-03T06:00:00Z,2024-08-03T12:00:00Z,2024-09-02T06:00:00Z,validation
6309,2024-06-04T18:00:00Z,2024-08-03T12:00:00Z,2024-08-03T18:00:00Z,2024-09-02T12:00:00Z,validation
6310,2024-06-05T00:00:00Z,2024-08-03T18:00:00Z,2024-08-04T00:00:00Z,2024-09-02T18:00:00Z,validation
6311,2024-06-05T06:00:00Z,2024-08-04T00:00:00Z,2024-08-04T06:00:00Z,2024-09-03T00:00:00Z,validation
6312,2024-06-05T12:00:00Z,2024-08-04T06:00:00Z,2024-08-04T12:00:00Z,2024-09-03T06:00:00Z,validation
6313,2024-06-05T18:00:00Z,2024-08-04T12:00:00Z,2024-08-04T18:00:00Z,2024-09-03T12:00:00Z,validation
6314,2024-06-06T00:00:00Z,2024-08-04T18:00:00Z,2024-08-05T00:00:00Z,2024-09-03T18:00:00Z,validation
6315,2024-06-06T06:00:00Z,2024-08-05T00:00:00Z,2024-08-05T06:00:00Z,2024-09-04T00:00:00Z,validation
6316,2024-06-06T12:00:00Z,2024-08-05T06:00:00Z,2024-08-05T12:00:00Z,2024-09-04T06:00:00Z,validation
6317,2024-06-06T18:00:00Z,2024-08-05T12:00:00Z,2024-08-05T18:00:00Z,2024-09-04T12:00:00Z,validation
6318,2024-06-07T00:00:00Z,2024-08-05T18:00:00Z,2024-08-06T00:00:00Z,2024-09-04T18:00:00Z,validation
6319,2024-06-07T06:00:00Z,2024-08-06T00:00:00Z,2024-08-06T06:00:00Z,2024-09-05T00:00:00Z,validation
6320,2024-06-07T12:00:00Z,2024-08-06T06:00:00Z,2024-08-06T12:00:00Z,2024-09-05T06:00:00Z,validation
6321,2024-06-07T18:00:00Z,2024-08-06T12:00:00Z,2024-08-06T18:00:00Z,2024-09-05T12:00:00Z,validation
6322,2024-06-08T00:00:00Z,2024-08-06T18:00:00Z,2024-08-07T00:00:00Z,2024-09-05T18:00:00Z,validation
6323,2024-06-08T06:00:00Z,2024-08-07T00:00:00Z,2024-08-07T06:00:00Z,2024-09-06T00:00:00Z,validation
6324,2024-06-08T12:00:00Z,2024-08-07T06:00:00Z,2024-08-07T12:00:00Z,2024-09-06T06:00:00Z,validation
6325,2024-06-08T18:00:00Z,2024-08-07T12:00:00Z,2024-08-07T18:00:00Z,2024-09-06T12:00:00Z,validation
6326,2024-06-09T00:00:00Z,2024-08-07T18:00:00Z,2024-08-08T00:00:00Z,2024-09-06T18:00:00Z,validation
6327,2024-06-09T06:00:00Z,2024-08-08T00:00:00Z,2024-08-08T06:00:00Z,2024-09-07T00:00:00Z,validation
6328,2024-06-09T12:00:00Z,2024-08-08T06:00:00Z,2024-08-08T12:00:00Z,2024-09-07T06:00:00Z,validation
6329,2024-06-09T18:00:00Z,2024-08-08T12:00:00Z,2024-08-08T18:00:00Z,2024-09-07T12:00:00Z,validation
6330,2024-06-10T00:00:00Z,2024-08-08T18:00:00Z,2024-08-09T00:00:00Z,2024-09-07T18:00:00Z,validation
6331,2024-06-10T06:00:00Z,2024-08-09T00:00:00Z,2024-08-09T06:00:00Z,2024-09-08T00:00:00Z,validation
6332,2024-06-10T12:00:00Z,2024-08-09T06:00:00Z,2024-08-09T12:00:00Z,2024-09-08T06:00:00Z,validation
6333,2024-06-10T18:00:00Z,2024-08-09T12:00:00Z,2024-08-09T18:00:00Z,2024-09-08T12:00:00Z,validation
6334,2024-06-11T00:00:00Z,2024-08-09T18:00:00Z,2024-08-10T00:00:00Z,2024-09-08T18:00:00Z,validation
6335,2024-06-11T06:00:00Z,2024-08-10T00:00:00Z,2024-08-10T06:00:00Z,2024-09-09T00:00:00Z,validation
6336,2024-06-11T12:00:00Z,2024-08-10T06:00:00Z,2024-08-10T12:00:00Z,2024-09-09T06:00:00Z,validation
6337,2024-06-11T18:00:00Z,2024-08-10T12:00:00Z,2024-08-10T18:00:00Z,2024-09-09T12:00:00Z,validation
6338,2024-06-12T00:00:00Z,2024-08-10T18:00:00Z,2024-08-11T00:00:00Z,2024-09-09T18:00:00Z,validation
6339,2024-06-12T06:00:00Z,2024-08-11T00:00:00Z,2024-08-11T06:00:00Z,2024-09-10T00:00:00Z,validation
6340,2024-06-12T12:00:00Z,2024-08-11T06:00:00Z,2024-08-11T12:00:00Z,2024-09-10T06:00:00Z,validation
6341,2024-06-12T18:00:00Z,2024-08-11T12:00:00Z,2024-08-11T18:00:00Z,2024-09-10T12:00:00Z,validation
6342,2024-06-13T00:00:00Z,2024-08-11T18:00:00Z,2024-08-12T00:00:00Z,2024-09-10T18:00:00Z,validation
6343,2024-06-13T06:00:00Z,2024-08-12T00:00:00Z,2024-08-12T06:00:00Z,2024-09-11T00:00:00Z,validation
6344,2024-06-13T12:00:00Z,2024-08-12T06:00:00Z,2024-08-12T12:00:00Z,2024-09-11T06:00:00Z,validation
6345,2024-06-13T18:00:00Z,2024-08-12T12:00:00Z,2024-08-12T18:00:00Z,2024-09-11T12:00:00Z,validation
6346,2024-06-14T00:00:00Z,2024-08-12T18:00:00Z,2024-08-13T00:00:00Z,2024-09-11T18:00:00Z,validation
6347,2024-06-14T06:00:00Z,2024-08-13T00:00:00Z,2024-08-13T06:00:00Z,2024-09-12T00:00:00Z,validation
6348,2024-06-14T12:00:00Z,2024-08-13T06:00:00Z,2024-08-13T12:00:00Z,2024-09-12T06:00:00Z,validation
6349,2024-06-14T18:00:00Z,2024-08-13T12:00:00Z,2024-08-13T18:00:00Z,2024-09-12T12:00:00Z,validation
6350,2024-06-15T00:00:00Z,2024-08-13T18:00:00Z,2024-08-14T00:00:00Z,2024-09-12T18:00:00Z,validation
6351,2024-06-15T06:00:00Z,2024-08-14T00:00:00Z,2024-08-14T06:00:00Z,2024-09-13T00:00:00Z,validation
6352,2024-06-15T12:00:00Z,2024-08-14T06:00:00Z,2024-08-14T12:00:00Z,2024-09-13T06:00:00Z,validation
6353,2024-06-15T18:00:00Z,2024-08-14T12:00:00Z,2024-08-14T18:00:00Z,2024-09-13T12:00:00Z,validation
6354,2024-06-16T00:00:00Z,2024-08-14T18:00:00Z,2024-08-15T00:00:00Z,2024-09-13T18:00:00Z,validation
6355,2024-06-16T06:00:00Z,2024-08-15T00:00:00Z,2024-08-15T06:00:00Z,2024-09-14T00:00:00Z,validation
6356,2024-06-16T12:00:00Z,2024-08-15T06:00:00Z,2024-08-15T12:00:00Z,2024-09-14T06:00:00Z,validation
6357,2024-06-16T18:00:00Z,2024-08-15T12:00:00Z,2024-08-15T18:00:00Z,2024-09-14T12:00:00Z,validation
6358,2024-06-17T00:00:00Z,2024-08-15T18:00:00Z,2024-08-16T00:00:00Z,2024-09-14T18:00:00Z,validation
6359,2024-06-17T06:00:00Z,2024-08-16T00:00:00Z,2024-08-16T06:00:00Z,2024-09-15T00:00:00Z,validation
6360,2024-06-17T12:00:00Z,2024-08-16T06:00:00Z,2024-08-16T12:00:00Z,2024-09-15T06:00:00Z,validation
6361,2024-06-17T18:00:00Z,2024-08-16T12:00:00Z,2024-08-16T18:00:00Z,2024-09-15T12:00:00Z,validation
6362,2024-06-18T00:00:00Z,2024-08-16T18:00:00Z,2024-08-17T00:00:00Z,2024-09-15T18:00:00Z,validation
6363,2024-06-18T06:00:00Z,2024-08-17T00:00:00Z,2024-08-17T06:00:00Z,2024-09-16T00:00:00Z,validation
6364,2024-06-18T12:00:00Z,2024-08-17T06:00:00Z,2024-08-17T12:00:00Z,2024-09-16T06:00:00Z,validation
6365,2024-06-18T18:00:00Z,2024-08-17T12:00:00Z,2024-08-17T18:00:00Z,2024-09-16T12:00:00Z,validation
6366,2024-06-19T00:00:00Z,2024-08-17T18:00:00Z,2024-08-18T00:00:00Z,2024-09-16T18:00:00Z,validation
6367,2024-06-19T06:00:00Z,2024-08-18T00:00:00Z,2024-08-18T06:00:00Z,2024-09-17T00:00:00Z,validation
6368,2024-06-19T12:00:00Z,2024-08-18T06:00:00Z,2024-08-18T12:00:00Z,2024-09-17T06:00:00Z,validation
6369,2024-06-19T18:00:00Z,2024-08-18T12:00:00Z,2024-08-18T18:00:00Z,2024-09-17T12:00:00Z,validation
6370,2024-06-20T00:00:00Z,2024-08-18T18:00:00Z,2024-08-19T00:00:00Z,2024-09-17T18:00:00Z,validation
6371,2024-06-20T06:00:00Z,2024-08-19T00:00:00Z,2024-08-19T06:00:00Z,2024-09-18T00:00:00Z,validation
6372,2024-06-20T12:00:00Z,2024-08-19T06:00:00Z,2024-08-19T12:00:00Z,2024-09-18T06:00:00Z,validation
6373,2024-06-20T18:00:00Z,2024-08-19T12:00:00Z,2024-08-19T18:00:00Z,2024-09-18T12:00:00Z,validation
6374,2024-06-21T00:00:00Z,2024-08-19T18:00:00Z,2024-08-20T00:00:00Z,2024-09-18T18:00:00Z,validation
6375,2024-06-21T06:00:00Z,2024-08-20T00:00:00Z,2024-08-20T06:00:00Z,2024-09-19T00:00:00Z,validation
6376,2024-06-21T12:00:00Z,2024-08-20T06:00:00Z,2024-08-20T12:00:00Z,2024-09-19T06:00:00Z,validation
6377,2024-06-21T18:00:00Z,2024-08-20T12:00:00Z,2024-08-20T18:00:00Z,2024-09-19T12:00:00Z,validation
6378,2024-06-22T00:00:00Z,2024-08-20T18:00:00Z,2024-08-21T00:00:00Z,2024-09-19T18:00:00Z,validation
6379,2024-06-22T06:00:00Z,2024-08-21T00:00:00Z,2024-08-21T06:00:00Z,2024-09-20T00:00:00Z,validation
6380,2024-06-22T12:00:00Z,2024-08-21T06:00:00Z,2024-08-21T12:00:00Z,2024-09-20T06:00:00Z,validation
6381,2024-06-22T18:00:00Z,2024-08-21T12:00:00Z,2024-08-21T18:00:00Z,2024-09-20T12:00:00Z,validation
6382,2024-06-23T00:00:00Z,2024-08-21T18:00:00Z,2024-08-22T00:00:00Z,2024-09-20T18:00:00Z,validation
6383,2024-06-23T06:00:00Z,2024-08-22T00:00:00Z,2024-08-22T06:00:00Z,2024-09-21T00:00:00Z,validation
6384,2024-06-23T12:00:00Z,2024-08-22T06:00:00Z,2024-08-22T12:00:00Z,2024-09-21T06:00:00Z,validation
6385,2024-06-23T18:00:00Z,2024-08-22T12:00:00Z,2024-08-22T18:00:00Z,2024-09-21T12:00:00Z,validation
6386,2024-06-24T00:00:00Z,2024-08-22T18:00:00Z,2024-08-23T00:00:00Z,2024-09-21T18:00:00Z,validation
6387,2024-06-24T06:00:00Z,2024-08-23T00:00:00Z,2024-08-23T06:00:00Z,2024-09-22T00:00:00Z,validation
6388,2024-06-24T12:00:00Z,2024-08-23T06:00:00Z,2024-08-23T12:00:00Z,2024-09-22T06:00:00Z,validation
6389,2024-06-24T18:00:00Z,2024-08-23T12:00:00Z,2024-08-23T18:00:00Z,2024-09-22T12:00:00Z,validation
6390,2024-06-25T00:00:00Z,2024-08-23T18:00:00Z,2024-08-24T00:00:00Z,2024-09-22T18:00:00Z,validation
6391,2024-06-25T06:00:00Z,2024-08-24T00:00:00Z,2024-08-24T06:00:00Z,2024-09-23T00:00:00Z,validation
6392,2024-06-25T12:00:00Z,2024-08-24T06:00:00Z,2024-08-24T12:00:00Z,2024-09-23T06:00:00Z,validation
6393,2024-06-25T18:00:00Z,2024-08-24T12:00:00Z,2024-08-24T18:00:00Z,2024-09-23T12:00:00Z,validation
6394,2024-06-26T00:00:00Z,2024-08-24T18:00:00Z,2024-08-25T00:00:00Z,2024-09-23T18:00:00Z,validation
6395,2024-06-26T06:00:00Z,2024-08-25T00:00:00Z,2024-08-25T06:00:00Z,2024-09-24T00:00:00Z,validation
6396,2024-06-26T12:00:00Z,2024-08-25T06:00:00Z,2024-08-25T12:00:00Z,2024-09-24T06:00:00Z,validation
6397,2024-06-26T18:00:00Z,2024-08-25T12:00:00Z,2024-08-25T18:00:00Z,2024-09-24T12:00:00Z,validation
6398,2024-06-27T00:00:00Z,2024-08-25T18:00:00Z,2024-08-26T00:00:00Z,2024-09-24T18:00:00Z,validation
6399,2024-06-27T06:00:00Z,2024-08-26T00:00:00Z,2024-08-26T06:00:00Z,2024-09-25T00:00:00Z,validation
6400,2024-06-27T12:00:00Z,2024-08-26T06:00:00Z,2024-08-26T12:00:00Z,2024-09-25T06:00:00Z,validation
6401,2024-06-27T18:00:00Z,2024-08-26T12:00:00Z,2024-08-26T18:00:00Z,2024-09-25T12:00:00Z,validation
6402,2024-06-28T00:00:00Z,2024-08-26T18:00:00Z,2024-08-27T00:00:00Z,2024-09-25T18:00:00Z,validation
6403,2024-06-28T06:00:00Z,2024-08-27T00:00:00Z,2024-08-27T06:00:00Z,2024-09-26T00:00:00Z,validation
6404,2024-06-28T12:00:00Z,2024-08-27T06:00:00Z,2024-08-27T12:00:00Z,2024-09-26T06:00:00Z,validation
6405,2024-06-28T18:00:00Z,2024-08-27T12:00:00Z,2024-08-27T18:00:00Z,2024-09-26T12:00:00Z,validation
6406,2024-06-29T00:00:00Z,2024-08-27T18:00:00Z,2024-08-28T00:00:00Z,2024-09-26T18:00:00Z,validation
6407,2024-06-29T06:00:00Z,2024-08-28T00:00:00Z,2024-08-28T06:00:00Z,2024-09-27T00:00:00Z,validation
6408,2024-06-29T12:00:00Z,2024-08-28T06:00:00Z,2024-08-28T12:00:00Z,2024-09-27T06:00:00Z,validation
6409,2024-06-29T18:00:00Z,2024-08-28T12:00:00Z,2024-08-28T18:00:00Z,2024-09-27T12:00:00Z,validation
6410,2024-06-30T00:00:00Z,2024-08-28T18:00:00Z,2024-08-29T00:00:00Z,2024-09-27T18:00:00Z,validation
6411,2024-06-30T06:00:00Z,2024-08-29T00:00:00Z,2024-08-29T06:00:00Z,2024-09-28T00:00:00Z,validation
6412,2024-06-30T12:00:00Z,2024-08-29T06:00:00Z,2024-08-29T12:00:00Z,2024-09-28T06:00:00Z,validation
6413,2024-06-30T18:00:00Z,2024-08-29T12:00:00Z,2024-08-29T18:00:00Z,2024-09-28T12:00:00Z,validation
6414,2024-07-01T00:00:00Z,2024-08-29T18:00:00Z,2024-08-30T00:00:00Z,2024-09-28T18:00:00Z,validation
6415,2024-07-01T06:00:00Z,2024-08-30T00:00:00Z,2024-08-30T06:00:00Z,2024-09-29T00:00:00Z,validation
6416,2024-07-01T12:00:00Z,2024-08-30T06:00:00Z,2024-08-30T12:00:00Z,2024-09-29T06:00:00Z,validation
6417,2024-07-01T18:00:00Z,2024-08-30T12:00:00Z,2024-08-30T18:00:00Z,2024-09-29T12:00:00Z,validation
6418,2024-07-02T00:00:00Z,2024-08-30T18:00:00Z,2024-08-31T00:00:00Z,2024-09-29T18:00:00Z,validation
6419,2024-07-02T06:00:00Z,2024-08-31T00:00:00Z,2024-08-31T06:00:00Z,2024-09-30T00:00:00Z,validation
6420,2024-07-02T12:00:00Z,2024-08-31T06:00:00Z,2024-08-31T12:00:00Z,2024-09-30T06:00:00Z,validation
6421,2024-07-02T18:00:00Z,2024-08-31T12:00:00Z,2024-08-31T18:00:00Z,2024-09-30T12:00:00Z,validation
6422,2024-07-03T00:00:00Z,2024-08-31T18:00:00Z,2024-09-01T00:00:00Z,2024-09-30T18:00:00Z,validation
6423,2024-07-03T06:00:00Z,2024-09-01T00:00:00Z,2024-09-01T06:00:00Z,2024-10-01T00:00:00Z,validation
6424,2024-07-03T12:00:00Z,2024-09-01T06:00:00Z,2024-09-01T12:00:00Z,2024-10-01T06:00:00Z,validation
6425,2024-07-03T18:00:00Z,2024-09-01T12:00:00Z,2024-09-01T18:00:00Z,2024-10-01T12:00:00Z,validation
6426,2024-07-04T00:00:00Z,2024-09-01T18:00:00Z,2024-09-02T00:00:00Z,2024-10-01T18:00:00Z,validation
6427,2024-07-04T06:00:00Z,2024-09-02T00:00:00Z,2024-09-02T06:00:00Z,2024-10-02T00:00:00Z,validation
6428,2024-07-04T12:00:00Z,2024-09-02T06:00:00Z,2024-09-02T12:00:00Z,2024-10-02T06:00:00Z,validation
6429,2024-07-04T18:00:00Z,2024-09-02T12:00:00Z,2024-09-02T18:00:00Z,2024-10-02T12:00:00Z,validation
6430,2024-07-05T00:00:00Z,2024-09-02T18:00:00Z,2024-09-03T00:00:00Z,2024-10-02T18:00:00Z,validation
6431,2024-07-05T06:00:00Z,2024-09-03T00:00:00Z,2024-09-03T06:00:00Z,2024-10-03T00:00:00Z,validation
6432,2024-07-05T12:00:00Z,2024-09-03T06:00:00Z,2024-09-03T12:00:00Z,2024-10-03T06:00:00Z,validation
6433,2024-07-05T18:00:00Z,2024-09-03T12:00:00Z,2024-09-03T18:00:00Z,2024-10-03T12:00:00Z,validation
6434,2024-07-06T00:00:00Z,2024-09-03T18:00:00Z,2024-09-04T00:00:00Z,2024-10-03T18:00:00Z,validation
6435,2024-07-06T06:00:00Z,2024-09-04T00:00:00Z,2024-09-04T06:00:00Z,2024-10-04T00:00:00Z,validation
6436,2024-07-06T12:00:00Z,2024-09-04T06:00:00Z,2024-09-04T12:00:00Z,2024-10-04T06:00:00Z,validation
6437,2024-07-06T18:00:00Z,2024-09-04T12:00:00Z,2024-09-04T18:00:00Z,2024-10-04T12:00:00Z,validation
6438,2024-07-07T00:00:00Z,2024-09-04T18:00:00Z,2024-09-05T00:00:00Z,2024-10-04T18:00:00Z,validation
6439,2024-07-07T06:00:00Z,2024-09-05T00:00:00Z,2024-09-05T06:00:00Z,2024-10-05T00:00:00Z,validation
6440,2024-07-07T12:00:00Z,2024-09-05T06:00:00Z,2024-09-05T12:00:00Z,2024-10-05T06:00:00Z,validation
6441,2024-07-07T18:00:00Z,2024-09-05T12:00:00Z,2024-09-05T18:00:00Z,2024-10-05T12:00:00Z,validation
6442,2024-07-08T00:00:00Z,2024-09-05T18:00:00Z,2024-09-06T00:00:00Z,2024-10-05T18:00:00Z,validation
6443,2024-07-08T06:00:00Z,2024-09-06T00:00:00Z,2024-09-06T06:00:00Z,2024-10-06T00:00:00Z,validation
6444,2024-07-08T12:00:00Z,2024-09-06T06:00:00Z,2024-09-06T12:00:00Z,2024-10-06T06:00:00Z,validation
6445,2024-07-08T18:00:00Z,2024-09-06T12:00:00Z,2024-09-06T18:00:00Z,2024-10-06T12:00:00Z,validation
6446,2024-07-09T00:00:00Z,2024-09-06T18:00:00Z,2024-09-07T00:00:00Z,2024-10-06T18:00:00Z,validation
6447,2024-07-09T06:00:00Z,2024-09-07T00:00:00Z,2024-09-07T06:00:00Z,2024-10-07T00:00:00Z,validation
6448,2024-07-09T12:00:00Z,2024-09-07T06:00:00Z,2024-09-07T12:00:00Z,2024-10-07T06:00:00Z,validation
6449,2024-07-09T18:00:00Z,2024-09-07T12:00:00Z,2024-09-07T18:00:00Z,2024-10-07T12:00:00Z,validation
6450,2024-07-10T00:00:00Z,2024-09-07T18:00:00Z,2024-09-08T00:00:00Z,2024-10-07T18:00:00Z,validation
6451,2024-07-10T06:00:00Z,2024-09-08T00:00:00Z,2024-09-08T06:00:00Z,2024-10-08T00:00:00Z,validation
6452,2024-07-10T12:00:00Z,2024-09-08T06:00:00Z,2024-09-08T12:00:00Z,2024-10-08T06:00:00Z,validation
6453,2024-07-10T18:00:00Z,2024-09-08T12:00:00Z,2024-09-08T18:00:00Z,2024-10-08T12:00:00Z,validation
6454,2024-07-11T00:00:00Z,2024-09-08T18:00:00Z,2024-09-09T00:00:00Z,2024-10-08T18:00:00Z,validation
6455,2024-07-11T06:00:00Z,2024-09-09T00:00:00Z,2024-09-09T06:00:00Z,2024-10-09T00:00:00Z,validation
6456,2024-07-11T12:00:00Z,2024-09-09T06:00:00Z,2024-09-09T12:00:00Z,2024-10-09T06:00:00Z,validation
6457,2024-07-11T18:00:00Z,2024-09-09T12:00:00Z,2024-09-09T18:00:00Z,2024-10-09T12:00:00Z,validation
6458,2024-07-12T00:00:00Z,2024-09-09T18:00:00Z,2024-09-10T00:00:00Z,2024-10-09T18:00:00Z,validation
6459,2024-07-12T06:00:00Z,2024-09-10T00:00:00Z,2024-09-10T06:00:00Z,2024-10-10T00:00:00Z,validation
6460,2024-07-12T12:00:00Z,2024-09-10T06:00:00Z,2024-09-10T12:00:00Z,2024-10-10T06:00:00Z,validation
6461,2024-07-12T18:00:00Z,2024-09-10T12:00:00Z,2024-09-10T18:00:00Z,2024-10-10T12:00:00Z,validation
6462,2024-07-13T00:00:00Z,2024-09-10T18:00:00Z,2024-09-11T00:00:00Z,2024-10-10T18:00:00Z,validation
6463,2024-07-13T06:00:00Z,2024-09-11T00:00:00Z,2024-09-11T06:00:00Z,2024-10-11T00:00:00Z,validation
6464,2024-07-13T12:00:00Z,2024-09-11T06:00:00Z,2024-09-11T12:00:00Z,2024-10-11T06:00:00Z,validation
6465,2024-07-13T18:00:00Z,2024-09-11T12:00:00Z,2024-09-11T18:00:00Z,2024-10-11T12:00:00Z,validation
6466,2024-07-14T00:00:00Z,2024-09-11T18:00:00Z,2024-09-12T00:00:00Z,2024-10-11T18:00:00Z,validation
6467,2024-07-14T06:00:00Z,2024-09-12T00:00:00Z,2024-09-12T06:00:00Z,2024-10-12T00:00:00Z,validation
6468,2024-07-14T12:00:00Z,2024-09-12T06:00:00Z,2024-09-12T12:00:00Z,2024-10-12T06:00:00Z,validation
6469,2024-07-14T18:00:00Z,2024-09-12T12:00:00Z,2024-09-12T18:00:00Z,2024-10-12T12:00:00Z,validation
6470,2024-07-15T00:00:00Z,2024-09-12T18:00:00Z,2024-09-13T00:00:00Z,2024-10-12T18:00:00Z,validation
6471,2024-07-15T06:00:00Z,2024-09-13T00:00:00Z,2024-09-13T06:00:00Z,2024-10-13T00:00:00Z,validation
6472,2024-07-15T12:00:00Z,2024-09-13T06:00:00Z,2024-09-13T12:00:00Z,2024-10-13T06:00:00Z,validation
6473,2024-07-15T18:00:00Z,2024-09-13T12:00:00Z,2024-09-13T18:00:00Z,2024-10-13T12:00:00Z,validation
6474,2024-07-16T00:00:00Z,2024-09-13T18:00:00Z,2024-09-14T00:00:00Z,2024-10-13T18:00:00Z,validation
6475,2024-07-16T06:00:00Z,2024-09-14T00:00:00Z,2024-09-14T06:00:00Z,2024-10-14T00:00:00Z,validation
6476,2024-07-16T12:00:00Z,2024-09-14T06:00:00Z,2024-09-14T12:00:00Z,2024-10-14T06:00:00Z,validation
6477,2024-07-16T18:00:00Z,2024-09-14T12:00:00Z,2024-09-14T18:00:00Z,2024-10-14T12:00:00Z,validation
6478,2024-07-17T00:00:00Z,2024-09-14T18:00:00Z,2024-09-15T00:00:00Z,2024-10-14T18:00:00Z,validation
6479,2024-07-17T06:00:00Z,2024-09-15T00:00:00Z,2024-09-15T06:00:00Z,2024-10-15T00:00:00Z,validation
6480,2024-07-17T12:00:00Z,2024-09-15T06:00:00Z,2024-09-15T12:00:00Z,2024-10-15T06:00:00Z,validation
6481,2024-07-17T18:00:00Z,2024-09-15T12:00:00Z,2024-09-15T18:00:00Z,2024-10-15T12:00:00Z,validation
6482,2024-07-18T00:00:00Z,2024-09-15T18:00:00Z,2024-09-16T00:00:00Z,2024-10-15T18:00:00Z,validation
6483,2024-07-18T06:00:00Z,2024-09-16T00:00:00Z,2024-09-16T06:00:00Z,2024-10-16T00:00:00Z,validation
6484,2024-07-18T12:00:00Z,2024-09-16T06:00:00Z,2024-09-16T12:00:00Z,2024-10-16T06:00:00Z,validation
6485,2024-07-18T18:00:00Z,2024-09-16T12:00:00Z,2024-09-16T18:00:00Z,2024-10-16T12:00:00Z,validation
6486,2024-07-19T00:00:00Z,2024-09-16T18:00:00Z,2024-09-17T00:00:00Z,2024-10-16T18:00:00Z,validation
6487,2024-07-19T06:00:00Z,2024-09-17T00:00:00Z,2024-09-17T06:00:00Z,2024-10-17T00:00:00Z,validation
6488,2024-07-19T12:00:00Z,2024-09-17T06:00:00Z,2024-09-17T12:00:00Z,2024-10-17T06:00:00Z,validation
6489,2024-07-19T18:00:00Z,2024-09-17T12:00:00Z,2024-09-17T18:00:00Z,2024-10-17T12:00:00Z,validation
6490,2024-07-20T00:00:00Z,2024-09-17T18:00:00Z,2024-09-18T00:00:00Z,2024-10-17T18:00:00Z,validation
6491,2024-07-20T06:00:00Z,2024-09-18T00:00:00Z,2024-09-18T06:00:00Z,2024-10-18T00:00:00Z,validation
6492,2024-07-20T12:00:00Z,2024-09-18T06:00:00Z,2024-09-18T12:00:00Z,2024-10-18T06:00:00Z,validation
6493,2024-07-20T18:00:00Z,2024-09-18T12:00:00Z,2024-09-18T18:00:00Z,2024-10-18T12:00:00Z,validation
6494,2024-07-21T00:00:00Z,2024-09-18T18:00:00Z,2024-09-19T00:00:00Z,2024-10-18T18:00:00Z,validation
6495,2024-07-21T06:00:00Z,2024-09-19T00:00:00Z,2024-09-19T06:00:00Z,2024-10-19T00:00:00Z,validation
6496,2024-07-21T12:00:00Z,2024-09-19T06:00:00Z,2024-09-19T12:00:00Z,2024-10-19T06:00:00Z,validation
6497,2024-07-21T18:00:00Z,2024-09-19T12:00:00Z,2024-09-19T18:00:00Z,2024-10-19T12:00:00Z,validation
6498,2024-07-22T00:00:00Z,2024-09-19T18:00:00Z,2024-09-20T00:00:00Z,2024-10-19T18:00:00Z,validation
6499,2024-07-22T06:00:00Z,2024-09-20T00:00:00Z,2024-09-20T06:00:00Z,2024-10-20T00:00:00Z,validation
6500,2024-07-22T12:00:00Z,2024-09-20T06:00:00Z,2024-09-20T12:00:00Z,2024-10-20T06:00:00Z,validation
6501,2024-07-22T18:00:00Z,2024-09-20T12:00:00Z,2024-09-20T18:00:00Z,2024-10-20T12:00:00Z,validation
6502,2024-07-23T00:00:00Z,2024-09-20T18:00:00Z,2024-09-21T00:00:00Z,2024-10-20T18:00:00Z,validation
6503,2024-07-23T06:00:00Z,2024-09-21T00:00:00Z,2024-09-21T06:00:00Z,2024-10-21T00:00:00Z,validation
6504,2024-07-23T12:00:00Z,2024-09-21T06:00:00Z,2024-09-21T12:00:00Z,2024-10-21T06:00:00Z,validation
6505,2024-07-23T18:00:00Z,2024-09-21T12:00:00Z,2024-09-21T18:00:00Z,2024-10-21T12:00:00Z,validation
6506,2024-07-24T00:00:00Z,2024-09-21T18:00:00Z,2024-09-22T00:00:00Z,2024-10-21T18:00:00Z,validation
6507,2024-07-24T06:00:00Z,2024-09-22T00:00:00Z,2024-09-22T06:00:00Z,2024-10-22T00:00:00Z,validation
6508,2024-07-24T12:00:00Z,2024-09-22T06:00:00Z,2024-09-22T12:00:00Z,2024-10-22T06:00:00Z,validation
6509,2024-07-24T18:00:00Z,2024-09-22T12:00:00Z,2024-09-22T18:00:00Z,2024-10-22T12:00:00Z,validation
6510,2024-07-25T00:00:00Z,2024-09-22T18:00:00Z,2024-09-23T00:00:00Z,2024-10-22T18:00:00Z,validation
6511,2024-07-25T06:00:00Z,2024-09-23T00:00:00Z,2024-09-23T06:00:00Z,2024-10-23T00:00:00Z,validation
6512,2024-07-25T12:00:00Z,2024-09-23T06:00:00Z,2024-09-23T12:00:00Z,2024-10-23T06:00:00Z,validation
6513,2024-07-25T18:00:00Z,2024-09-23T12:00:00Z,2024-09-23T18:00:00Z,2024-10-23T12:00:00Z,validation
6514,2024-07-26T00:00:00Z,2024-09-23T18:00:00Z,2024-09-24T00:00:00Z,2024-10-23T18:00:00Z,validation
6515,2024-07-26T06:00:00Z,2024-09-24T00:00:00Z,2024-09-24T06:00:00Z,2024-10-24T00:00:00Z,validation
6516,2024-07-26T12:00:00Z,2024-09-24T06:00:00Z,2024-09-24T12:00:00Z,2024-10-24T06:00:00Z,validation
6517,2024-07-26T18:00:00Z,2024-09-24T12:00:00Z,2024-09-24T18:00:00Z,2024-10-24T12:00:00Z,validation
6518,2024-07-27T00:00:00Z,2024-09-24T18:00:00Z,2024-09-25T00:00:00Z,2024-10-24T18:00:00Z,validation
6519,2024-07-27T06:00:00Z,2024-09-25T00:00:00Z,2024-09-25T06:00:00Z,2024-10-25T00:00:00Z,validation
6520,2024-07-27T12:00:00Z,2024-09-25T06:00:00Z,2024-09-25T12:00:00Z,2024-10-25T06:00:00Z,validation
6521,2024-07-27T18:00:00Z,2024-09-25T12:00:00Z,2024-09-25T18:00:00Z,2024-10-25T12:00:00Z,validation
6522,2024-07-28T00:00:00Z,2024-09-25T18:00:00Z,2024-09-26T00:00:00Z,2024-10-25T18:00:00Z,validation
6523,2024-07-28T06:00:00Z,2024-09-26T00:00:00Z,2024-09-26T06:00:00Z,2024-10-26T00:00:00Z,validation
6524,2024-07-28T12:00:00Z,2024-09-26T06:00:00Z,2024-09-26T12:00:00Z,2024-10-26T06:00:00Z,validation
6525,2024-07-28T18:00:00Z,2024-09-26T12:00:00Z,2024-09-26T18:00:00Z,2024-10-26T12:00:00Z,validation
6526,2024-07-29T00:00:00Z,2024-09-26T18:00:00Z,2024-09-27T00:00:00Z,2024-10-26T18:00:00Z,validation
6527,2024-07-29T06:00:00Z,2024-09-27T00:00:00Z,2024-09-27T06:00:00Z,2024-10-27T00:00:00Z,validation
6528,2024-07-29T12:00:00Z,2024-09-27T06:00:00Z,2024-09-27T12:00:00Z,2024-10-27T06:00:00Z,validation
6529,2024-07-29T18:00:00Z,2024-09-27T12:00:00Z,2024-09-27T18:00:00Z,2024-10-27T12:00:00Z,validation
6530,2024-07-30T00:00:00Z,2024-09-27T18:00:00Z,2024-09-28T00:00:00Z,2024-10-27T18:00:00Z,validation
6531,2024-07-30T06:00:00Z,2024-09-28T00:00:00Z,2024-09-28T06:00:00Z,2024-10-28T00:00:00Z,validation
6532,2024-07-30T12:00:00Z,2024-09-28T06:00:00Z,2024-09-28T12:00:00Z,2024-10-28T06:00:00Z,validation
6533,2024-07-30T18:00:00Z,2024-09-28T12:00:00Z,2024-09-28T18:00:00Z,2024-10-28T12:00:00Z,validation
6534,2024-07-31T00:00:00Z,2024-09-28T18:00:00Z,2024-09-29T00:00:00Z,2024-10-28T18:00:00Z,validation
6535,2024-07-31T06:00:00Z,2024-09-29T00:00:00Z,2024-09-29T06:00:00Z,2024-10-29T00:00:00Z,validation
6536,2024-07-31T12:00:00Z,2024-09-29T06:00:00Z,2024-09-29T12:00:00Z,2024-10-29T06:00:00Z,validation
6537,2024-07-31T18:00:00Z,2024-09-29T12:00:00Z,2024-09-29T18:00:00Z,2024-10-29T12:00:00Z,validation
6538,2024-08-01T00:00:00Z,2024-09-29T18:00:00Z,2024-09-30T00:00:00Z,2024-10-29T18:00:00Z,validation
6539,2024-08-01T06:00:00Z,2024-09-30T00:00:00Z,2024-09-30T06:00:00Z,2024-10-30T00:00:00Z,validation
6540,2024-08-01T12:00:00Z,2024-09-30T06:00:00Z,2024-09-30T12:00:00Z,2024-10-30T06:00:00Z,validation
6541,2024-08-01T18:00:00Z,2024-09-30T12:00:00Z,2024-09-30T18:00:00Z,2024-10-30T12:00:00Z,validation
6542,2024-08-02T00:00:00Z,2024-09-30T18:00:00Z,2024-10-01T00:00:00Z,2024-10-30T18:00:00Z,validation
6543,2024-08-02T06:00:00Z,2024-10-01T00:00:00Z,2024-10-01T06:00:00Z,2024-10-31T00:00:00Z,validation
6544,2024-08-02T12:00:00Z,2024-10-01T06:00:00Z,2024-10-01T12:00:00Z,2024-10-31T06:00:00Z,validation
6545,2024-08-02T18:00:00Z,2024-10-01T12:00:00Z,2024-10-01T18:00:00Z,2024-10-31T12:00:00Z,validation
6546,2024-08-03T00:00:00Z,2024-10-01T18:00:00Z,2024-10-02T00:00:00Z,2024-10-31T18:00:00Z,validation
6547,2024-08-03T06:00:00Z,2024-10-02T00:00:00Z,2024-10-02T06:00:00Z,2024-11-01T00:00:00Z,validation
6548,2024-08-03T12:00:00Z,2024-10-02T06:00:00Z,2024-10-02T12:00:00Z,2024-11-01T06:00:00Z,validation
6549,2024-08-03T18:00:00Z,2024-10-02T12:00:00Z,2024-10-02T18:00:00Z,2024-11-01T12:00:00Z,validation
6550,2024-08-04T00:00:00Z,2024-10-02T18:00:00Z,2024-10-03T00:00:00Z,2024-11-01T18:00:00Z,validation
6551,2024-08-04T06:00:00Z,2024-10-03T00:00:00Z,2024-10-03T06:00:00Z,2024-11-02T00:00:00Z,validation
6552,2024-08-04T12:00:00Z,2024-10-03T06:00:00Z,2024-10-03T12:00:00Z,2024-11-02T06:00:00Z,validation
6553,2024-08-04T18:00:00Z,2024-10-03T12:00:00Z,2024-10-03T18:00:00Z,2024-11-02T12:00:00Z,validation
6554,2024-08-05T00:00:00Z,2024-10-03T18:00:00Z,2024-10-04T00:00:00Z,2024-11-02T18:00:00Z,validation
6555,2024-08-05T06:00:00Z,2024-10-04T00:00:00Z,2024-10-04T06:00:00Z,2024-11-03T00:00:00Z,validation
6556,2024-08-05T12:00:00Z,2024-10-04T06:00:00Z,2024-10-04T12:00:00Z,2024-11-03T06:00:00Z,validation
6557,2024-08-05T18:00:00Z,2024-10-04T12:00:00Z,2024-10-04T18:00:00Z,2024-11-03T12:00:00Z,validation
6558,2024-08-06T00:00:00Z,2024-10-04T18:00:00Z,2024-10-05T00:00:00Z,2024-11-03T18:00:00Z,validation
6559,2024-08-06T06:00:00Z,2024-10-05T00:00:00Z,2024-10-05T06:00:00Z,2024-11-04T00:00:00Z,validation
6560,2024-08-06T12:00:00Z,2024-10-05T06:00:00Z,2024-10-05T12:00:00Z,2024-11-04T06:00:00Z,validation
6561,2024-08-06T18:00:00Z,2024-10-05T12:00:00Z,2024-10-05T18:00:00Z,2024-11-04T12:00:00Z,validation
6562,2024-08-07T00:00:00Z,2024-10-05T18:00:00Z,2024-10-06T00:00:00Z,2024-11-04T18:00:00Z,validation
6563,2024-08-07T06:00:00Z,2024-10-06T00:00:00Z,2024-10-06T06:00:00Z,2024-11-05T00:00:00Z,validation
6564,2024-08-07T12:00:00Z,2024-10-06T06:00:00Z,2024-10-06T12:00:00Z,2024-11-05T06:00:00Z,validation
6565,2024-08-07T18:00:00Z,2024-10-06T12:00:00Z,2024-10-06T18:00:00Z,2024-11-05T12:00:00Z,validation
6566,2024-08-08T00:00:00Z,2024-10-06T18:00:00Z,2024-10-07T00:00:00Z,2024-11-05T18:00:00Z,validation
6567,2024-08-08T06:00:00Z,2024-10-07T00:00:00Z,2024-10-07T06:00:00Z,2024-11-06T00:00:00Z,validation
6568,2024-08-08T12:00:00Z,2024-10-07T06:00:00Z,2024-10-07T12:00:00Z,2024-11-06T06:00:00Z,validation
6569,2024-08-08T18:00:00Z,2024-10-07T12:00:00Z,2024-10-07T18:00:00Z,2024-11-06T12:00:00Z,validation
6570,2024-08-09T00:00:00Z,2024-10-07T18:00:00Z,2024-10-08T00:00:00Z,2024-11-06T18:00:00Z,validation
6571,2024-08-09T06:00:00Z,2024-10-08T00:00:00Z,2024-10-08T06:00:00Z,2024-11-07T00:00:00Z,validation
6572,2024-08-09T12:00:00Z,2024-10-08T06:00:00Z,2024-10-08T12:00:00Z,2024-11-07T06:00:00Z,validation
6573,2024-08-09T18:00:00Z,2024-10-08T12:00:00Z,2024-10-08T18:00:00Z,2024-11-07T12:00:00Z,validation
6574,2024-08-10T00:00:00Z,2024-10-08T18:00:00Z,2024-10-09T00:00:00Z,2024-11-07T18:00:00Z,validation
6575,2024-08-10T06:00:00Z,2024-10-09T00:00:00Z,2024-10-09T06:00:00Z,2024-11-08T00:00:00Z,validation
6576,2024-08-10T12:00:00Z,2024-10-09T06:00:00Z,2024-10-09T12:00:00Z,2024-11-08T06:00:00Z,validation
6577,2024-08-10T18:00:00Z,2024-10-09T12:00:00Z,2024-10-09T18:00:00Z,2024-11-08T12:00:00Z,validation
6578,2024-08-11T00:00:00Z,2024-10-09T18:00:00Z,2024-10-10T00:00:00Z,2024-11-08T18:00:00Z,validation
6579,2024-08-11T06:00:00Z,2024-10-10T00:00:00Z,2024-10-10T06:00:00Z,2024-11-09T00:00:00Z,validation
6580,2024-08-11T12:00:00Z,2024-10-10T06:00:00Z,2024-10-10T12:00:00Z,2024-11-09T06:00:00Z,validation
6581,2024-08-11T18:00:00Z,2024-10-10T12:00:00Z,2024-10-10T18:00:00Z,2024-11-09T12:00:00Z,validation
6582,2024-08-12T00:00:00Z,2024-10-10T18:00:00Z,2024-10-11T00:00:00Z,2024-11-09T18:00:00Z,validation
6583,2024-08-12T06:00:00Z,2024-10-11T00:00:00Z,2024-10-11T06:00:00Z,2024-11-10T00:00:00Z,validation
6584,2024-08-12T12:00:00Z,2024-10-11T06:00:00Z,2024-10-11T12:00:00Z,2024-11-10T06:00:00Z,validation
6585,2024-08-12T18:00:00Z,2024-10-11T12:00:00Z,2024-10-11T18:00:00Z,2024-11-10T12:00:00Z,validation
6586,2024-08-13T00:00:00Z,2024-10-11T18:00:00Z,2024-10-12T00:00:00Z,2024-11-10T18:00:00Z,validation
6587,2024-08-13T06:00:00Z,2024-10-12T00:00:00Z,2024-10-12T06:00:00Z,2024-11-11T00:00:00Z,validation
6588,2024-08-13T12:00:00Z,2024-10-12T06:00:00Z,2024-10-12T12:00:00Z,2024-11-11T06:00:00Z,validation
6589,2024-08-13T18:00:00Z,2024-10-12T12:00:00Z,2024-10-12T18:00:00Z,2024-11-11T12:00:00Z,validation
6590,2024-08-14T00:00:00Z,2024-10-12T18:00:00Z,2024-10-13T00:00:00Z,2024-11-11T18:00:00Z,validation
6591,2024-08-14T06:00:00Z,2024-10-13T00:00:00Z,2024-10-13T06:00:00Z,2024-11-12T00:00:00Z,validation
6592,2024-08-14T12:00:00Z,2024-10-13T06:00:00Z,2024-10-13T12:00:00Z,2024-11-12T06:00:00Z,validation
6593,2024-08-14T18:00:00Z,2024-10-13T12:00:00Z,2024-10-13T18:00:00Z,2024-11-12T12:00:00Z,validation
6594,2024-08-15T00:00:00Z,2024-10-13T18:00:00Z,2024-10-14T00:00:00Z,2024-11-12T18:00:00Z,validation
6595,2024-08-15T06:00:00Z,2024-10-14T00:00:00Z,2024-10-14T06:00:00Z,2024-11-13T00:00:00Z,validation
6596,2024-08-15T12:00:00Z,2024-10-14T06:00:00Z,2024-10-14T12:00:00Z,2024-11-13T06:00:00Z,validation
6597,2024-08-15T18:00:00Z,2024-10-14T12:00:00Z,2024-10-14T18:00:00Z,2024-11-13T12:00:00Z,validation
6598,2024-08-16T00:00:00Z,2024-10-14T18:00:00Z,2024-10-15T00:00:00Z,2024-11-13T18:00:00Z,validation
6599,2024-08-16T06:00:00Z,2024-10-15T00:00:00Z,2024-10-15T06:00:00Z,2024-11-14T00:00:00Z,validation
6600,2024-08-16T12:00:00Z,2024-10-15T06:00:00Z,2024-10-15T12:00:00Z,2024-11-14T06:00:00Z,validation
6601,2024-08-16T18:00:00Z,2024-10-15T12:00:00Z,2024-10-15T18:00:00Z,2024-11-14T12:00:00Z,validation
6602,2024-08-17T00:00:00Z,2024-10-15T18:00:00Z,2024-10-16T00:00:00Z,2024-11-14T18:00:00Z,validation
6603,2024-08-17T06:00:00Z,2024-10-16T00:00:00Z,2024-10-16T06:00:00Z,2024-11-15T00:00:00Z,validation
6604,2024-08-17T12:00:00Z,2024-10-16T06:00:00Z,2024-10-16T12:00:00Z,2024-11-15T06:00:00Z,validation
6605,2024-08-17T18:00:00Z,2024-10-16T12:00:00Z,2024-10-16T18:00:00Z,2024-11-15T12:00:00Z,validation
6606,2024-08-18T00:00:00Z,2024-10-16T18:00:00Z,2024-10-17T00:00:00Z,2024-11-15T18:00:00Z,validation
6607,2024-08-18T06:00:00Z,2024-10-17T00:00:00Z,2024-10-17T06:00:00Z,2024-11-16T00:00:00Z,validation
6608,2024-08-18T12:00:00Z,2024-10-17T06:00:00Z,2024-10-17T12:00:00Z,2024-11-16T06:00:00Z,validation
6609,2024-08-18T18:00:00Z,2024-10-17T12:00:00Z,2024-10-17T18:00:00Z,2024-11-16T12:00:00Z,validation
6610,2024-08-19T00:00:00Z,2024-10-17T18:00:00Z,2024-10-18T00:00:00Z,2024-11-16T18:00:00Z,validation
6611,2024-08-19T06:00:00Z,2024-10-18T00:00:00Z,2024-10-18T06:00:00Z,2024-11-17T00:00:00Z,validation
6612,2024-08-19T12:00:00Z,2024-10-18T06:00:00Z,2024-10-18T12:00:00Z,2024-11-17T06:00:00Z,validation
6613,2024-08-19T18:00:00Z,2024-10-18T12:00:00Z,2024-10-18T18:00:00Z,2024-11-17T12:00:00Z,validation
6614,2024-08-20T00:00:00Z,2024-10-18T18:00:00Z,2024-10-19T00:00:00Z,2024-11-17T18:00:00Z,validation
6615,2024-08-20T06:00:00Z,2024-10-19T00:00:00Z,2024-10-19T06:00:00Z,2024-11-18T00:00:00Z,validation
6616,2024-08-20T12:00:00Z,2024-10-19T06:00:00Z,2024-10-19T12:00:00Z,2024-11-18T06:00:00Z,validation
6617,2024-08-20T18:00:00Z,2024-10-19T12:00:00Z,2024-10-19T18:00:00Z,2024-11-18T12:00:00Z,validation
6618,2024-08-21T00:00:00Z,2024-10-19T18:00:00Z,2024-10-20T00:00:00Z,2024-11-18T18:00:00Z,validation
6619,2024-08-21T06:00:00Z,2024-10-20T00:00:00Z,2024-10-20T06:00:00Z,2024-11-19T00:00:00Z,validation
6620,2024-08-21T12:00:00Z,2024-10-20T06:00:00Z,2024-10-20T12:00:00Z,2024-11-19T06:00:00Z,validation
6621,2024-08-21T18:00:00Z,2024-10-20T12:00:00Z,2024-10-20T18:00:00Z,2024-11-19T12:00:00Z,validation
6622,2024-08-22T00:00:00Z,2024-10-20T18:00:00Z,2024-10-21T00:00:00Z,2024-11-19T18:00:00Z,validation
6623,2024-08-22T06:00:00Z,2024-10-21T00:00:00Z,2024-10-21T06:00:00Z,2024-11-20T00:00:00Z,validation
6624,2024-08-22T12:00:00Z,2024-10-21T06:00:00Z,2024-10-21T12:00:00Z,2024-11-20T06:00:00Z,validation
6625,2024-08-22T18:00:00Z,2024-10-21T12:00:00Z,2024-10-21T18:00:00Z,2024-11-20T12:00:00Z,validation
6626,2024-08-23T00:00:00Z,2024-10-21T18:00:00Z,2024-10-22T00:00:00Z,2024-11-20T18:00:00Z,validation
6627,2024-08-23T06:00:00Z,2024-10-22T00:00:00Z,2024-10-22T06:00:00Z,2024-11-21T00:00:00Z,validation
6628,2024-08-23T12:00:00Z,2024-10-22T06:00:00Z,2024-10-22T12:00:00Z,2024-11-21T06:00:00Z,validation
6629,2024-08-23T18:00:00Z,2024-10-22T12:00:00Z,2024-10-22T18:00:00Z,2024-11-21T12:00:00Z,validation
6630,2024-08-24T00:00:00Z,2024-10-22T18:00:00Z,2024-10-23T00:00:00Z,2024-11-21T18:00:00Z,validation
6631,2024-08-24T06:00:00Z,2024-10-23T00:00:00Z,2024-10-23T06:00:00Z,2024-11-22T00:00:00Z,validation
6632,2024-08-24T12:00:00Z,2024-10-23T06:00:00Z,2024-10-23T12:00:00Z,2024-11-22T06:00:00Z,validation
6633,2024-08-24T18:00:00Z,2024-10-23T12:00:00Z,2024-10-23T18:00:00Z,2024-11-22T12:00:00Z,validation
6634,2024-08-25T00:00:00Z,2024-10-23T18:00:00Z,2024-10-24T00:00:00Z,2024-11-22T18:00:00Z,validation
6635,2024-08-25T06:00:00Z,2024-10-24T00:00:00Z,2024-10-24T06:00:00Z,2024-11-23T00:00:00Z,validation
6636,2024-08-25T12:00:00Z,2024-10-24T06:00:00Z,2024-10-24T12:00:00Z,2024-11-23T06:00:00Z,validation
6637,2024-08-25T18:00:00Z,2024-10-24T12:00:00Z,2024-10-24T18:00:00Z,2024-11-23T12:00:00Z,validation
6638,2024-08-26T00:00:00Z,2024-10-24T18:00:00Z,2024-10-25T00:00:00Z,2024-11-23T18:00:00Z,validation
6639,2024-08-26T06:00:00Z,2024-10-25T00:00:00Z,2024-10-25T06:00:00Z,2024-11-24T00:00:00Z,validation
6640,2024-08-26T12:00:00Z,2024-10-25T06:00:00Z,2024-10-25T12:00:00Z,2024-11-24T06:00:00Z,validation
6641,2024-08-26T18:00:00Z,2024-10-25T12:00:00Z,2024-10-25T18:00:00Z,2024-11-24T12:00:00Z,validation
6642,2024-08-27T00:00:00Z,2024-10-25T18:00:00Z,2024-10-26T00:00:00Z,2024-11-24T18:00:00Z,validation
6643,2024-08-27T06:00:00Z,2024-10-26T00:00:00Z,2024-10-26T06:00:00Z,2024-11-25T00:00:00Z,validation
6644,2024-08-27T12:00:00Z,2024-10-26T06:00:00Z,2024-10-26T12:00:00Z,2024-11-25T06:00:00Z,validation
6645,2024-08-27T18:00:00Z,2024-10-26T12:00:00Z,2024-10-26T18:00:00Z,2024-11-25T12:00:00Z,validation
6646,2024-08-28T00:00:00Z,2024-10-26T18:00:00Z,2024-10-27T00:00:00Z,2024-11-25T18:00:00Z,validation
6647,2024-08-28T06:00:00Z,2024-10-27T00:00:00Z,2024-10-27T06:00:00Z,2024-11-26T00:00:00Z,validation
6648,2024-08-28T12:00:00Z,2024-10-27T06:00:00Z,2024-10-27T12:00:00Z,2024-11-26T06:00:00Z,validation
6649,2024-08-28T18:00:00Z,2024-10-27T12:00:00Z,2024-10-27T18:00:00Z,2024-11-26T12:00:00Z,validation
6650,2024-08-29T00:00:00Z,2024-10-27T18:00:00Z,2024-10-28T00:00:00Z,2024-11-26T18:00:00Z,validation
6651,2024-08-29T06:00:00Z,2024-10-28T00:00:00Z,2024-10-28T06:00:00Z,2024-11-27T00:00:00Z,validation
6652,2024-08-29T12:00:00Z,2024-10-28T06:00:00Z,2024-10-28T12:00:00Z,2024-11-27T06:00:00Z,validation
6653,2024-08-29T18:00:00Z,2024-10-28T12:00:00Z,2024-10-28T18:00:00Z,2024-11-27T12:00:00Z,validation
6654,2024-08-30T00:00:00Z,2024-10-28T18:00:00Z,2024-10-29T00:00:00Z,2024-11-27T18:00:00Z,validation
6655,2024-08-30T06:00:00Z,2024-10-29T00:00:00Z,2024-10-29T06:00:00Z,2024-11-28T00:00:00Z,validation
6656,2024-08-30T12:00:00Z,2024-10-29T06:00:00Z,2024-10-29T12:00:00Z,2024-11-28T06:00:00Z,validation
6657,2024-08-30T18:00:00Z,2024-10-29T12:00:00Z,2024-10-29T18:00:00Z,2024-11-28T12:00:00Z,validation
6658,2024-08-31T00:00:00Z,2024-10-29T18:00:00Z,2024-10-30T00:00:00Z,2024-11-28T18:00:00Z,validation
6659,2024-08-31T06:00:00Z,2024-10-30T00:00:00Z,2024-10-30T06:00:00Z,2024-11-29T00:00:00Z,validation
6660,2024-08-31T12:00:00Z,2024-10-30T06:00:00Z,2024-10-30T12:00:00Z,2024-11-29T06:00:00Z,validation
6661,2024-08-31T18:00:00Z,2024-10-30T12:00:00Z,2024-10-30T18:00:00Z,2024-11-29T12:00:00Z,validation
6662,2024-09-01T00:00:00Z,2024-10-30T18:00:00Z,2024-10-31T00:00:00Z,2024-11-29T18:00:00Z,validation
6663,2024-09-01T06:00:00Z,2024-10-31T00:00:00Z,2024-10-31T06:00:00Z,2024-11-30T00:00:00Z,validation
6664,2024-09-01T12:00:00Z,2024-10-31T06:00:00Z,2024-10-31T12:00:00Z,2024-11-30T06:00:00Z,validation
6665,2024-09-01T18:00:00Z,2024-10-31T12:00:00Z,2024-10-31T18:00:00Z,2024-11-30T12:00:00Z,validation
6666,2024-09-02T00:00:00Z,2024-10-31T18:00:00Z,2024-11-01T00:00:00Z,2024-11-30T18:00:00Z,validation
6667,2024-09-02T06:00:00Z,2024-11-01T00:00:00Z,2024-11-01T06:00:00Z,2024-12-01T00:00:00Z,validation
6668,2024-09-02T12:00:00Z,2024-11-01T06:00:00Z,2024-11-01T12:00:00Z,2024-12-01T06:00:00Z,validation
6669,2024-09-02T18:00:00Z,2024-11-01T12:00:00Z,2024-11-01T18:00:00Z,2024-12-01T12:00:00Z,validation
6670,2024-09-03T00:00:00Z,2024-11-01T18:00:00Z,2024-11-02T00:00:00Z,2024-12-01T18:00:00Z,validation
6671,2024-09-03T06:00:00Z,2024-11-02T00:00:00Z,2024-11-02T06:00:00Z,2024-12-02T00:00:00Z,validation
6672,2024-09-03T12:00:00Z,2024-11-02T06:00:00Z,2024-11-02T12:00:00Z,2024-12-02T06:00:00Z,validation
6673,2024-09-03T18:00:00Z,2024-11-02T12:00:00Z,2024-11-02T18:00:00Z,2024-12-02T12:00:00Z,validation
6674,2024-09-04T00:00:00Z,2024-11-02T18:00:00Z,2024-11-03T00:00:00Z,2024-12-02T18:00:00Z,validation
6675,2024-09-04T06:00:00Z,2024-11-03T00:00:00Z,2024-11-03T06:00:00Z,2024-12-03T00:00:00Z,validation
6676,2024-09-04T12:00:00Z,2024-11-03T06:00:00Z,2024-11-03T12:00:00Z,2024-12-03T06:00:00Z,validation
6677,2024-09-04T18:00:00Z,2024-11-03T12:00:00Z,2024-11-03T18:00:00Z,2024-12-03T12:00:00Z,validation
6678,2024-09-05T00:00:00Z,2024-11-03T18:00:00Z,2024-11-04T00:00:00Z,2024-12-03T18:00:00Z,validation
6679,2024-09-05T06:00:00Z,2024-11-04T00:00:00Z,2024-11-04T06:00:00Z,2024-12-04T00:00:00Z,validation
6680,2024-09-05T12:00:00Z,2024-11-04T06:00:00Z,2024-11-04T12:00:00Z,2024-12-04T06:00:00Z,validation
6681,2024-09-05T18:00:00Z,2024-11-04T12:00:00Z,2024-11-04T18:00:00Z,2024-12-04T12:00:00Z,validation
6682,2024-09-06T00:00:00Z,2024-11-04T18:00:00Z,2024-11-05T00:00:00Z,2024-12-04T18:00:00Z,validation
6683,2024-09-06T06:00:00Z,2024-11-05T00:00:00Z,2024-11-05T06:00:00Z,2024-12-05T00:00:00Z,validation
6684,2024-09-06T12:00:00Z,2024-11-05T06:00:00Z,2024-11-05T12:00:00Z,2024-12-05T06:00:00Z,validation
6685,2024-09-06T18:00:00Z,2024-11-05T12:00:00Z,2024-11-05T18:00:00Z,2024-12-05T12:00:00Z,validation
6686,2024-09-07T00:00:00Z,2024-11-05T18:00:00Z,2024-11-06T00:00:00Z,2024-12-05T18:00:00Z,validation
6687,2024-09-07T06:00:00Z,2024-11-06T00:00:00Z,2024-11-06T06:00:00Z,2024-12-06T00:00:00Z,validation
6688,2024-09-07T12:00:00Z,2024-11-06T06:00:00Z,2024-11-06T12:00:00Z,2024-12-06T06:00:00Z,validation
6689,2024-09-07T18:00:00Z,2024-11-06T12:00:00Z,2024-11-06T18:00:00Z,2024-12-06T12:00:00Z,validation
6690,2024-09-08T00:00:00Z,2024-11-06T18:00:00Z,2024-11-07T00:00:00Z,2024-12-06T18:00:00Z,validation
6691,2024-09-08T06:00:00Z,2024-11-07T00:00:00Z,2024-11-07T06:00:00Z,2024-12-07T00:00:00Z,validation
6692,2024-09-08T12:00:00Z,2024-11-07T06:00:00Z,2024-11-07T12:00:00Z,2024-12-07T06:00:00Z,validation
6693,2024-09-08T18:00:00Z,2024-11-07T12:00:00Z,2024-11-07T18:00:00Z,2024-12-07T12:00:00Z,validation
6694,2024-09-09T00:00:00Z,2024-11-07T18:00:00Z,2024-11-08T00:00:00Z,2024-12-07T18:00:00Z,validation
6695,2024-09-09T06:00:00Z,2024-11-08T00:00:00Z,2024-11-08T06:00:00Z,2024-12-08T00:00:00Z,validation
6696,2024-09-09T12:00:00Z,2024-11-08T06:00:00Z,2024-11-08T12:00:00Z,2024-12-08T06:00:00Z,validation
6697,2024-09-09T18:00:00Z,2024-11-08T12:00:00Z,2024-11-08T18:00:00Z,2024-12-08T12:00:00Z,validation
6698,2024-09-10T00:00:00Z,2024-11-08T18:00:00Z,2024-11-09T00:00:00Z,2024-12-08T18:00:00Z,validation
6699,2024-09-10T06:00:00Z,2024-11-09T00:00:00Z,2024-11-09T06:00:00Z,2024-12-09T00:00:00Z,validation
6700,2024-09-10T12:00:00Z,2024-11-09T06:00:00Z,2024-11-09T12:00:00Z,2024-12-09T06:00:00Z,validation
6701,2024-09-10T18:00:00Z,2024-11-09T12:00:00Z,2024-11-09T18:00:00Z,2024-12-09T12:00:00Z,validation
6702,2024-09-11T00:00:00Z,2024-11-09T18:00:00Z,2024-11-10T00:00:00Z,2024-12-09T18:00:00Z,validation
6703,2024-09-11T06:00:00Z,2024-11-10T00:00:00Z,2024-11-10T06:00:00Z,2024-12-10T00:00:00Z,validation
6704,2024-09-11T12:00:00Z,2024-11-10T06:00:00Z,2024-11-10T12:00:00Z,2024-12-10T06:00:00Z,validation
6705,2024-09-11T18:00:00Z,2024-11-10T12:00:00Z,2024-11-10T18:00:00Z,2024-12-10T12:00:00Z,validation
6706,2024-09-12T00:00:00Z,2024-11-10T18:00:00Z,2024-11-11T00:00:00Z,2024-12-10T18:00:00Z,validation
6707,2024-09-12T06:00:00Z,2024-11-11T00:00:00Z,2024-11-11T06:00:00Z,2024-12-11T00:00:00Z,validation
6708,2024-09-12T12:00:00Z,2024-11-11T06:00:00Z,2024-11-11T12:00:00Z,2024-12-11T06:00:00Z,validation
6709,2024-09-12T18:00:00Z,2024-11-11T12:00:00Z,2024-11-11T18:00:00Z,2024-12-11T12:00:00Z,validation
6710,2024-09-13T00:00:00Z,2024-11-11T18:00:00Z,2024-11-12T00:00:00Z,2024-12-11T18:00:00Z,validation
6711,2024-09-13T06:00:00Z,2024-11-12T00:00:00Z,2024-11-12T06:00:00Z,2024-12-12T00:00:00Z,validation
6712,2024-09-13T12:00:00Z,2024-11-12T06:00:00Z,2024-11-12T12:00:00Z,2024-12-12T06:00:00Z,validation
6713,2024-09-13T18:00:00Z,2024-11-12T12:00:00Z,2024-11-12T18:00:00Z,2024-12-12T12:00:00Z,validation
6714,2024-09-14T00:00:00Z,2024-11-12T18:00:00Z,2024-11-13T00:00:00Z,2024-12-12T18:00:00Z,validation
6715,2024-09-14T06:00:00Z,2024-11-13T00:00:00Z,2024-11-13T06:00:00Z,2024-12-13T00:00:00Z,validation
6716,2024-09-14T12:00:00Z,2024-11-13T06:00:00Z,2024-11-13T12:00:00Z,2024-12-13T06:00:00Z,validation
6717,2024-09-14T18:00:00Z,2024-11-13T12:00:00Z,2024-11-13T18:00:00Z,2024-12-13T12:00:00Z,validation
6718,2024-09-15T00:00:00Z,2024-11-13T18:00:00Z,2024-11-14T00:00:00Z,2024-12-13T18:00:00Z,validation
6719,2024-09-15T06:00:00Z,2024-11-14T00:00:00Z,2024-11-14T06:00:00Z,2024-12-14T00:00:00Z,validation
6720,2024-09-15T12:00:00Z,2024-11-14T06:00:00Z,2024-11-14T12:00:00Z,2024-12-14T06:00:00Z,validation
6721,2024-09-15T18:00:00Z,2024-11-14T12:00:00Z,2024-11-14T18:00:00Z,2024-12-14T12:00:00Z,validation
6722,2024-09-16T00:00:00Z,2024-11-14T18:00:00Z,2024-11-15T00:00:00Z,2024-12-14T18:00:00Z,validation
6723,2024-09-16T06:00:00Z,2024-11-15T00:00:00Z,2024-11-15T06:00:00Z,2024-12-15T00:00:00Z,validation
6724,2024-09-16T12:00:00Z,2024-11-15T06:00:00Z,2024-11-15T12:00:00Z,2024-12-15T06:00:00Z,validation
6725,2024-09-16T18:00:00Z,2024-11-15T12:00:00Z,2024-11-15T18:00:00Z,2024-12-15T12:00:00Z,validation
6726,2024-09-17T00:00:00Z,2024-11-15T18:00:00Z,2024-11-16T00:00:00Z,2024-12-15T18:00:00Z,validation
6727,2024-09-17T06:00:00Z,2024-11-16T00:00:00Z,2024-11-16T06:00:00Z,2024-12-16T00:00:00Z,validation
6728,2024-09-17T12:00:00Z,2024-11-16T06:00:00Z,2024-11-16T12:00:00Z,2024-12-16T06:00:00Z,validation
6729,2024-09-17T18:00:00Z,2024-11-16T12:00:00Z,2024-11-16T18:00:00Z,2024-12-16T12:00:00Z,validation
6730,2024-09-18T00:00:00Z,2024-11-16T18:00:00Z,2024-11-17T00:00:00Z,2024-12-16T18:00:00Z,validation
6731,2024-09-18T06:00:00Z,2024-11-17T00:00:00Z,2024-11-17T06:00:00Z,2024-12-17T00:00:00Z,validation
6732,2024-09-18T12:00:00Z,2024-11-17T06:00:00Z,2024-11-17T12:00:00Z,2024-12-17T06:00:00Z,validation
6733,2024-09-18T18:00:00Z,2024-11-17T12:00:00Z,2024-11-17T18:00:00Z,2024-12-17T12:00:00Z,validation
6734,2024-09-19T00:00:00Z,2024-11-17T18:00:00Z,2024-11-18T00:00:00Z,2024-12-17T18:00:00Z,validation
6735,2024-09-19T06:00:00Z,2024-11-18T00:00:00Z,2024-11-18T06:00:00Z,2024-12-18T00:00:00Z,validation
6736,2024-09-19T12:00:00Z,2024-11-18T06:00:00Z,2024-11-18T12:00:00Z,2024-12-18T06:00:00Z,validation
6737,2024-09-19T18:00:00Z,2024-11-18T12:00:00Z,2024-11-18T18:00:00Z,2024-12-18T12:00:00Z,validation
6738,2024-09-20T00:00:00Z,2024-11-18T18:00:00Z,2024-11-19T00:00:00Z,2024-12-18T18:00:00Z,validation
6739,2024-09-20T06:00:00Z,2024-11-19T00:00:00Z,2024-11-19T06:00:00Z,2024-12-19T00:00:00Z,validation
6740,2024-09-20T12:00:00Z,2024-11-19T06:00:00Z,2024-11-19T12:00:00Z,2024-12-19T06:00:00Z,validation
6741,2024-09-20T18:00:00Z,2024-11-19T12:00:00Z,2024-11-19T18:00:00Z,2024-12-19T12:00:00Z,validation
6742,2024-09-21T00:00:00Z,2024-11-19T18:00:00Z,2024-11-20T00:00:00Z,2024-12-19T18:00:00Z,validation
6743,2024-09-21T06:00:00Z,2024-11-20T00:00:00Z,2024-11-20T06:00:00Z,2024-12-20T00:00:00Z,validation
6744,2024-09-21T12:00:00Z,2024-11-20T06:00:00Z,2024-11-20T12:00:00Z,2024-12-20T06:00:00Z,validation
6745,2024-09-21T18:00:00Z,2024-11-20T12:00:00Z,2024-11-20T18:00:00Z,2024-12-20T12:00:00Z,validation
6746,2024-09-22T00:00:00Z,2024-11-20T18:00:00Z,2024-11-21T00:00:00Z,2024-12-20T18:00:00Z,validation
6747,2024-09-22T06:00:00Z,2024-11-21T00:00:00Z,2024-11-21T06:00:00Z,2024-12-21T00:00:00Z,validation
6748,2024-09-22T12:00:00Z,2024-11-21T06:00:00Z,2024-11-21T12:00:00Z,2024-12-21T06:00:00Z,validation
6749,2024-09-22T18:00:00Z,2024-11-21T12:00:00Z,2024-11-21T18:00:00Z,2024-12-21T12:00:00Z,validation
6750,2024-09-23T00:00:00Z,2024-11-21T18:00:00Z,2024-11-22T00:00:00Z,2024-12-21T18:00:00Z,validation
6751,2024-09-23T06:00:00Z,2024-11-22T00:00:00Z,2024-11-22T06:00:00Z,2024-12-22T00:00:00Z,validation
6752,2024-09-23T12:00:00Z,2024-11-22T06:00:00Z,2024-11-22T12:00:00Z,2024-12-22T06:00:00Z,validation
6753,2024-09-23T18:00:00Z,2024-11-22T12:00:00Z,2024-11-22T18:00:00Z,2024-12-22T12:00:00Z,validation
6754,2024-09-24T00:00:00Z,2024-11-22T18:00:00Z,2024-11-23T00:00:00Z,2024-12-22T18:00:00Z,validation
6755,2024-09-24T06:00:00Z,2024-11-23T00:00:00Z,2024-11-23T06:00:00Z,2024-12-23T00:00:00Z,validation
6756,2024-09-24T12:00:00Z,2024-11-23T06:00:00Z,2024-11-23T12:00:00Z,2024-12-23T06:00:00Z,validation
6757,2024-09-24T18:00:00Z,2024-11-23T12:00:00Z,2024-11-23T18:00:00Z,2024-12-23T12:00:00Z,validation
6758,2024-09-25T00:00:00Z,2024-11-23T18:00:00Z,2024-11-24T00:00:00Z,2024-12-23T18:00:00Z,validation
6759,2024-09-25T06:00:00Z,2024-11-24T00:00:00Z,2024-11-24T06:00:00Z,2024-12-24T00:00:00Z,validation
6760,2024-09-25T12:00:00Z,2024-11-24T06:00:00Z,2024-11-24T12:00:00Z,2024-12-24T06:00:00Z,validation
6761,2024-09-25T18:00:00Z,2024-11-24T12:00:00Z,2024-11-24T18:00:00Z,2024-12-24T12:00:00Z,validation
6762,2024-09-26T00:00:00Z,2024-11-24T18:00:00Z,2024-11-25T00:00:00Z,2024-12-24T18:00:00Z,validation
6763,2024-09-26T06:00:00Z,2024-11-25T00:00:00Z,2024-11-25T06:00:00Z,2024-12-25T00:00:00Z,validation
6764,2024-09-26T12:00:00Z,2024-11-25T06:00:00Z,2024-11-25T12:00:00Z,2024-12-25T06:00:00Z,validation
6765,2024-09-26T18:00:00Z,2024-11-25T12:00:00Z,2024-11-25T18:00:00Z,2024-12-25T12:00:00Z,validation
6766,2024-09-27T00:00:00Z,2024-11-25T18:00:00Z,2024-11-26T00:00:00Z,2024-12-25T18:00:00Z,validation
6767,2024-09-27T06:00:00Z,2024-11-26T00:00:00Z,2024-11-26T06:00:00Z,2024-12-26T00:00:00Z,validation
6768,2024-09-27T12:00:00Z,2024-11-26T06:00:00Z,2024-11-26T12:00:00Z,2024-12-26T06:00:00Z,validation
6769,2024-09-27T18:00:00Z,2024-11-26T12:00:00Z,2024-11-26T18:00:00Z,2024-12-26T12:00:00Z,validation
6770,2024-09-28T00:00:00Z,2024-11-26T18:00:00Z,2024-11-27T00:00:00Z,2024-12-26T18:00:00Z,validation
6771,2024-09-28T06:00:00Z,2024-11-27T00:00:00Z,2024-11-27T06:00:00Z,2024-12-27T00:00:00Z,validation
6772,2024-09-28T12:00:00Z,2024-11-27T06:00:00Z,2024-11-27T12:00:00Z,2024-12-27T06:00:00Z,validation
6773,2024-09-28T18:00:00Z,2024-11-27T12:00:00Z,2024-11-27T18:00:00Z,2024-12-27T12:00:00Z,validation
6774,2024-09-29T00:00:00Z,2024-11-27T18:00:00Z,2024-11-28T00:00:00Z,2024-12-27T18:00:00Z,validation
6775,2024-09-29T06:00:00Z,2024-11-28T00:00:00Z,2024-11-28T06:00:00Z,2024-12-28T00:00:00Z,validation
6776,2024-09-29T12:00:00Z,2024-11-28T06:00:00Z,2024-11-28T12:00:00Z,2024-12-28T06:00:00Z,validation
6777,2024-09-29T18:00:00Z,2024-11-28T12:00:00Z,2024-11-28T18:00:00Z,2024-12-28T12:00:00Z,validation
6778,2024-09-30T00:00:00Z,2024-11-28T18:00:00Z,2024-11-29T00:00:00Z,2024-12-28T18:00:00Z,validation
6779,2024-09-30T06:00:00Z,2024-11-29T00:00:00Z,2024-11-29T06:00:00Z,2024-12-29T00:00:00Z,validation
6780,2024-09-30T12:00:00Z,2024-11-29T06:00:00Z,2024-11-29T12:00:00Z,2024-12-29T06:00:00Z,validation
6781,2024-09-30T18:00:00Z,2024-11-29T12:00:00Z,2024-11-29T18:00:00Z,2024-12-29T12:00:00Z,validation
6782,2024-10-01T00:00:00Z,2024-11-29T18:00:00Z,2024-11-30T00:00:00Z,2024-12-29T18:00:00Z,validation
6783,2024-10-01T06:00:00Z,2024-11-30T00:00:00Z,2024-11-30T06:00:00Z,2024-12-30T00:00:00Z,validation
6784,2024-10-01T12:00:00Z,2024-11-30T06:00:00Z,2024-11-30T12:00:00Z,2024-12-30T06:00:00Z,validation
6785,2024-10-01T18:00:00Z,2024-11-30T12:00:00Z,2024-11-30T18:00:00Z,2024-12-30T12:00:00Z,validation
6786,2024-10-02T00:00:00Z,2024-11-30T18:00:00Z,2024-12-01T00:00:00Z,2024-12-30T18:00:00Z,validation
6787,2024-10-02T06:00:00Z,2024-12-01T00:00:00Z,2024-12-01T06:00:00Z,2024-12-31T00:00:00Z,validation
6788,2024-10-02T12:00:00Z,2024-12-01T06:00:00Z,2024-12-01T12:00:00Z,2024-12-31T06:00:00Z,validation
6789,2024-10-02T18:00:00Z,2024-12-01T12:00:00Z,2024-12-01T18:00:00Z,2024-12-31T12:00:00Z,validation
6790,2024-10-03T00:00:00Z,2024-12-01T18:00:00Z,2024-12-02T00:00:00Z,2024-12-31T18:00:00Z,validation
6791,2024-10-03T06:00:00Z,2024-12-02T00:00:00Z,2024-12-02T06:00:00Z,2025-01-01T00:00:00Z,validation
6792,2024-10-03T12:00:00Z,2024-12-02T06:00:00Z,2024-12-02T12:00:00Z,2025-01-01T06:00:00Z,validation
6793,2024-10-03T18:00:00Z,2024-12-02T12:00:00Z,2024-12-02T18:00:00Z,2025-01-01T12:00:00Z,validation
6794,2024-10-04T00:00:00Z,2024-12-02T18:00:00Z,2024-12-03T00:00:00Z,2025-01-01T18:00:00Z,validation
6795,2024-10-04T06:00:00Z,2024-12-03T00:00:00Z,2024-12-03T06:00:00Z,2025-01-02T00:00:00Z,validation
6796,2024-10-04T12:00:00Z,2024-12-03T06:00:00Z,2024-12-03T12:00:00Z,2025-01-02T06:00:00Z,validation
6797,2024-10-04T18:00:00Z,2024-12-03T12:00:00Z,2024-12-03T18:00:00Z,2025-01-02T12:00:00Z,validation
6798,2024-10-05T00:00:00Z,2024-12-03T18:00:00Z,2024-12-04T00:00:00Z,2025-01-02T18:00:00Z,validation
6799,2024-10-05T06:00:00Z,2024-12-04T00:00:00Z,2024-12-04T06:00:00Z,2025-01-03T00:00:00Z,validation
6800,2024-10-05T12:00:00Z,2024-12-04T06:00:00Z,2024-12-04T12:00:00Z,2025-01-03T06:00:00Z,validation
6801,2024-10-05T18:00:00Z,2024-12-04T12:00:00Z,2024-12-04T18:00:00Z,2025-01-03T12:00:00Z,validation
6802,2024-10-06T00:00:00Z,2024-12-04T18:00:00Z,2024-12-05T00:00:00Z,2025-01-03T18:00:00Z,validation
6803,2024-10-06T06:00:00Z,2024-12-05T00:00:00Z,2024-12-05T06:00:00Z,2025-01-04T00:00:00Z,validation
6804,2024-10-06T12:00:00Z,2024-12-05T06:00:00Z,2024-12-05T12:00:00Z,2025-01-04T06:00:00Z,validation
6805,2024-10-06T18:00:00Z,2024-12-05T12:00:00Z,2024-12-05T18:00:00Z,2025-01-04T12:00:00Z,validation
6806,2024-10-07T00:00:00Z,2024-12-05T18:00:00Z,2024-12-06T00:00:00Z,2025-01-04T18:00:00Z,validation
6807,2024-10-07T06:00:00Z,2024-12-06T00:00:00Z,2024-12-06T06:00:00Z,2025-01-05T00:00:00Z,validation
6808,2024-10-07T12:00:00Z,2024-12-06T06:00:00Z,2024-12-06T12:00:00Z,2025-01-05T06:00:00Z,validation
6809,2024-10-07T18:00:00Z,2024-12-06T12:00:00Z,2024-12-06T18:00:00Z,2025-01-05T12:00:00Z,validation
6810,2024-10-08T00:00:00Z,2024-12-06T18:00:00Z,2024-12-07T00:00:00Z,2025-01-05T18:00:00Z,validation
6811,2024-10-08T06:00:00Z,2024-12-07T00:00:00Z,2024-12-07T06:00:00Z,2025-01-06T00:00:00Z,validation
6812,2024-10-08T12:00:00Z,2024-12-07T06:00:00Z,2024-12-07T12:00:00Z,2025-01-06T06:00:00Z,validation
6813,2024-10-08T18:00:00Z,2024-12-07T12:00:00Z,2024-12-07T18:00:00Z,2025-01-06T12:00:00Z,validation
6814,2024-10-09T00:00:00Z,2024-12-07T18:00:00Z,2024-12-08T00:00:00Z,2025-01-06T18:00:00Z,validation
6815,2024-10-09T06:00:00Z,2024-12-08T00:00:00Z,2024-12-08T06:00:00Z,2025-01-07T00:00:00Z,validation
6816,2024-10-09T12:00:00Z,2024-12-08T06:00:00Z,2024-12-08T12:00:00Z,2025-01-07T06:00:00Z,validation
6817,2024-10-09T18:00:00Z,2024-12-08T12:00:00Z,2024-12-08T18:00:00Z,2025-01-07T12:00:00Z,validation
6818,2024-10-10T00:00:00Z,2024-12-08T18:00:00Z,2024-12-09T00:00:00Z,2025-01-07T18:00:00Z,validation
6819,2024-10-10T06:00:00Z,2024-12-09T00:00:00Z,2024-12-09T06:00:00Z,2025-01-08T00:00:00Z,validation
6820,2024-10-10T12:00:00Z,2024-12-09T06:00:00Z,2024-12-09T12:00:00Z,2025-01-08T06:00:00Z,validation
6821,2024-10-10T18:00:00Z,2024-12-09T12:00:00Z,2024-12-09T18:00:00Z,2025-01-08T12:00:00Z,validation
6822,2024-10-11T00:00:00Z,2024-12-09T18:00:00Z,2024-12-10T00:00:00Z,2025-01-08T18:00:00Z,validation
6823,2024-10-11T06:00:00Z,2024-12-10T00:00:00Z,2024-12-10T06:00:00Z,2025-01-09T00:00:00Z,validation
6824,2024-10-11T12:00:00Z,2024-12-10T06:00:00Z,2024-12-10T12:00:00Z,2025-01-09T06:00:00Z,validation
6825,2024-10-11T18:00:00Z,2024-12-10T12:00:00Z,2024-12-10T18:00:00Z,2025-01-09T12:00:00Z,validation
6826,2024-10-12T00:00:00Z,2024-12-10T18:00:00Z,2024-12-11T00:00:00Z,2025-01-09T18:00:00Z,validation
6827,2024-10-12T06:00:00Z,2024-12-11T00:00:00Z,2024-12-11T06:00:00Z,2025-01-10T00:00:00Z,validation
6828,2024-10-12T12:00:00Z,2024-12-11T06:00:00Z,2024-12-11T12:00:00Z,2025-01-10T06:00:00Z,validation
6829,2024-10-12T18:00:00Z,2024-12-11T12:00:00Z,2024-12-11T18:00:00Z,2025-01-10T12:00:00Z,validation
6830,2024-10-13T00:00:00Z,2024-12-11T18:00:00Z,2024-12-12T00:00:00Z,2025-01-10T18:00:00Z,validation
6831,2024-10-13T06:00:00Z,2024-12-12T00:00:00Z,2024-12-12T06:00:00Z,2025-01-11T00:00:00Z,validation
6832,2024-10-13T12:00:00Z,2024-12-12T06:00:00Z,2024-12-12T12:00:00Z,2025-01-11T06:00:00Z,validation
6833,2024-10-13T18:00:00Z,2024-12-12T12:00:00Z,2024-12-12T18:00:00Z,2025-01-11T12:00:00Z,validation
6834,2024-10-14T00:00:00Z,2024-12-12T18:00:00Z,2024-12-13T00:00:00Z,2025-01-11T18:00:00Z,validation
6835,2024-10-14T06:00:00Z,2024-12-13T00:00:00Z,2024-12-13T06:00:00Z,2025-01-12T00:00:00Z,validation
6836,2024-10-14T12:00:00Z,2024-12-13T06:00:00Z,2024-12-13T12:00:00Z,2025-01-12T06:00:00Z,validation
6837,2024-10-14T18:00:00Z,2024-12-13T12:00:00Z,2024-12-13T18:00:00Z,2025-01-12T12:00:00Z,validation
6838,2024-10-15T00:00:00Z,2024-12-13T18:00:00Z,2024-12-14T00:00:00Z,2025-01-12T18:00:00Z,validation
6839,2024-10-15T06:00:00Z,2024-12-14T00:00:00Z,2024-12-14T06:00:00Z,2025-01-13T00:00:00Z,validation
6840,2024-10-15T12:00:00Z,2024-12-14T06:00:00Z,2024-12-14T12:00:00Z,2025-01-13T06:00:00Z,validation
6841,2024-10-15T18:00:00Z,2024-12-14T12:00:00Z,2024-12-14T18:00:00Z,2025-01-13T12:00:00Z,validation
6842,2024-10-16T00:00:00Z,2024-12-14T18:00:00Z,2024-12-15T00:00:00Z,2025-01-13T18:00:00Z,validation
6843,2024-10-16T06:00:00Z,2024-12-15T00:00:00Z,2024-12-15T06:00:00Z,2025-01-14T00:00:00Z,validation
6844,2024-10-16T12:00:00Z,2024-12-15T06:00:00Z,2024-12-15T12:00:00Z,2025-01-14T06:00:00Z,validation
6845,2024-10-16T18:00:00Z,2024-12-15T12:00:00Z,2024-12-15T18:00:00Z,2025-01-14T12:00:00Z,validation
6846,2024-10-17T00:00:00Z,2024-12-15T18:00:00Z,2024-12-16T00:00:00Z,2025-01-14T18:00:00Z,validation
6847,2024-10-17T06:00:00Z,2024-12-16T00:00:00Z,2024-12-16T06:00:00Z,2025-01-15T00:00:00Z,validation
6848,2024-10-17T12:00:00Z,2024-12-16T06:00:00Z,2024-12-16T12:00:00Z,2025-01-15T06:00:00Z,validation
6849,2024-10-17T18:00:00Z,2024-12-16T12:00:00Z,2024-12-16T18:00:00Z,2025-01-15T12:00:00Z,validation
6850,2024-10-18T00:00:00Z,2024-12-16T18:00:00Z,2024-12-17T00:00:00Z,2025-01-15T18:00:00Z,validation
6851,2024-10-18T06:00:00Z,2024-12-17T00:00:00Z,2024-12-17T06:00:00Z,2025-01-16T00:00:00Z,validation
6852,2024-10-18T12:00:00Z,2024-12-17T06:00:00Z,2024-12-17T12:00:00Z,2025-01-16T06:00:00Z,validation
6853,2024-10-18T18:00:00Z,2024-12-17T12:00:00Z,2024-12-17T18:00:00Z,2025-01-16T12:00:00Z,validation
6854,2024-10-19T00:00:00Z,2024-12-17T18:00:00Z,2024-12-18T00:00:00Z,2025-01-16T18:00:00Z,validation
6855,2024-10-19T06:00:00Z,2024-12-18T00:00:00Z,2024-12-18T06:00:00Z,2025-01-17T00:00:00Z,validation
6856,2024-10-19T12:00:00Z,2024-12-18T06:00:00Z,2024-12-18T12:00:00Z,2025-01-17T06:00:00Z,validation
6857,2024-10-19T18:00:00Z,2024-12-18T12:00:00Z,2024-12-18T18:00:00Z,2025-01-17T12:00:00Z,validation
6858,2024-10-20T00:00:00Z,2024-12-18T18:00:00Z,2024-12-19T00:00:00Z,2025-01-17T18:00:00Z,validation
6859,2024-10-20T06:00:00Z,2024-12-19T00:00:00Z,2024-12-19T06:00:00Z,2025-01-18T00:00:00Z,validation
6860,2024-10-20T12:00:00Z,2024-12-19T06:00:00Z,2024-12-19T12:00:00Z,2025-01-18T06:00:00Z,validation
6861,2024-10-20T18:00:00Z,2024-12-19T12:00:00Z,2024-12-19T18:00:00Z,2025-01-18T12:00:00Z,validation
6862,2024-10-21T00:00:00Z,2024-12-19T18:00:00Z,2024-12-20T00:00:00Z,2025-01-18T18:00:00Z,validation
6863,2024-10-21T06:00:00Z,2024-12-20T00:00:00Z,2024-12-20T06:00:00Z,2025-01-19T00:00:00Z,validation
6864,2024-10-21T12:00:00Z,2024-12-20T06:00:00Z,2024-12-20T12:00:00Z,2025-01-19T06:00:00Z,validation
6865,2024-10-21T18:00:00Z,2024-12-20T12:00:00Z,2024-12-20T18:00:00Z,2025-01-19T12:00:00Z,validation
6866,2024-10-22T00:00:00Z,2024-12-20T18:00:00Z,2024-12-21T00:00:00Z,2025-01-19T18:00:00Z,validation
6867,2024-10-22T06:00:00Z,2024-12-21T00:00:00Z,2024-12-21T06:00:00Z,2025-01-20T00:00:00Z,validation
6868,2024-10-22T12:00:00Z,2024-12-21T06:00:00Z,2024-12-21T12:00:00Z,2025-01-20T06:00:00Z,validation
6869,2024-10-22T18:00:00Z,2024-12-21T12:00:00Z,2024-12-21T18:00:00Z,2025-01-20T12:00:00Z,validation
6870,2024-10-23T00:00:00Z,2024-12-21T18:00:00Z,2024-12-22T00:00:00Z,2025-01-20T18:00:00Z,validation
6871,2024-10-23T06:00:00Z,2024-12-22T00:00:00Z,2024-12-22T06:00:00Z,2025-01-21T00:00:00Z,validation
6872,2024-10-23T12:00:00Z,2024-12-22T06:00:00Z,2024-12-22T12:00:00Z,2025-01-21T06:00:00Z,validation
6873,2024-10-23T18:00:00Z,2024-12-22T12:00:00Z,2024-12-22T18:00:00Z,2025-01-21T12:00:00Z,validation
6874,2024-10-24T00:00:00Z,2024-12-22T18:00:00Z,2024-12-23T00:00:00Z,2025-01-21T18:00:00Z,validation
6875,2024-10-24T06:00:00Z,2024-12-23T00:00:00Z,2024-12-23T06:00:00Z,2025-01-22T00:00:00Z,validation
6876,2024-10-24T12:00:00Z,2024-12-23T06:00:00Z,2024-12-23T12:00:00Z,2025-01-22T06:00:00Z,validation
6877,2024-10-24T18:00:00Z,2024-12-23T12:00:00Z,2024-12-23T18:00:00Z,2025-01-22T12:00:00Z,validation
6878,2024-10-25T00:00:00Z,2024-12-23T18:00:00Z,2024-12-24T00:00:00Z,2025-01-22T18:00:00Z,validation
6879,2024-10-25T06:00:00Z,2024-12-24T00:00:00Z,2024-12-24T06:00:00Z,2025-01-23T00:00:00Z,validation
6880,2024-10-25T12:00:00Z,2024-12-24T06:00:00Z,2024-12-24T12:00:00Z,2025-01-23T06:00:00Z,validation
6881,2024-10-25T18:00:00Z,2024-12-24T12:00:00Z,2024-12-24T18:00:00Z,2025-01-23T12:00:00Z,validation
6882,2024-10-26T00:00:00Z,2024-12-24T18:00:00Z,2024-12-25T00:00:00Z,2025-01-23T18:00:00Z,validation
6883,2024-10-26T06:00:00Z,2024-12-25T00:00:00Z,2024-12-25T06:00:00Z,2025-01-24T00:00:00Z,validation
6884,2024-10-26T12:00:00Z,2024-12-25T06:00:00Z,2024-12-25T12:00:00Z,2025-01-24T06:00:00Z,validation
6885,2024-10-26T18:00:00Z,2024-12-25T12:00:00Z,2024-12-25T18:00:00Z,2025-01-24T12:00:00Z,validation
6886,2024-10-27T00:00:00Z,2024-12-25T18:00:00Z,2024-12-26T00:00:00Z,2025-01-24T18:00:00Z,validation
6887,2024-10-27T06:00:00Z,2024-12-26T00:00:00Z,2024-12-26T06:00:00Z,2025-01-25T00:00:00Z,validation
6888,2024-10-27T12:00:00Z,2024-12-26T06:00:00Z,2024-12-26T12:00:00Z,2025-01-25T06:00:00Z,validation
6889,2024-10-27T18:00:00Z,2024-12-26T12:00:00Z,2024-12-26T18:00:00Z,2025-01-25T12:00:00Z,validation
6890,2024-10-28T00:00:00Z,2024-12-26T18:00:00Z,2024-12-27T00:00:00Z,2025-01-25T18:00:00Z,validation
6891,2024-10-28T06:00:00Z,2024-12-27T00:00:00Z,2024-12-27T06:00:00Z,2025-01-26T00:00:00Z,validation
6892,2024-10-28T12:00:00Z,2024-12-27T06:00:00Z,2024-12-27T12:00:00Z,2025-01-26T06:00:00Z,validation
6893,2024-10-28T18:00:00Z,2024-12-27T12:00:00Z,2024-12-27T18:00:00Z,2025-01-26T12:00:00Z,validation
6894,2024-10-29T00:00:00Z,2024-12-27T18:00:00Z,2024-12-28T00:00:00Z,2025-01-26T18:00:00Z,validation
6895,2024-10-29T06:00:00Z,2024-12-28T00:00:00Z,2024-12-28T06:00:00Z,2025-01-27T00:00:00Z,validation
6896,2024-10-29T12:00:00Z,2024-12-28T06:00:00Z,2024-12-28T12:00:00Z,2025-01-27T06:00:00Z,validation
6897,2024-10-29T18:00:00Z,2024-12-28T12:00:00Z,2024-12-28T18:00:00Z,2025-01-27T12:00:00Z,validation
6898,2024-10-30T00:00:00Z,2024-12-28T18:00:00Z,2024-12-29T00:00:00Z,2025-01-27T18:00:00Z,validation
6899,2024-10-30T06:00:00Z,2024-12-29T00:00:00Z,2024-12-29T06:00:00Z,2025-01-28T00:00:00Z,validation
6900,2024-10-30T12:00:00Z,2024-12-29T06:00:00Z,2024-12-29T12:00:00Z,2025-01-28T06:00:00Z,validation
6901,2024-10-30T18:00:00Z,2024-12-29T12:00:00Z,2024-12-29T18:00:00Z,2025-01-28T12:00:00Z,validation
6902,2024-10-31T00:00:00Z,2024-12-29T18:00:00Z,2024-12-30T00:00:00Z,2025-01-28T18:00:00Z,validation
6903,2024-10-31T06:00:00Z,2024-12-30T00:00:00Z,2024-12-30T06:00:00Z,2025-01-29T00:00:00Z,validation
6904,2024-10-31T12:00:00Z,2024-12-30T06:00:00Z,2024-12-30T12:00:00Z,2025-01-29T06:00:00Z,validation
6905,2024-10-31T18:00:00Z,2024-12-30T12:00:00Z,2024-12-30T18:00:00Z,2025-01-29T12:00:00Z,validation
6906,2024-11-01T00:00:00Z,2024-12-30T18:00:00Z,2024-12-31T00:00:00Z,2025-01-29T18:00:00Z,validation
6907,2024-11-01T06:00:00Z,2024-12-31T00:00:00Z,2024-12-31T06:00:00Z,2025-01-30T00:00:00Z,validation
6908,2024-11-01T12:00:00Z,2024-12-31T06:00:00Z,2024-12-31T12:00:00Z,2025-01-30T06:00:00Z,validation
6909,2024-11-01T18:00:00Z,2024-12-31T12:00:00Z,2024-12-31T18:00:00Z,2025-01-30T12:00:00Z,validation
6910,2024-11-02T00:00:00Z,2024-12-31T18:00:00Z,2025-01-01T00:00:00Z,2025-01-30T18:00:00Z,purge_validation_test
6911,2024-11-02T06:00:00Z,2025-01-01T00:00:00Z,2025-01-01T06:00:00Z,2025-01-31T00:00:00Z,purge_validation_test
6912,2024-11-02T12:00:00Z,2025-01-01T06:00:00Z,2025-01-01T12:00:00Z,2025-01-31T06:00:00Z,purge_validation_test
6913,2024-11-02T18:00:00Z,2025-01-01T12:00:00Z,2025-01-01T18:00:00Z,2025-01-31T12:00:00Z,purge_validation_test
6914,2024-11-03T00:00:00Z,2025-01-01T18:00:00Z,2025-01-02T00:00:00Z,2025-01-31T18:00:00Z,purge_validation_test
6915,2024-11-03T06:00:00Z,2025-01-02T00:00:00Z,2025-01-02T06:00:00Z,2025-02-01T00:00:00Z,purge_validation_test
6916,2024-11-03T12:00:00Z,2025-01-02T06:00:00Z,2025-01-02T12:00:00Z,2025-02-01T06:00:00Z,purge_validation_test
6917,2024-11-03T18:00:00Z,2025-01-02T12:00:00Z,2025-01-02T18:00:00Z,2025-02-01T12:00:00Z,purge_validation_test
6918,2024-11-04T00:00:00Z,2025-01-02T18:00:00Z,2025-01-03T00:00:00Z,2025-02-01T18:00:00Z,purge_validation_test
6919,2024-11-04T06:00:00Z,2025-01-03T00:00:00Z,2025-01-03T06:00:00Z,2025-02-02T00:00:00Z,purge_validation_test
6920,2024-11-04T12:00:00Z,2025-01-03T06:00:00Z,2025-01-03T12:00:00Z,2025-02-02T06:00:00Z,purge_validation_test
6921,2024-11-04T18:00:00Z,2025-01-03T12:00:00Z,2025-01-03T18:00:00Z,2025-02-02T12:00:00Z,purge_validation_test
6922,2024-11-05T00:00:00Z,2025-01-03T18:00:00Z,2025-01-04T00:00:00Z,2025-02-02T18:00:00Z,purge_validation_test
6923,2024-11-05T06:00:00Z,2025-01-04T00:00:00Z,2025-01-04T06:00:00Z,2025-02-03T00:00:00Z,purge_validation_test
6924,2024-11-05T12:00:00Z,2025-01-04T06:00:00Z,2025-01-04T12:00:00Z,2025-02-03T06:00:00Z,purge_validation_test
6925,2024-11-05T18:00:00Z,2025-01-04T12:00:00Z,2025-01-04T18:00:00Z,2025-02-03T12:00:00Z,purge_validation_test
6926,2024-11-06T00:00:00Z,2025-01-04T18:00:00Z,2025-01-05T00:00:00Z,2025-02-03T18:00:00Z,purge_validation_test
6927,2024-11-06T06:00:00Z,2025-01-05T00:00:00Z,2025-01-05T06:00:00Z,2025-02-04T00:00:00Z,purge_validation_test
6928,2024-11-06T12:00:00Z,2025-01-05T06:00:00Z,2025-01-05T12:00:00Z,2025-02-04T06:00:00Z,purge_validation_test
6929,2024-11-06T18:00:00Z,2025-01-05T12:00:00Z,2025-01-05T18:00:00Z,2025-02-04T12:00:00Z,purge_validation_test
6930,2024-11-07T00:00:00Z,2025-01-05T18:00:00Z,2025-01-06T00:00:00Z,2025-02-04T18:00:00Z,purge_validation_test
6931,2024-11-07T06:00:00Z,2025-01-06T00:00:00Z,2025-01-06T06:00:00Z,2025-02-05T00:00:00Z,purge_validation_test
6932,2024-11-07T12:00:00Z,2025-01-06T06:00:00Z,2025-01-06T12:00:00Z,2025-02-05T06:00:00Z,purge_validation_test
6933,2024-11-07T18:00:00Z,2025-01-06T12:00:00Z,2025-01-06T18:00:00Z,2025-02-05T12:00:00Z,purge_validation_test
6934,2024-11-08T00:00:00Z,2025-01-06T18:00:00Z,2025-01-07T00:00:00Z,2025-02-05T18:00:00Z,purge_validation_test
6935,2024-11-08T06:00:00Z,2025-01-07T00:00:00Z,2025-01-07T06:00:00Z,2025-02-06T00:00:00Z,purge_validation_test
6936,2024-11-08T12:00:00Z,2025-01-07T06:00:00Z,2025-01-07T12:00:00Z,2025-02-06T06:00:00Z,purge_validation_test
6937,2024-11-08T18:00:00Z,2025-01-07T12:00:00Z,2025-01-07T18:00:00Z,2025-02-06T12:00:00Z,purge_validation_test
6938,2024-11-09T00:00:00Z,2025-01-07T18:00:00Z,2025-01-08T00:00:00Z,2025-02-06T18:00:00Z,purge_validation_test
6939,2024-11-09T06:00:00Z,2025-01-08T00:00:00Z,2025-01-08T06:00:00Z,2025-02-07T00:00:00Z,purge_validation_test
6940,2024-11-09T12:00:00Z,2025-01-08T06:00:00Z,2025-01-08T12:00:00Z,2025-02-07T06:00:00Z,purge_validation_test
6941,2024-11-09T18:00:00Z,2025-01-08T12:00:00Z,2025-01-08T18:00:00Z,2025-02-07T12:00:00Z,purge_validation_test
6942,2024-11-10T00:00:00Z,2025-01-08T18:00:00Z,2025-01-09T00:00:00Z,2025-02-07T18:00:00Z,purge_validation_test
6943,2024-11-10T06:00:00Z,2025-01-09T00:00:00Z,2025-01-09T06:00:00Z,2025-02-08T00:00:00Z,purge_validation_test
6944,2024-11-10T12:00:00Z,2025-01-09T06:00:00Z,2025-01-09T12:00:00Z,2025-02-08T06:00:00Z,purge_validation_test
6945,2024-11-10T18:00:00Z,2025-01-09T12:00:00Z,2025-01-09T18:00:00Z,2025-02-08T12:00:00Z,purge_validation_test
6946,2024-11-11T00:00:00Z,2025-01-09T18:00:00Z,2025-01-10T00:00:00Z,2025-02-08T18:00:00Z,purge_validation_test
6947,2024-11-11T06:00:00Z,2025-01-10T00:00:00Z,2025-01-10T06:00:00Z,2025-02-09T00:00:00Z,purge_validation_test
6948,2024-11-11T12:00:00Z,2025-01-10T06:00:00Z,2025-01-10T12:00:00Z,2025-02-09T06:00:00Z,purge_validation_test
6949,2024-11-11T18:00:00Z,2025-01-10T12:00:00Z,2025-01-10T18:00:00Z,2025-02-09T12:00:00Z,purge_validation_test
6950,2024-11-12T00:00:00Z,2025-01-10T18:00:00Z,2025-01-11T00:00:00Z,2025-02-09T18:00:00Z,purge_validation_test
6951,2024-11-12T06:00:00Z,2025-01-11T00:00:00Z,2025-01-11T06:00:00Z,2025-02-10T00:00:00Z,purge_validation_test
6952,2024-11-12T12:00:00Z,2025-01-11T06:00:00Z,2025-01-11T12:00:00Z,2025-02-10T06:00:00Z,purge_validation_test
6953,2024-11-12T18:00:00Z,2025-01-11T12:00:00Z,2025-01-11T18:00:00Z,2025-02-10T12:00:00Z,purge_validation_test
6954,2024-11-13T00:00:00Z,2025-01-11T18:00:00Z,2025-01-12T00:00:00Z,2025-02-10T18:00:00Z,purge_validation_test
6955,2024-11-13T06:00:00Z,2025-01-12T00:00:00Z,2025-01-12T06:00:00Z,2025-02-11T00:00:00Z,purge_validation_test
6956,2024-11-13T12:00:00Z,2025-01-12T06:00:00Z,2025-01-12T12:00:00Z,2025-02-11T06:00:00Z,purge_validation_test
6957,2024-11-13T18:00:00Z,2025-01-12T12:00:00Z,2025-01-12T18:00:00Z,2025-02-11T12:00:00Z,purge_validation_test
6958,2024-11-14T00:00:00Z,2025-01-12T18:00:00Z,2025-01-13T00:00:00Z,2025-02-11T18:00:00Z,purge_validation_test
6959,2024-11-14T06:00:00Z,2025-01-13T00:00:00Z,2025-01-13T06:00:00Z,2025-02-12T00:00:00Z,purge_validation_test
6960,2024-11-14T12:00:00Z,2025-01-13T06:00:00Z,2025-01-13T12:00:00Z,2025-02-12T06:00:00Z,purge_validation_test
6961,2024-11-14T18:00:00Z,2025-01-13T12:00:00Z,2025-01-13T18:00:00Z,2025-02-12T12:00:00Z,purge_validation_test
6962,2024-11-15T00:00:00Z,2025-01-13T18:00:00Z,2025-01-14T00:00:00Z,2025-02-12T18:00:00Z,purge_validation_test
6963,2024-11-15T06:00:00Z,2025-01-14T00:00:00Z,2025-01-14T06:00:00Z,2025-02-13T00:00:00Z,purge_validation_test
6964,2024-11-15T12:00:00Z,2025-01-14T06:00:00Z,2025-01-14T12:00:00Z,2025-02-13T06:00:00Z,purge_validation_test
6965,2024-11-15T18:00:00Z,2025-01-14T12:00:00Z,2025-01-14T18:00:00Z,2025-02-13T12:00:00Z,purge_validation_test
6966,2024-11-16T00:00:00Z,2025-01-14T18:00:00Z,2025-01-15T00:00:00Z,2025-02-13T18:00:00Z,purge_validation_test
6967,2024-11-16T06:00:00Z,2025-01-15T00:00:00Z,2025-01-15T06:00:00Z,2025-02-14T00:00:00Z,purge_validation_test
6968,2024-11-16T12:00:00Z,2025-01-15T06:00:00Z,2025-01-15T12:00:00Z,2025-02-14T06:00:00Z,purge_validation_test
6969,2024-11-16T18:00:00Z,2025-01-15T12:00:00Z,2025-01-15T18:00:00Z,2025-02-14T12:00:00Z,purge_validation_test
6970,2024-11-17T00:00:00Z,2025-01-15T18:00:00Z,2025-01-16T00:00:00Z,2025-02-14T18:00:00Z,purge_validation_test
6971,2024-11-17T06:00:00Z,2025-01-16T00:00:00Z,2025-01-16T06:00:00Z,2025-02-15T00:00:00Z,purge_validation_test
6972,2024-11-17T12:00:00Z,2025-01-16T06:00:00Z,2025-01-16T12:00:00Z,2025-02-15T06:00:00Z,purge_validation_test
6973,2024-11-17T18:00:00Z,2025-01-16T12:00:00Z,2025-01-16T18:00:00Z,2025-02-15T12:00:00Z,purge_validation_test
6974,2024-11-18T00:00:00Z,2025-01-16T18:00:00Z,2025-01-17T00:00:00Z,2025-02-15T18:00:00Z,purge_validation_test
6975,2024-11-18T06:00:00Z,2025-01-17T00:00:00Z,2025-01-17T06:00:00Z,2025-02-16T00:00:00Z,purge_validation_test
6976,2024-11-18T12:00:00Z,2025-01-17T06:00:00Z,2025-01-17T12:00:00Z,2025-02-16T06:00:00Z,purge_validation_test
6977,2024-11-18T18:00:00Z,2025-01-17T12:00:00Z,2025-01-17T18:00:00Z,2025-02-16T12:00:00Z,purge_validation_test
6978,2024-11-19T00:00:00Z,2025-01-17T18:00:00Z,2025-01-18T00:00:00Z,2025-02-16T18:00:00Z,purge_validation_test
6979,2024-11-19T06:00:00Z,2025-01-18T00:00:00Z,2025-01-18T06:00:00Z,2025-02-17T00:00:00Z,purge_validation_test
6980,2024-11-19T12:00:00Z,2025-01-18T06:00:00Z,2025-01-18T12:00:00Z,2025-02-17T06:00:00Z,purge_validation_test
6981,2024-11-19T18:00:00Z,2025-01-18T12:00:00Z,2025-01-18T18:00:00Z,2025-02-17T12:00:00Z,purge_validation_test
6982,2024-11-20T00:00:00Z,2025-01-18T18:00:00Z,2025-01-19T00:00:00Z,2025-02-17T18:00:00Z,purge_validation_test
6983,2024-11-20T06:00:00Z,2025-01-19T00:00:00Z,2025-01-19T06:00:00Z,2025-02-18T00:00:00Z,purge_validation_test
6984,2024-11-20T12:00:00Z,2025-01-19T06:00:00Z,2025-01-19T12:00:00Z,2025-02-18T06:00:00Z,purge_validation_test
6985,2024-11-20T18:00:00Z,2025-01-19T12:00:00Z,2025-01-19T18:00:00Z,2025-02-18T12:00:00Z,purge_validation_test
6986,2024-11-21T00:00:00Z,2025-01-19T18:00:00Z,2025-01-20T00:00:00Z,2025-02-18T18:00:00Z,purge_validation_test
6987,2024-11-21T06:00:00Z,2025-01-20T00:00:00Z,2025-01-20T06:00:00Z,2025-02-19T00:00:00Z,purge_validation_test
6988,2024-11-21T12:00:00Z,2025-01-20T06:00:00Z,2025-01-20T12:00:00Z,2025-02-19T06:00:00Z,purge_validation_test
6989,2024-11-21T18:00:00Z,2025-01-20T12:00:00Z,2025-01-20T18:00:00Z,2025-02-19T12:00:00Z,purge_validation_test
6990,2024-11-22T00:00:00Z,2025-01-20T18:00:00Z,2025-01-21T00:00:00Z,2025-02-19T18:00:00Z,purge_validation_test
6991,2024-11-22T06:00:00Z,2025-01-21T00:00:00Z,2025-01-21T06:00:00Z,2025-02-20T00:00:00Z,purge_validation_test
6992,2024-11-22T12:00:00Z,2025-01-21T06:00:00Z,2025-01-21T12:00:00Z,2025-02-20T06:00:00Z,purge_validation_test
6993,2024-11-22T18:00:00Z,2025-01-21T12:00:00Z,2025-01-21T18:00:00Z,2025-02-20T12:00:00Z,purge_validation_test
6994,2024-11-23T00:00:00Z,2025-01-21T18:00:00Z,2025-01-22T00:00:00Z,2025-02-20T18:00:00Z,purge_validation_test
6995,2024-11-23T06:00:00Z,2025-01-22T00:00:00Z,2025-01-22T06:00:00Z,2025-02-21T00:00:00Z,purge_validation_test
6996,2024-11-23T12:00:00Z,2025-01-22T06:00:00Z,2025-01-22T12:00:00Z,2025-02-21T06:00:00Z,purge_validation_test
6997,2024-11-23T18:00:00Z,2025-01-22T12:00:00Z,2025-01-22T18:00:00Z,2025-02-21T12:00:00Z,purge_validation_test
6998,2024-11-24T00:00:00Z,2025-01-22T18:00:00Z,2025-01-23T00:00:00Z,2025-02-21T18:00:00Z,purge_validation_test
6999,2024-11-24T06:00:00Z,2025-01-23T00:00:00Z,2025-01-23T06:00:00Z,2025-02-22T00:00:00Z,purge_validation_test
7000,2024-11-24T12:00:00Z,2025-01-23T06:00:00Z,2025-01-23T12:00:00Z,2025-02-22T06:00:00Z,purge_validation_test
7001,2024-11-24T18:00:00Z,2025-01-23T12:00:00Z,2025-01-23T18:00:00Z,2025-02-22T12:00:00Z,purge_validation_test
7002,2024-11-25T00:00:00Z,2025-01-23T18:00:00Z,2025-01-24T00:00:00Z,2025-02-22T18:00:00Z,purge_validation_test
7003,2024-11-25T06:00:00Z,2025-01-24T00:00:00Z,2025-01-24T06:00:00Z,2025-02-23T00:00:00Z,purge_validation_test
7004,2024-11-25T12:00:00Z,2025-01-24T06:00:00Z,2025-01-24T12:00:00Z,2025-02-23T06:00:00Z,purge_validation_test
7005,2024-11-25T18:00:00Z,2025-01-24T12:00:00Z,2025-01-24T18:00:00Z,2025-02-23T12:00:00Z,purge_validation_test
7006,2024-11-26T00:00:00Z,2025-01-24T18:00:00Z,2025-01-25T00:00:00Z,2025-02-23T18:00:00Z,purge_validation_test
7007,2024-11-26T06:00:00Z,2025-01-25T00:00:00Z,2025-01-25T06:00:00Z,2025-02-24T00:00:00Z,purge_validation_test
7008,2024-11-26T12:00:00Z,2025-01-25T06:00:00Z,2025-01-25T12:00:00Z,2025-02-24T06:00:00Z,purge_validation_test
7009,2024-11-26T18:00:00Z,2025-01-25T12:00:00Z,2025-01-25T18:00:00Z,2025-02-24T12:00:00Z,purge_validation_test
7010,2024-11-27T00:00:00Z,2025-01-25T18:00:00Z,2025-01-26T00:00:00Z,2025-02-24T18:00:00Z,purge_validation_test
7011,2024-11-27T06:00:00Z,2025-01-26T00:00:00Z,2025-01-26T06:00:00Z,2025-02-25T00:00:00Z,purge_validation_test
7012,2024-11-27T12:00:00Z,2025-01-26T06:00:00Z,2025-01-26T12:00:00Z,2025-02-25T06:00:00Z,purge_validation_test
7013,2024-11-27T18:00:00Z,2025-01-26T12:00:00Z,2025-01-26T18:00:00Z,2025-02-25T12:00:00Z,purge_validation_test
7014,2024-11-28T00:00:00Z,2025-01-26T18:00:00Z,2025-01-27T00:00:00Z,2025-02-25T18:00:00Z,purge_validation_test
7015,2024-11-28T06:00:00Z,2025-01-27T00:00:00Z,2025-01-27T06:00:00Z,2025-02-26T00:00:00Z,purge_validation_test
7016,2024-11-28T12:00:00Z,2025-01-27T06:00:00Z,2025-01-27T12:00:00Z,2025-02-26T06:00:00Z,purge_validation_test
7017,2024-11-28T18:00:00Z,2025-01-27T12:00:00Z,2025-01-27T18:00:00Z,2025-02-26T12:00:00Z,purge_validation_test
7018,2024-11-29T00:00:00Z,2025-01-27T18:00:00Z,2025-01-28T00:00:00Z,2025-02-26T18:00:00Z,purge_validation_test
7019,2024-11-29T06:00:00Z,2025-01-28T00:00:00Z,2025-01-28T06:00:00Z,2025-02-27T00:00:00Z,purge_validation_test
7020,2024-11-29T12:00:00Z,2025-01-28T06:00:00Z,2025-01-28T12:00:00Z,2025-02-27T06:00:00Z,purge_validation_test
7021,2024-11-29T18:00:00Z,2025-01-28T12:00:00Z,2025-01-28T18:00:00Z,2025-02-27T12:00:00Z,purge_validation_test
7022,2024-11-30T00:00:00Z,2025-01-28T18:00:00Z,2025-01-29T00:00:00Z,2025-02-27T18:00:00Z,purge_validation_test
7023,2024-11-30T06:00:00Z,2025-01-29T00:00:00Z,2025-01-29T06:00:00Z,2025-02-28T00:00:00Z,purge_validation_test
7024,2024-11-30T12:00:00Z,2025-01-29T06:00:00Z,2025-01-29T12:00:00Z,2025-02-28T06:00:00Z,purge_validation_test
7025,2024-11-30T18:00:00Z,2025-01-29T12:00:00Z,2025-01-29T18:00:00Z,2025-02-28T12:00:00Z,purge_validation_test
7026,2024-12-01T00:00:00Z,2025-01-29T18:00:00Z,2025-01-30T00:00:00Z,2025-02-28T18:00:00Z,purge_validation_test
7027,2024-12-01T06:00:00Z,2025-01-30T00:00:00Z,2025-01-30T06:00:00Z,2025-03-01T00:00:00Z,purge_validation_test
7028,2024-12-01T12:00:00Z,2025-01-30T06:00:00Z,2025-01-30T12:00:00Z,2025-03-01T06:00:00Z,purge_validation_test
7029,2024-12-01T18:00:00Z,2025-01-30T12:00:00Z,2025-01-30T18:00:00Z,2025-03-01T12:00:00Z,purge_validation_test
7030,2024-12-02T00:00:00Z,2025-01-30T18:00:00Z,2025-01-31T00:00:00Z,2025-03-01T18:00:00Z,purge_validation_test
7031,2024-12-02T06:00:00Z,2025-01-31T00:00:00Z,2025-01-31T06:00:00Z,2025-03-02T00:00:00Z,purge_validation_test
7032,2024-12-02T12:00:00Z,2025-01-31T06:00:00Z,2025-01-31T12:00:00Z,2025-03-02T06:00:00Z,purge_validation_test
7033,2024-12-02T18:00:00Z,2025-01-31T12:00:00Z,2025-01-31T18:00:00Z,2025-03-02T12:00:00Z,purge_validation_test
7034,2024-12-03T00:00:00Z,2025-01-31T18:00:00Z,2025-02-01T00:00:00Z,2025-03-02T18:00:00Z,purge_validation_test
7035,2024-12-03T06:00:00Z,2025-02-01T00:00:00Z,2025-02-01T06:00:00Z,2025-03-03T00:00:00Z,purge_validation_test
7036,2024-12-03T12:00:00Z,2025-02-01T06:00:00Z,2025-02-01T12:00:00Z,2025-03-03T06:00:00Z,purge_validation_test
7037,2024-12-03T18:00:00Z,2025-02-01T12:00:00Z,2025-02-01T18:00:00Z,2025-03-03T12:00:00Z,purge_validation_test
7038,2024-12-04T00:00:00Z,2025-02-01T18:00:00Z,2025-02-02T00:00:00Z,2025-03-03T18:00:00Z,purge_validation_test
7039,2024-12-04T06:00:00Z,2025-02-02T00:00:00Z,2025-02-02T06:00:00Z,2025-03-04T00:00:00Z,purge_validation_test
7040,2024-12-04T12:00:00Z,2025-02-02T06:00:00Z,2025-02-02T12:00:00Z,2025-03-04T06:00:00Z,purge_validation_test
7041,2024-12-04T18:00:00Z,2025-02-02T12:00:00Z,2025-02-02T18:00:00Z,2025-03-04T12:00:00Z,purge_validation_test
7042,2024-12-05T00:00:00Z,2025-02-02T18:00:00Z,2025-02-03T00:00:00Z,2025-03-04T18:00:00Z,purge_validation_test
7043,2024-12-05T06:00:00Z,2025-02-03T00:00:00Z,2025-02-03T06:00:00Z,2025-03-05T00:00:00Z,purge_validation_test
7044,2024-12-05T12:00:00Z,2025-02-03T06:00:00Z,2025-02-03T12:00:00Z,2025-03-05T06:00:00Z,purge_validation_test
7045,2024-12-05T18:00:00Z,2025-02-03T12:00:00Z,2025-02-03T18:00:00Z,2025-03-05T12:00:00Z,purge_validation_test
7046,2024-12-06T00:00:00Z,2025-02-03T18:00:00Z,2025-02-04T00:00:00Z,2025-03-05T18:00:00Z,purge_validation_test
7047,2024-12-06T06:00:00Z,2025-02-04T00:00:00Z,2025-02-04T06:00:00Z,2025-03-06T00:00:00Z,purge_validation_test
7048,2024-12-06T12:00:00Z,2025-02-04T06:00:00Z,2025-02-04T12:00:00Z,2025-03-06T06:00:00Z,purge_validation_test
7049,2024-12-06T18:00:00Z,2025-02-04T12:00:00Z,2025-02-04T18:00:00Z,2025-03-06T12:00:00Z,purge_validation_test
7050,2024-12-07T00:00:00Z,2025-02-04T18:00:00Z,2025-02-05T00:00:00Z,2025-03-06T18:00:00Z,purge_validation_test
7051,2024-12-07T06:00:00Z,2025-02-05T00:00:00Z,2025-02-05T06:00:00Z,2025-03-07T00:00:00Z,purge_validation_test
7052,2024-12-07T12:00:00Z,2025-02-05T06:00:00Z,2025-02-05T12:00:00Z,2025-03-07T06:00:00Z,purge_validation_test
7053,2024-12-07T18:00:00Z,2025-02-05T12:00:00Z,2025-02-05T18:00:00Z,2025-03-07T12:00:00Z,purge_validation_test
7054,2024-12-08T00:00:00Z,2025-02-05T18:00:00Z,2025-02-06T00:00:00Z,2025-03-07T18:00:00Z,purge_validation_test
7055,2024-12-08T06:00:00Z,2025-02-06T00:00:00Z,2025-02-06T06:00:00Z,2025-03-08T00:00:00Z,purge_validation_test
7056,2024-12-08T12:00:00Z,2025-02-06T06:00:00Z,2025-02-06T12:00:00Z,2025-03-08T06:00:00Z,purge_validation_test
7057,2024-12-08T18:00:00Z,2025-02-06T12:00:00Z,2025-02-06T18:00:00Z,2025-03-08T12:00:00Z,purge_validation_test
7058,2024-12-09T00:00:00Z,2025-02-06T18:00:00Z,2025-02-07T00:00:00Z,2025-03-08T18:00:00Z,purge_validation_test
7059,2024-12-09T06:00:00Z,2025-02-07T00:00:00Z,2025-02-07T06:00:00Z,2025-03-09T00:00:00Z,purge_validation_test
7060,2024-12-09T12:00:00Z,2025-02-07T06:00:00Z,2025-02-07T12:00:00Z,2025-03-09T06:00:00Z,purge_validation_test
7061,2024-12-09T18:00:00Z,2025-02-07T12:00:00Z,2025-02-07T18:00:00Z,2025-03-09T12:00:00Z,purge_validation_test
7062,2024-12-10T00:00:00Z,2025-02-07T18:00:00Z,2025-02-08T00:00:00Z,2025-03-09T18:00:00Z,purge_validation_test
7063,2024-12-10T06:00:00Z,2025-02-08T00:00:00Z,2025-02-08T06:00:00Z,2025-03-10T00:00:00Z,purge_validation_test
7064,2024-12-10T12:00:00Z,2025-02-08T06:00:00Z,2025-02-08T12:00:00Z,2025-03-10T06:00:00Z,purge_validation_test
7065,2024-12-10T18:00:00Z,2025-02-08T12:00:00Z,2025-02-08T18:00:00Z,2025-03-10T12:00:00Z,purge_validation_test
7066,2024-12-11T00:00:00Z,2025-02-08T18:00:00Z,2025-02-09T00:00:00Z,2025-03-10T18:00:00Z,purge_validation_test
7067,2024-12-11T06:00:00Z,2025-02-09T00:00:00Z,2025-02-09T06:00:00Z,2025-03-11T00:00:00Z,purge_validation_test
7068,2024-12-11T12:00:00Z,2025-02-09T06:00:00Z,2025-02-09T12:00:00Z,2025-03-11T06:00:00Z,purge_validation_test
7069,2024-12-11T18:00:00Z,2025-02-09T12:00:00Z,2025-02-09T18:00:00Z,2025-03-11T12:00:00Z,purge_validation_test
7070,2024-12-12T00:00:00Z,2025-02-09T18:00:00Z,2025-02-10T00:00:00Z,2025-03-11T18:00:00Z,purge_validation_test
7071,2024-12-12T06:00:00Z,2025-02-10T00:00:00Z,2025-02-10T06:00:00Z,2025-03-12T00:00:00Z,purge_validation_test
7072,2024-12-12T12:00:00Z,2025-02-10T06:00:00Z,2025-02-10T12:00:00Z,2025-03-12T06:00:00Z,purge_validation_test
7073,2024-12-12T18:00:00Z,2025-02-10T12:00:00Z,2025-02-10T18:00:00Z,2025-03-12T12:00:00Z,purge_validation_test
7074,2024-12-13T00:00:00Z,2025-02-10T18:00:00Z,2025-02-11T00:00:00Z,2025-03-12T18:00:00Z,purge_validation_test
7075,2024-12-13T06:00:00Z,2025-02-11T00:00:00Z,2025-02-11T06:00:00Z,2025-03-13T00:00:00Z,purge_validation_test
7076,2024-12-13T12:00:00Z,2025-02-11T06:00:00Z,2025-02-11T12:00:00Z,2025-03-13T06:00:00Z,purge_validation_test
7077,2024-12-13T18:00:00Z,2025-02-11T12:00:00Z,2025-02-11T18:00:00Z,2025-03-13T12:00:00Z,purge_validation_test
7078,2024-12-14T00:00:00Z,2025-02-11T18:00:00Z,2025-02-12T00:00:00Z,2025-03-13T18:00:00Z,purge_validation_test
7079,2024-12-14T06:00:00Z,2025-02-12T00:00:00Z,2025-02-12T06:00:00Z,2025-03-14T00:00:00Z,purge_validation_test
7080,2024-12-14T12:00:00Z,2025-02-12T06:00:00Z,2025-02-12T12:00:00Z,2025-03-14T06:00:00Z,purge_validation_test
7081,2024-12-14T18:00:00Z,2025-02-12T12:00:00Z,2025-02-12T18:00:00Z,2025-03-14T12:00:00Z,purge_validation_test
7082,2024-12-15T00:00:00Z,2025-02-12T18:00:00Z,2025-02-13T00:00:00Z,2025-03-14T18:00:00Z,purge_validation_test
7083,2024-12-15T06:00:00Z,2025-02-13T00:00:00Z,2025-02-13T06:00:00Z,2025-03-15T00:00:00Z,purge_validation_test
7084,2024-12-15T12:00:00Z,2025-02-13T06:00:00Z,2025-02-13T12:00:00Z,2025-03-15T06:00:00Z,purge_validation_test
7085,2024-12-15T18:00:00Z,2025-02-13T12:00:00Z,2025-02-13T18:00:00Z,2025-03-15T12:00:00Z,purge_validation_test
7086,2024-12-16T00:00:00Z,2025-02-13T18:00:00Z,2025-02-14T00:00:00Z,2025-03-15T18:00:00Z,purge_validation_test
7087,2024-12-16T06:00:00Z,2025-02-14T00:00:00Z,2025-02-14T06:00:00Z,2025-03-16T00:00:00Z,purge_validation_test
7088,2024-12-16T12:00:00Z,2025-02-14T06:00:00Z,2025-02-14T12:00:00Z,2025-03-16T06:00:00Z,purge_validation_test
7089,2024-12-16T18:00:00Z,2025-02-14T12:00:00Z,2025-02-14T18:00:00Z,2025-03-16T12:00:00Z,purge_validation_test
7090,2024-12-17T00:00:00Z,2025-02-14T18:00:00Z,2025-02-15T00:00:00Z,2025-03-16T18:00:00Z,purge_validation_test
7091,2024-12-17T06:00:00Z,2025-02-15T00:00:00Z,2025-02-15T06:00:00Z,2025-03-17T00:00:00Z,purge_validation_test
7092,2024-12-17T12:00:00Z,2025-02-15T06:00:00Z,2025-02-15T12:00:00Z,2025-03-17T06:00:00Z,purge_validation_test
7093,2024-12-17T18:00:00Z,2025-02-15T12:00:00Z,2025-02-15T18:00:00Z,2025-03-17T12:00:00Z,purge_validation_test
7094,2024-12-18T00:00:00Z,2025-02-15T18:00:00Z,2025-02-16T00:00:00Z,2025-03-17T18:00:00Z,purge_validation_test
7095,2024-12-18T06:00:00Z,2025-02-16T00:00:00Z,2025-02-16T06:00:00Z,2025-03-18T00:00:00Z,purge_validation_test
7096,2024-12-18T12:00:00Z,2025-02-16T06:00:00Z,2025-02-16T12:00:00Z,2025-03-18T06:00:00Z,purge_validation_test
7097,2024-12-18T18:00:00Z,2025-02-16T12:00:00Z,2025-02-16T18:00:00Z,2025-03-18T12:00:00Z,purge_validation_test
7098,2024-12-19T00:00:00Z,2025-02-16T18:00:00Z,2025-02-17T00:00:00Z,2025-03-18T18:00:00Z,purge_validation_test
7099,2024-12-19T06:00:00Z,2025-02-17T00:00:00Z,2025-02-17T06:00:00Z,2025-03-19T00:00:00Z,purge_validation_test
7100,2024-12-19T12:00:00Z,2025-02-17T06:00:00Z,2025-02-17T12:00:00Z,2025-03-19T06:00:00Z,purge_validation_test
7101,2024-12-19T18:00:00Z,2025-02-17T12:00:00Z,2025-02-17T18:00:00Z,2025-03-19T12:00:00Z,purge_validation_test
7102,2024-12-20T00:00:00Z,2025-02-17T18:00:00Z,2025-02-18T00:00:00Z,2025-03-19T18:00:00Z,purge_validation_test
7103,2024-12-20T06:00:00Z,2025-02-18T00:00:00Z,2025-02-18T06:00:00Z,2025-03-20T00:00:00Z,purge_validation_test
7104,2024-12-20T12:00:00Z,2025-02-18T06:00:00Z,2025-02-18T12:00:00Z,2025-03-20T06:00:00Z,purge_validation_test
7105,2024-12-20T18:00:00Z,2025-02-18T12:00:00Z,2025-02-18T18:00:00Z,2025-03-20T12:00:00Z,purge_validation_test
7106,2024-12-21T00:00:00Z,2025-02-18T18:00:00Z,2025-02-19T00:00:00Z,2025-03-20T18:00:00Z,purge_validation_test
7107,2024-12-21T06:00:00Z,2025-02-19T00:00:00Z,2025-02-19T06:00:00Z,2025-03-21T00:00:00Z,purge_validation_test
7108,2024-12-21T12:00:00Z,2025-02-19T06:00:00Z,2025-02-19T12:00:00Z,2025-03-21T06:00:00Z,purge_validation_test
7109,2024-12-21T18:00:00Z,2025-02-19T12:00:00Z,2025-02-19T18:00:00Z,2025-03-21T12:00:00Z,purge_validation_test
7110,2024-12-22T00:00:00Z,2025-02-19T18:00:00Z,2025-02-20T00:00:00Z,2025-03-21T18:00:00Z,purge_validation_test
7111,2024-12-22T06:00:00Z,2025-02-20T00:00:00Z,2025-02-20T06:00:00Z,2025-03-22T00:00:00Z,purge_validation_test
7112,2024-12-22T12:00:00Z,2025-02-20T06:00:00Z,2025-02-20T12:00:00Z,2025-03-22T06:00:00Z,purge_validation_test
7113,2024-12-22T18:00:00Z,2025-02-20T12:00:00Z,2025-02-20T18:00:00Z,2025-03-22T12:00:00Z,purge_validation_test
7114,2024-12-23T00:00:00Z,2025-02-20T18:00:00Z,2025-02-21T00:00:00Z,2025-03-22T18:00:00Z,purge_validation_test
7115,2024-12-23T06:00:00Z,2025-02-21T00:00:00Z,2025-02-21T06:00:00Z,2025-03-23T00:00:00Z,purge_validation_test
7116,2024-12-23T12:00:00Z,2025-02-21T06:00:00Z,2025-02-21T12:00:00Z,2025-03-23T06:00:00Z,purge_validation_test
7117,2024-12-23T18:00:00Z,2025-02-21T12:00:00Z,2025-02-21T18:00:00Z,2025-03-23T12:00:00Z,purge_validation_test
7118,2024-12-24T00:00:00Z,2025-02-21T18:00:00Z,2025-02-22T00:00:00Z,2025-03-23T18:00:00Z,purge_validation_test
7119,2024-12-24T06:00:00Z,2025-02-22T00:00:00Z,2025-02-22T06:00:00Z,2025-03-24T00:00:00Z,purge_validation_test
7120,2024-12-24T12:00:00Z,2025-02-22T06:00:00Z,2025-02-22T12:00:00Z,2025-03-24T06:00:00Z,purge_validation_test
7121,2024-12-24T18:00:00Z,2025-02-22T12:00:00Z,2025-02-22T18:00:00Z,2025-03-24T12:00:00Z,purge_validation_test
7122,2024-12-25T00:00:00Z,2025-02-22T18:00:00Z,2025-02-23T00:00:00Z,2025-03-24T18:00:00Z,purge_validation_test
7123,2024-12-25T06:00:00Z,2025-02-23T00:00:00Z,2025-02-23T06:00:00Z,2025-03-25T00:00:00Z,purge_validation_test
7124,2024-12-25T12:00:00Z,2025-02-23T06:00:00Z,2025-02-23T12:00:00Z,2025-03-25T06:00:00Z,purge_validation_test
7125,2024-12-25T18:00:00Z,2025-02-23T12:00:00Z,2025-02-23T18:00:00Z,2025-03-25T12:00:00Z,purge_validation_test
7126,2024-12-26T00:00:00Z,2025-02-23T18:00:00Z,2025-02-24T00:00:00Z,2025-03-25T18:00:00Z,purge_validation_test
7127,2024-12-26T06:00:00Z,2025-02-24T00:00:00Z,2025-02-24T06:00:00Z,2025-03-26T00:00:00Z,purge_validation_test
7128,2024-12-26T12:00:00Z,2025-02-24T06:00:00Z,2025-02-24T12:00:00Z,2025-03-26T06:00:00Z,purge_validation_test
7129,2024-12-26T18:00:00Z,2025-02-24T12:00:00Z,2025-02-24T18:00:00Z,2025-03-26T12:00:00Z,purge_validation_test
7130,2024-12-27T00:00:00Z,2025-02-24T18:00:00Z,2025-02-25T00:00:00Z,2025-03-26T18:00:00Z,purge_validation_test
7131,2024-12-27T06:00:00Z,2025-02-25T00:00:00Z,2025-02-25T06:00:00Z,2025-03-27T00:00:00Z,purge_validation_test
7132,2024-12-27T12:00:00Z,2025-02-25T06:00:00Z,2025-02-25T12:00:00Z,2025-03-27T06:00:00Z,purge_validation_test
7133,2024-12-27T18:00:00Z,2025-02-25T12:00:00Z,2025-02-25T18:00:00Z,2025-03-27T12:00:00Z,purge_validation_test
7134,2024-12-28T00:00:00Z,2025-02-25T18:00:00Z,2025-02-26T00:00:00Z,2025-03-27T18:00:00Z,purge_validation_test
7135,2024-12-28T06:00:00Z,2025-02-26T00:00:00Z,2025-02-26T06:00:00Z,2025-03-28T00:00:00Z,purge_validation_test
7136,2024-12-28T12:00:00Z,2025-02-26T06:00:00Z,2025-02-26T12:00:00Z,2025-03-28T06:00:00Z,purge_validation_test
7137,2024-12-28T18:00:00Z,2025-02-26T12:00:00Z,2025-02-26T18:00:00Z,2025-03-28T12:00:00Z,purge_validation_test
7138,2024-12-29T00:00:00Z,2025-02-26T18:00:00Z,2025-02-27T00:00:00Z,2025-03-28T18:00:00Z,purge_validation_test
7139,2024-12-29T06:00:00Z,2025-02-27T00:00:00Z,2025-02-27T06:00:00Z,2025-03-29T00:00:00Z,purge_validation_test
7140,2024-12-29T12:00:00Z,2025-02-27T06:00:00Z,2025-02-27T12:00:00Z,2025-03-29T06:00:00Z,purge_validation_test
7141,2024-12-29T18:00:00Z,2025-02-27T12:00:00Z,2025-02-27T18:00:00Z,2025-03-29T12:00:00Z,purge_validation_test
7142,2024-12-30T00:00:00Z,2025-02-27T18:00:00Z,2025-02-28T00:00:00Z,2025-03-29T18:00:00Z,purge_validation_test
7143,2024-12-30T06:00:00Z,2025-02-28T00:00:00Z,2025-02-28T06:00:00Z,2025-03-30T00:00:00Z,purge_validation_test
7144,2024-12-30T12:00:00Z,2025-02-28T06:00:00Z,2025-02-28T12:00:00Z,2025-03-30T06:00:00Z,purge_validation_test
7145,2024-12-30T18:00:00Z,2025-02-28T12:00:00Z,2025-02-28T18:00:00Z,2025-03-30T12:00:00Z,purge_validation_test
7146,2024-12-31T00:00:00Z,2025-02-28T18:00:00Z,2025-03-01T00:00:00Z,2025-03-30T18:00:00Z,purge_validation_test
7147,2024-12-31T06:00:00Z,2025-03-01T00:00:00Z,2025-03-01T06:00:00Z,2025-03-31T00:00:00Z,purge_validation_test
7148,2024-12-31T12:00:00Z,2025-03-01T06:00:00Z,2025-03-01T12:00:00Z,2025-03-31T06:00:00Z,purge_validation_test
7149,2024-12-31T18:00:00Z,2025-03-01T12:00:00Z,2025-03-01T18:00:00Z,2025-03-31T12:00:00Z,purge_validation_test
7150,2025-01-01T00:00:00Z,2025-03-01T18:00:00Z,2025-03-02T00:00:00Z,2025-03-31T18:00:00Z,purge_validation_test
7151,2025-01-01T06:00:00Z,2025-03-02T00:00:00Z,2025-03-02T06:00:00Z,2025-04-01T00:00:00Z,purge_validation_test
7152,2025-01-01T12:00:00Z,2025-03-02T06:00:00Z,2025-03-02T12:00:00Z,2025-04-01T06:00:00Z,purge_validation_test
7153,2025-01-01T18:00:00Z,2025-03-02T12:00:00Z,2025-03-02T18:00:00Z,2025-04-01T12:00:00Z,purge_validation_test
7154,2025-01-02T00:00:00Z,2025-03-02T18:00:00Z,2025-03-03T00:00:00Z,2025-04-01T18:00:00Z,purge_validation_test
7155,2025-01-02T06:00:00Z,2025-03-03T00:00:00Z,2025-03-03T06:00:00Z,2025-04-02T00:00:00Z,purge_validation_test
7156,2025-01-02T12:00:00Z,2025-03-03T06:00:00Z,2025-03-03T12:00:00Z,2025-04-02T06:00:00Z,purge_validation_test
7157,2025-01-02T18:00:00Z,2025-03-03T12:00:00Z,2025-03-03T18:00:00Z,2025-04-02T12:00:00Z,purge_validation_test
7158,2025-01-03T00:00:00Z,2025-03-03T18:00:00Z,2025-03-04T00:00:00Z,2025-04-02T18:00:00Z,purge_validation_test
7159,2025-01-03T06:00:00Z,2025-03-04T00:00:00Z,2025-03-04T06:00:00Z,2025-04-03T00:00:00Z,purge_validation_test
7160,2025-01-03T12:00:00Z,2025-03-04T06:00:00Z,2025-03-04T12:00:00Z,2025-04-03T06:00:00Z,purge_validation_test
7161,2025-01-03T18:00:00Z,2025-03-04T12:00:00Z,2025-03-04T18:00:00Z,2025-04-03T12:00:00Z,purge_validation_test
7162,2025-01-04T00:00:00Z,2025-03-04T18:00:00Z,2025-03-05T00:00:00Z,2025-04-03T18:00:00Z,purge_validation_test
7163,2025-01-04T06:00:00Z,2025-03-05T00:00:00Z,2025-03-05T06:00:00Z,2025-04-04T00:00:00Z,purge_validation_test
7164,2025-01-04T12:00:00Z,2025-03-05T06:00:00Z,2025-03-05T12:00:00Z,2025-04-04T06:00:00Z,purge_validation_test
7165,2025-01-04T18:00:00Z,2025-03-05T12:00:00Z,2025-03-05T18:00:00Z,2025-04-04T12:00:00Z,purge_validation_test
7166,2025-01-05T00:00:00Z,2025-03-05T18:00:00Z,2025-03-06T00:00:00Z,2025-04-04T18:00:00Z,purge_validation_test
7167,2025-01-05T06:00:00Z,2025-03-06T00:00:00Z,2025-03-06T06:00:00Z,2025-04-05T00:00:00Z,purge_validation_test
7168,2025-01-05T12:00:00Z,2025-03-06T06:00:00Z,2025-03-06T12:00:00Z,2025-04-05T06:00:00Z,purge_validation_test
7169,2025-01-05T18:00:00Z,2025-03-06T12:00:00Z,2025-03-06T18:00:00Z,2025-04-05T12:00:00Z,purge_validation_test
7170,2025-01-06T00:00:00Z,2025-03-06T18:00:00Z,2025-03-07T00:00:00Z,2025-04-05T18:00:00Z,purge_validation_test
7171,2025-01-06T06:00:00Z,2025-03-07T00:00:00Z,2025-03-07T06:00:00Z,2025-04-06T00:00:00Z,purge_validation_test
7172,2025-01-06T12:00:00Z,2025-03-07T06:00:00Z,2025-03-07T12:00:00Z,2025-04-06T06:00:00Z,purge_validation_test
7173,2025-01-06T18:00:00Z,2025-03-07T12:00:00Z,2025-03-07T18:00:00Z,2025-04-06T12:00:00Z,purge_validation_test
7174,2025-01-07T00:00:00Z,2025-03-07T18:00:00Z,2025-03-08T00:00:00Z,2025-04-06T18:00:00Z,purge_validation_test
7175,2025-01-07T06:00:00Z,2025-03-08T00:00:00Z,2025-03-08T06:00:00Z,2025-04-07T00:00:00Z,purge_validation_test
7176,2025-01-07T12:00:00Z,2025-03-08T06:00:00Z,2025-03-08T12:00:00Z,2025-04-07T06:00:00Z,purge_validation_test
7177,2025-01-07T18:00:00Z,2025-03-08T12:00:00Z,2025-03-08T18:00:00Z,2025-04-07T12:00:00Z,purge_validation_test
7178,2025-01-08T00:00:00Z,2025-03-08T18:00:00Z,2025-03-09T00:00:00Z,2025-04-07T18:00:00Z,purge_validation_test
7179,2025-01-08T06:00:00Z,2025-03-09T00:00:00Z,2025-03-09T06:00:00Z,2025-04-08T00:00:00Z,purge_validation_test
7180,2025-01-08T12:00:00Z,2025-03-09T06:00:00Z,2025-03-09T12:00:00Z,2025-04-08T06:00:00Z,purge_validation_test
7181,2025-01-08T18:00:00Z,2025-03-09T12:00:00Z,2025-03-09T18:00:00Z,2025-04-08T12:00:00Z,purge_validation_test
7182,2025-01-09T00:00:00Z,2025-03-09T18:00:00Z,2025-03-10T00:00:00Z,2025-04-08T18:00:00Z,purge_validation_test
7183,2025-01-09T06:00:00Z,2025-03-10T00:00:00Z,2025-03-10T06:00:00Z,2025-04-09T00:00:00Z,purge_validation_test
7184,2025-01-09T12:00:00Z,2025-03-10T06:00:00Z,2025-03-10T12:00:00Z,2025-04-09T06:00:00Z,purge_validation_test
7185,2025-01-09T18:00:00Z,2025-03-10T12:00:00Z,2025-03-10T18:00:00Z,2025-04-09T12:00:00Z,purge_validation_test
7186,2025-01-10T00:00:00Z,2025-03-10T18:00:00Z,2025-03-11T00:00:00Z,2025-04-09T18:00:00Z,purge_validation_test
7187,2025-01-10T06:00:00Z,2025-03-11T00:00:00Z,2025-03-11T06:00:00Z,2025-04-10T00:00:00Z,purge_validation_test
7188,2025-01-10T12:00:00Z,2025-03-11T06:00:00Z,2025-03-11T12:00:00Z,2025-04-10T06:00:00Z,purge_validation_test
7189,2025-01-10T18:00:00Z,2025-03-11T12:00:00Z,2025-03-11T18:00:00Z,2025-04-10T12:00:00Z,purge_validation_test
7190,2025-01-11T00:00:00Z,2025-03-11T18:00:00Z,2025-03-12T00:00:00Z,2025-04-10T18:00:00Z,purge_validation_test
7191,2025-01-11T06:00:00Z,2025-03-12T00:00:00Z,2025-03-12T06:00:00Z,2025-04-11T00:00:00Z,purge_validation_test
7192,2025-01-11T12:00:00Z,2025-03-12T06:00:00Z,2025-03-12T12:00:00Z,2025-04-11T06:00:00Z,purge_validation_test
7193,2025-01-11T18:00:00Z,2025-03-12T12:00:00Z,2025-03-12T18:00:00Z,2025-04-11T12:00:00Z,purge_validation_test
7194,2025-01-12T00:00:00Z,2025-03-12T18:00:00Z,2025-03-13T00:00:00Z,2025-04-11T18:00:00Z,purge_validation_test
7195,2025-01-12T06:00:00Z,2025-03-13T00:00:00Z,2025-03-13T06:00:00Z,2025-04-12T00:00:00Z,purge_validation_test
7196,2025-01-12T12:00:00Z,2025-03-13T06:00:00Z,2025-03-13T12:00:00Z,2025-04-12T06:00:00Z,purge_validation_test
7197,2025-01-12T18:00:00Z,2025-03-13T12:00:00Z,2025-03-13T18:00:00Z,2025-04-12T12:00:00Z,purge_validation_test
7198,2025-01-13T00:00:00Z,2025-03-13T18:00:00Z,2025-03-14T00:00:00Z,2025-04-12T18:00:00Z,purge_validation_test
7199,2025-01-13T06:00:00Z,2025-03-14T00:00:00Z,2025-03-14T06:00:00Z,2025-04-13T00:00:00Z,purge_validation_test
7200,2025-01-13T12:00:00Z,2025-03-14T06:00:00Z,2025-03-14T12:00:00Z,2025-04-13T06:00:00Z,purge_validation_test
7201,2025-01-13T18:00:00Z,2025-03-14T12:00:00Z,2025-03-14T18:00:00Z,2025-04-13T12:00:00Z,purge_validation_test
7202,2025-01-14T00:00:00Z,2025-03-14T18:00:00Z,2025-03-15T00:00:00Z,2025-04-13T18:00:00Z,purge_validation_test
7203,2025-01-14T06:00:00Z,2025-03-15T00:00:00Z,2025-03-15T06:00:00Z,2025-04-14T00:00:00Z,purge_validation_test
7204,2025-01-14T12:00:00Z,2025-03-15T06:00:00Z,2025-03-15T12:00:00Z,2025-04-14T06:00:00Z,purge_validation_test
7205,2025-01-14T18:00:00Z,2025-03-15T12:00:00Z,2025-03-15T18:00:00Z,2025-04-14T12:00:00Z,purge_validation_test
7206,2025-01-15T00:00:00Z,2025-03-15T18:00:00Z,2025-03-16T00:00:00Z,2025-04-14T18:00:00Z,purge_validation_test
7207,2025-01-15T06:00:00Z,2025-03-16T00:00:00Z,2025-03-16T06:00:00Z,2025-04-15T00:00:00Z,purge_validation_test
7208,2025-01-15T12:00:00Z,2025-03-16T06:00:00Z,2025-03-16T12:00:00Z,2025-04-15T06:00:00Z,purge_validation_test
7209,2025-01-15T18:00:00Z,2025-03-16T12:00:00Z,2025-03-16T18:00:00Z,2025-04-15T12:00:00Z,purge_validation_test
7210,2025-01-16T00:00:00Z,2025-03-16T18:00:00Z,2025-03-17T00:00:00Z,2025-04-15T18:00:00Z,purge_validation_test
7211,2025-01-16T06:00:00Z,2025-03-17T00:00:00Z,2025-03-17T06:00:00Z,2025-04-16T00:00:00Z,purge_validation_test
7212,2025-01-16T12:00:00Z,2025-03-17T06:00:00Z,2025-03-17T12:00:00Z,2025-04-16T06:00:00Z,purge_validation_test
7213,2025-01-16T18:00:00Z,2025-03-17T12:00:00Z,2025-03-17T18:00:00Z,2025-04-16T12:00:00Z,purge_validation_test
7214,2025-01-17T00:00:00Z,2025-03-17T18:00:00Z,2025-03-18T00:00:00Z,2025-04-16T18:00:00Z,purge_validation_test
7215,2025-01-17T06:00:00Z,2025-03-18T00:00:00Z,2025-03-18T06:00:00Z,2025-04-17T00:00:00Z,purge_validation_test
7216,2025-01-17T12:00:00Z,2025-03-18T06:00:00Z,2025-03-18T12:00:00Z,2025-04-17T06:00:00Z,purge_validation_test
7217,2025-01-17T18:00:00Z,2025-03-18T12:00:00Z,2025-03-18T18:00:00Z,2025-04-17T12:00:00Z,purge_validation_test
7218,2025-01-18T00:00:00Z,2025-03-18T18:00:00Z,2025-03-19T00:00:00Z,2025-04-17T18:00:00Z,purge_validation_test
7219,2025-01-18T06:00:00Z,2025-03-19T00:00:00Z,2025-03-19T06:00:00Z,2025-04-18T00:00:00Z,purge_validation_test
7220,2025-01-18T12:00:00Z,2025-03-19T06:00:00Z,2025-03-19T12:00:00Z,2025-04-18T06:00:00Z,purge_validation_test
7221,2025-01-18T18:00:00Z,2025-03-19T12:00:00Z,2025-03-19T18:00:00Z,2025-04-18T12:00:00Z,purge_validation_test
7222,2025-01-19T00:00:00Z,2025-03-19T18:00:00Z,2025-03-20T00:00:00Z,2025-04-18T18:00:00Z,purge_validation_test
7223,2025-01-19T06:00:00Z,2025-03-20T00:00:00Z,2025-03-20T06:00:00Z,2025-04-19T00:00:00Z,purge_validation_test
7224,2025-01-19T12:00:00Z,2025-03-20T06:00:00Z,2025-03-20T12:00:00Z,2025-04-19T06:00:00Z,purge_validation_test
7225,2025-01-19T18:00:00Z,2025-03-20T12:00:00Z,2025-03-20T18:00:00Z,2025-04-19T12:00:00Z,purge_validation_test
7226,2025-01-20T00:00:00Z,2025-03-20T18:00:00Z,2025-03-21T00:00:00Z,2025-04-19T18:00:00Z,purge_validation_test
7227,2025-01-20T06:00:00Z,2025-03-21T00:00:00Z,2025-03-21T06:00:00Z,2025-04-20T00:00:00Z,purge_validation_test
7228,2025-01-20T12:00:00Z,2025-03-21T06:00:00Z,2025-03-21T12:00:00Z,2025-04-20T06:00:00Z,purge_validation_test
7229,2025-01-20T18:00:00Z,2025-03-21T12:00:00Z,2025-03-21T18:00:00Z,2025-04-20T12:00:00Z,purge_validation_test
7230,2025-01-21T00:00:00Z,2025-03-21T18:00:00Z,2025-03-22T00:00:00Z,2025-04-20T18:00:00Z,purge_validation_test
7231,2025-01-21T06:00:00Z,2025-03-22T00:00:00Z,2025-03-22T06:00:00Z,2025-04-21T00:00:00Z,purge_validation_test
7232,2025-01-21T12:00:00Z,2025-03-22T06:00:00Z,2025-03-22T12:00:00Z,2025-04-21T06:00:00Z,purge_validation_test
7233,2025-01-21T18:00:00Z,2025-03-22T12:00:00Z,2025-03-22T18:00:00Z,2025-04-21T12:00:00Z,purge_validation_test
7234,2025-01-22T00:00:00Z,2025-03-22T18:00:00Z,2025-03-23T00:00:00Z,2025-04-21T18:00:00Z,purge_validation_test
7235,2025-01-22T06:00:00Z,2025-03-23T00:00:00Z,2025-03-23T06:00:00Z,2025-04-22T00:00:00Z,purge_validation_test
7236,2025-01-22T12:00:00Z,2025-03-23T06:00:00Z,2025-03-23T12:00:00Z,2025-04-22T06:00:00Z,purge_validation_test
7237,2025-01-22T18:00:00Z,2025-03-23T12:00:00Z,2025-03-23T18:00:00Z,2025-04-22T12:00:00Z,purge_validation_test
7238,2025-01-23T00:00:00Z,2025-03-23T18:00:00Z,2025-03-24T00:00:00Z,2025-04-22T18:00:00Z,purge_validation_test
7239,2025-01-23T06:00:00Z,2025-03-24T00:00:00Z,2025-03-24T06:00:00Z,2025-04-23T00:00:00Z,purge_validation_test
7240,2025-01-23T12:00:00Z,2025-03-24T06:00:00Z,2025-03-24T12:00:00Z,2025-04-23T06:00:00Z,purge_validation_test
7241,2025-01-23T18:00:00Z,2025-03-24T12:00:00Z,2025-03-24T18:00:00Z,2025-04-23T12:00:00Z,purge_validation_test
7242,2025-01-24T00:00:00Z,2025-03-24T18:00:00Z,2025-03-25T00:00:00Z,2025-04-23T18:00:00Z,purge_validation_test
7243,2025-01-24T06:00:00Z,2025-03-25T00:00:00Z,2025-03-25T06:00:00Z,2025-04-24T00:00:00Z,purge_validation_test
7244,2025-01-24T12:00:00Z,2025-03-25T06:00:00Z,2025-03-25T12:00:00Z,2025-04-24T06:00:00Z,purge_validation_test
7245,2025-01-24T18:00:00Z,2025-03-25T12:00:00Z,2025-03-25T18:00:00Z,2025-04-24T12:00:00Z,purge_validation_test
7246,2025-01-25T00:00:00Z,2025-03-25T18:00:00Z,2025-03-26T00:00:00Z,2025-04-24T18:00:00Z,purge_validation_test
7247,2025-01-25T06:00:00Z,2025-03-26T00:00:00Z,2025-03-26T06:00:00Z,2025-04-25T00:00:00Z,purge_validation_test
7248,2025-01-25T12:00:00Z,2025-03-26T06:00:00Z,2025-03-26T12:00:00Z,2025-04-25T06:00:00Z,purge_validation_test
7249,2025-01-25T18:00:00Z,2025-03-26T12:00:00Z,2025-03-26T18:00:00Z,2025-04-25T12:00:00Z,purge_validation_test
7250,2025-01-26T00:00:00Z,2025-03-26T18:00:00Z,2025-03-27T00:00:00Z,2025-04-25T18:00:00Z,purge_validation_test
7251,2025-01-26T06:00:00Z,2025-03-27T00:00:00Z,2025-03-27T06:00:00Z,2025-04-26T00:00:00Z,purge_validation_test
7252,2025-01-26T12:00:00Z,2025-03-27T06:00:00Z,2025-03-27T12:00:00Z,2025-04-26T06:00:00Z,purge_validation_test
7253,2025-01-26T18:00:00Z,2025-03-27T12:00:00Z,2025-03-27T18:00:00Z,2025-04-26T12:00:00Z,purge_validation_test
7254,2025-01-27T00:00:00Z,2025-03-27T18:00:00Z,2025-03-28T00:00:00Z,2025-04-26T18:00:00Z,purge_validation_test
7255,2025-01-27T06:00:00Z,2025-03-28T00:00:00Z,2025-03-28T06:00:00Z,2025-04-27T00:00:00Z,purge_validation_test
7256,2025-01-27T12:00:00Z,2025-03-28T06:00:00Z,2025-03-28T12:00:00Z,2025-04-27T06:00:00Z,purge_validation_test
7257,2025-01-27T18:00:00Z,2025-03-28T12:00:00Z,2025-03-28T18:00:00Z,2025-04-27T12:00:00Z,purge_validation_test
7258,2025-01-28T00:00:00Z,2025-03-28T18:00:00Z,2025-03-29T00:00:00Z,2025-04-27T18:00:00Z,purge_validation_test
7259,2025-01-28T06:00:00Z,2025-03-29T00:00:00Z,2025-03-29T06:00:00Z,2025-04-28T00:00:00Z,purge_validation_test
7260,2025-01-28T12:00:00Z,2025-03-29T06:00:00Z,2025-03-29T12:00:00Z,2025-04-28T06:00:00Z,purge_validation_test
7261,2025-01-28T18:00:00Z,2025-03-29T12:00:00Z,2025-03-29T18:00:00Z,2025-04-28T12:00:00Z,purge_validation_test
7262,2025-01-29T00:00:00Z,2025-03-29T18:00:00Z,2025-03-30T00:00:00Z,2025-04-28T18:00:00Z,purge_validation_test
7263,2025-01-29T06:00:00Z,2025-03-30T00:00:00Z,2025-03-30T06:00:00Z,2025-04-29T00:00:00Z,purge_validation_test
7264,2025-01-29T12:00:00Z,2025-03-30T06:00:00Z,2025-03-30T12:00:00Z,2025-04-29T06:00:00Z,purge_validation_test
7265,2025-01-29T18:00:00Z,2025-03-30T12:00:00Z,2025-03-30T18:00:00Z,2025-04-29T12:00:00Z,purge_validation_test
7266,2025-01-30T00:00:00Z,2025-03-30T18:00:00Z,2025-03-31T00:00:00Z,2025-04-29T18:00:00Z,purge_validation_test
7267,2025-01-30T06:00:00Z,2025-03-31T00:00:00Z,2025-03-31T06:00:00Z,2025-04-30T00:00:00Z,purge_validation_test
7268,2025-01-30T12:00:00Z,2025-03-31T06:00:00Z,2025-03-31T12:00:00Z,2025-04-30T06:00:00Z,purge_validation_test
7269,2025-01-30T18:00:00Z,2025-03-31T12:00:00Z,2025-03-31T18:00:00Z,2025-04-30T12:00:00Z,purge_validation_test
7270,2025-01-31T00:00:00Z,2025-03-31T18:00:00Z,2025-04-01T00:00:00Z,2025-04-30T18:00:00Z,test
7271,2025-01-31T06:00:00Z,2025-04-01T00:00:00Z,2025-04-01T06:00:00Z,2025-05-01T00:00:00Z,test
7272,2025-01-31T12:00:00Z,2025-04-01T06:00:00Z,2025-04-01T12:00:00Z,2025-05-01T06:00:00Z,test
7273,2025-01-31T18:00:00Z,2025-04-01T12:00:00Z,2025-04-01T18:00:00Z,2025-05-01T12:00:00Z,test
7274,2025-02-01T00:00:00Z,2025-04-01T18:00:00Z,2025-04-02T00:00:00Z,2025-05-01T18:00:00Z,test
7275,2025-02-01T06:00:00Z,2025-04-02T00:00:00Z,2025-04-02T06:00:00Z,2025-05-02T00:00:00Z,test
7276,2025-02-01T12:00:00Z,2025-04-02T06:00:00Z,2025-04-02T12:00:00Z,2025-05-02T06:00:00Z,test
7277,2025-02-01T18:00:00Z,2025-04-02T12:00:00Z,2025-04-02T18:00:00Z,2025-05-02T12:00:00Z,test
7278,2025-02-02T00:00:00Z,2025-04-02T18:00:00Z,2025-04-03T00:00:00Z,2025-05-02T18:00:00Z,test
7279,2025-02-02T06:00:00Z,2025-04-03T00:00:00Z,2025-04-03T06:00:00Z,2025-05-03T00:00:00Z,test
7280,2025-02-02T12:00:00Z,2025-04-03T06:00:00Z,2025-04-03T12:00:00Z,2025-05-03T06:00:00Z,test
7281,2025-02-02T18:00:00Z,2025-04-03T12:00:00Z,2025-04-03T18:00:00Z,2025-05-03T12:00:00Z,test
7282,2025-02-03T00:00:00Z,2025-04-03T18:00:00Z,2025-04-04T00:00:00Z,2025-05-03T18:00:00Z,test
7283,2025-02-03T06:00:00Z,2025-04-04T00:00:00Z,2025-04-04T06:00:00Z,2025-05-04T00:00:00Z,test
7284,2025-02-03T12:00:00Z,2025-04-04T06:00:00Z,2025-04-04T12:00:00Z,2025-05-04T06:00:00Z,test
7285,2025-02-03T18:00:00Z,2025-04-04T12:00:00Z,2025-04-04T18:00:00Z,2025-05-04T12:00:00Z,test
7286,2025-02-04T00:00:00Z,2025-04-04T18:00:00Z,2025-04-05T00:00:00Z,2025-05-04T18:00:00Z,test
7287,2025-02-04T06:00:00Z,2025-04-05T00:00:00Z,2025-04-05T06:00:00Z,2025-05-05T00:00:00Z,test
7288,2025-02-04T12:00:00Z,2025-04-05T06:00:00Z,2025-04-05T12:00:00Z,2025-05-05T06:00:00Z,test
7289,2025-02-04T18:00:00Z,2025-04-05T12:00:00Z,2025-04-05T18:00:00Z,2025-05-05T12:00:00Z,test
7290,2025-02-05T00:00:00Z,2025-04-05T18:00:00Z,2025-04-06T00:00:00Z,2025-05-05T18:00:00Z,test
7291,2025-02-05T06:00:00Z,2025-04-06T00:00:00Z,2025-04-06T06:00:00Z,2025-05-06T00:00:00Z,test
7292,2025-02-05T12:00:00Z,2025-04-06T06:00:00Z,2025-04-06T12:00:00Z,2025-05-06T06:00:00Z,test
7293,2025-02-05T18:00:00Z,2025-04-06T12:00:00Z,2025-04-06T18:00:00Z,2025-05-06T12:00:00Z,test
7294,2025-02-06T00:00:00Z,2025-04-06T18:00:00Z,2025-04-07T00:00:00Z,2025-05-06T18:00:00Z,test
7295,2025-02-06T06:00:00Z,2025-04-07T00:00:00Z,2025-04-07T06:00:00Z,2025-05-07T00:00:00Z,test
7296,2025-02-06T12:00:00Z,2025-04-07T06:00:00Z,2025-04-07T12:00:00Z,2025-05-07T06:00:00Z,test
7297,2025-02-06T18:00:00Z,2025-04-07T12:00:00Z,2025-04-07T18:00:00Z,2025-05-07T12:00:00Z,test
7298,2025-02-07T00:00:00Z,2025-04-07T18:00:00Z,2025-04-08T00:00:00Z,2025-05-07T18:00:00Z,test
7299,2025-02-07T06:00:00Z,2025-04-08T00:00:00Z,2025-04-08T06:00:00Z,2025-05-08T00:00:00Z,test
7300,2025-02-07T12:00:00Z,2025-04-08T06:00:00Z,2025-04-08T12:00:00Z,2025-05-08T06:00:00Z,test
7301,2025-02-07T18:00:00Z,2025-04-08T12:00:00Z,2025-04-08T18:00:00Z,2025-05-08T12:00:00Z,test
7302,2025-02-08T00:00:00Z,2025-04-08T18:00:00Z,2025-04-09T00:00:00Z,2025-05-08T18:00:00Z,test
7303,2025-02-08T06:00:00Z,2025-04-09T00:00:00Z,2025-04-09T06:00:00Z,2025-05-09T00:00:00Z,test
7304,2025-02-08T12:00:00Z,2025-04-09T06:00:00Z,2025-04-09T12:00:00Z,2025-05-09T06:00:00Z,test
7305,2025-02-08T18:00:00Z,2025-04-09T12:00:00Z,2025-04-09T18:00:00Z,2025-05-09T12:00:00Z,test
7306,2025-02-09T00:00:00Z,2025-04-09T18:00:00Z,2025-04-10T00:00:00Z,2025-05-09T18:00:00Z,test
7307,2025-02-09T06:00:00Z,2025-04-10T00:00:00Z,2025-04-10T06:00:00Z,2025-05-10T00:00:00Z,test
7308,2025-02-09T12:00:00Z,2025-04-10T06:00:00Z,2025-04-10T12:00:00Z,2025-05-10T06:00:00Z,test
7309,2025-02-09T18:00:00Z,2025-04-10T12:00:00Z,2025-04-10T18:00:00Z,2025-05-10T12:00:00Z,test
7310,2025-02-10T00:00:00Z,2025-04-10T18:00:00Z,2025-04-11T00:00:00Z,2025-05-10T18:00:00Z,test
7311,2025-02-10T06:00:00Z,2025-04-11T00:00:00Z,2025-04-11T06:00:00Z,2025-05-11T00:00:00Z,test
7312,2025-02-10T12:00:00Z,2025-04-11T06:00:00Z,2025-04-11T12:00:00Z,2025-05-11T06:00:00Z,test
7313,2025-02-10T18:00:00Z,2025-04-11T12:00:00Z,2025-04-11T18:00:00Z,2025-05-11T12:00:00Z,test
7314,2025-02-11T00:00:00Z,2025-04-11T18:00:00Z,2025-04-12T00:00:00Z,2025-05-11T18:00:00Z,test
7315,2025-02-11T06:00:00Z,2025-04-12T00:00:00Z,2025-04-12T06:00:00Z,2025-05-12T00:00:00Z,test
7316,2025-02-11T12:00:00Z,2025-04-12T06:00:00Z,2025-04-12T12:00:00Z,2025-05-12T06:00:00Z,test
7317,2025-02-11T18:00:00Z,2025-04-12T12:00:00Z,2025-04-12T18:00:00Z,2025-05-12T12:00:00Z,test
7318,2025-02-12T00:00:00Z,2025-04-12T18:00:00Z,2025-04-13T00:00:00Z,2025-05-12T18:00:00Z,test
7319,2025-02-12T06:00:00Z,2025-04-13T00:00:00Z,2025-04-13T06:00:00Z,2025-05-13T00:00:00Z,test
7320,2025-02-12T12:00:00Z,2025-04-13T06:00:00Z,2025-04-13T12:00:00Z,2025-05-13T06:00:00Z,test
7321,2025-02-12T18:00:00Z,2025-04-13T12:00:00Z,2025-04-13T18:00:00Z,2025-05-13T12:00:00Z,test
7322,2025-02-13T00:00:00Z,2025-04-13T18:00:00Z,2025-04-14T00:00:00Z,2025-05-13T18:00:00Z,test
7323,2025-02-13T06:00:00Z,2025-04-14T00:00:00Z,2025-04-14T06:00:00Z,2025-05-14T00:00:00Z,test
7324,2025-02-13T12:00:00Z,2025-04-14T06:00:00Z,2025-04-14T12:00:00Z,2025-05-14T06:00:00Z,test
7325,2025-02-13T18:00:00Z,2025-04-14T12:00:00Z,2025-04-14T18:00:00Z,2025-05-14T12:00:00Z,test
7326,2025-02-14T00:00:00Z,2025-04-14T18:00:00Z,2025-04-15T00:00:00Z,2025-05-14T18:00:00Z,test
7327,2025-02-14T06:00:00Z,2025-04-15T00:00:00Z,2025-04-15T06:00:00Z,2025-05-15T00:00:00Z,test
7328,2025-02-14T12:00:00Z,2025-04-15T06:00:00Z,2025-04-15T12:00:00Z,2025-05-15T06:00:00Z,test
7329,2025-02-14T18:00:00Z,2025-04-15T12:00:00Z,2025-04-15T18:00:00Z,2025-05-15T12:00:00Z,test
7330,2025-02-15T00:00:00Z,2025-04-15T18:00:00Z,2025-04-16T00:00:00Z,2025-05-15T18:00:00Z,test
7331,2025-02-15T06:00:00Z,2025-04-16T00:00:00Z,2025-04-16T06:00:00Z,2025-05-16T00:00:00Z,test
7332,2025-02-15T12:00:00Z,2025-04-16T06:00:00Z,2025-04-16T12:00:00Z,2025-05-16T06:00:00Z,test
7333,2025-02-15T18:00:00Z,2025-04-16T12:00:00Z,2025-04-16T18:00:00Z,2025-05-16T12:00:00Z,test
7334,2025-02-16T00:00:00Z,2025-04-16T18:00:00Z,2025-04-17T00:00:00Z,2025-05-16T18:00:00Z,test
7335,2025-02-16T06:00:00Z,2025-04-17T00:00:00Z,2025-04-17T06:00:00Z,2025-05-17T00:00:00Z,test
7336,2025-02-16T12:00:00Z,2025-04-17T06:00:00Z,2025-04-17T12:00:00Z,2025-05-17T06:00:00Z,test
7337,2025-02-16T18:00:00Z,2025-04-17T12:00:00Z,2025-04-17T18:00:00Z,2025-05-17T12:00:00Z,test
7338,2025-02-17T00:00:00Z,2025-04-17T18:00:00Z,2025-04-18T00:00:00Z,2025-05-17T18:00:00Z,test
7339,2025-02-17T06:00:00Z,2025-04-18T00:00:00Z,2025-04-18T06:00:00Z,2025-05-18T00:00:00Z,test
7340,2025-02-17T12:00:00Z,2025-04-18T06:00:00Z,2025-04-18T12:00:00Z,2025-05-18T06:00:00Z,test
7341,2025-02-17T18:00:00Z,2025-04-18T12:00:00Z,2025-04-18T18:00:00Z,2025-05-18T12:00:00Z,test
7342,2025-02-18T00:00:00Z,2025-04-18T18:00:00Z,2025-04-19T00:00:00Z,2025-05-18T18:00:00Z,test
7343,2025-02-18T06:00:00Z,2025-04-19T00:00:00Z,2025-04-19T06:00:00Z,2025-05-19T00:00:00Z,test
7344,2025-02-18T12:00:00Z,2025-04-19T06:00:00Z,2025-04-19T12:00:00Z,2025-05-19T06:00:00Z,test
7345,2025-02-18T18:00:00Z,2025-04-19T12:00:00Z,2025-04-19T18:00:00Z,2025-05-19T12:00:00Z,test
7346,2025-02-19T00:00:00Z,2025-04-19T18:00:00Z,2025-04-20T00:00:00Z,2025-05-19T18:00:00Z,test
7347,2025-02-19T06:00:00Z,2025-04-20T00:00:00Z,2025-04-20T06:00:00Z,2025-05-20T00:00:00Z,test
7348,2025-02-19T12:00:00Z,2025-04-20T06:00:00Z,2025-04-20T12:00:00Z,2025-05-20T06:00:00Z,test
7349,2025-02-19T18:00:00Z,2025-04-20T12:00:00Z,2025-04-20T18:00:00Z,2025-05-20T12:00:00Z,test
7350,2025-02-20T00:00:00Z,2025-04-20T18:00:00Z,2025-04-21T00:00:00Z,2025-05-20T18:00:00Z,test
7351,2025-02-20T06:00:00Z,2025-04-21T00:00:00Z,2025-04-21T06:00:00Z,2025-05-21T00:00:00Z,test
7352,2025-02-20T12:00:00Z,2025-04-21T06:00:00Z,2025-04-21T12:00:00Z,2025-05-21T06:00:00Z,test
7353,2025-02-20T18:00:00Z,2025-04-21T12:00:00Z,2025-04-21T18:00:00Z,2025-05-21T12:00:00Z,test
7354,2025-02-21T00:00:00Z,2025-04-21T18:00:00Z,2025-04-22T00:00:00Z,2025-05-21T18:00:00Z,test
7355,2025-02-21T06:00:00Z,2025-04-22T00:00:00Z,2025-04-22T06:00:00Z,2025-05-22T00:00:00Z,test
7356,2025-02-21T12:00:00Z,2025-04-22T06:00:00Z,2025-04-22T12:00:00Z,2025-05-22T06:00:00Z,test
7357,2025-02-21T18:00:00Z,2025-04-22T12:00:00Z,2025-04-22T18:00:00Z,2025-05-22T12:00:00Z,test
7358,2025-02-22T00:00:00Z,2025-04-22T18:00:00Z,2025-04-23T00:00:00Z,2025-05-22T18:00:00Z,test
7359,2025-02-22T06:00:00Z,2025-04-23T00:00:00Z,2025-04-23T06:00:00Z,2025-05-23T00:00:00Z,test
7360,2025-02-22T12:00:00Z,2025-04-23T06:00:00Z,2025-04-23T12:00:00Z,2025-05-23T06:00:00Z,test
7361,2025-02-22T18:00:00Z,2025-04-23T12:00:00Z,2025-04-23T18:00:00Z,2025-05-23T12:00:00Z,test
7362,2025-02-23T00:00:00Z,2025-04-23T18:00:00Z,2025-04-24T00:00:00Z,2025-05-23T18:00:00Z,test
7363,2025-02-23T06:00:00Z,2025-04-24T00:00:00Z,2025-04-24T06:00:00Z,2025-05-24T00:00:00Z,test
7364,2025-02-23T12:00:00Z,2025-04-24T06:00:00Z,2025-04-24T12:00:00Z,2025-05-24T06:00:00Z,test
7365,2025-02-23T18:00:00Z,2025-04-24T12:00:00Z,2025-04-24T18:00:00Z,2025-05-24T12:00:00Z,test
7366,2025-02-24T00:00:00Z,2025-04-24T18:00:00Z,2025-04-25T00:00:00Z,2025-05-24T18:00:00Z,test
7367,2025-02-24T06:00:00Z,2025-04-25T00:00:00Z,2025-04-25T06:00:00Z,2025-05-25T00:00:00Z,test
7368,2025-02-24T12:00:00Z,2025-04-25T06:00:00Z,2025-04-25T12:00:00Z,2025-05-25T06:00:00Z,test
7369,2025-02-24T18:00:00Z,2025-04-25T12:00:00Z,2025-04-25T18:00:00Z,2025-05-25T12:00:00Z,test
7370,2025-02-25T00:00:00Z,2025-04-25T18:00:00Z,2025-04-26T00:00:00Z,2025-05-25T18:00:00Z,test
7371,2025-02-25T06:00:00Z,2025-04-26T00:00:00Z,2025-04-26T06:00:00Z,2025-05-26T00:00:00Z,test
7372,2025-02-25T12:00:00Z,2025-04-26T06:00:00Z,2025-04-26T12:00:00Z,2025-05-26T06:00:00Z,test
7373,2025-02-25T18:00:00Z,2025-04-26T12:00:00Z,2025-04-26T18:00:00Z,2025-05-26T12:00:00Z,test
7374,2025-02-26T00:00:00Z,2025-04-26T18:00:00Z,2025-04-27T00:00:00Z,2025-05-26T18:00:00Z,test
7375,2025-02-26T06:00:00Z,2025-04-27T00:00:00Z,2025-04-27T06:00:00Z,2025-05-27T00:00:00Z,test
7376,2025-02-26T12:00:00Z,2025-04-27T06:00:00Z,2025-04-27T12:00:00Z,2025-05-27T06:00:00Z,test
7377,2025-02-26T18:00:00Z,2025-04-27T12:00:00Z,2025-04-27T18:00:00Z,2025-05-27T12:00:00Z,test
7378,2025-02-27T00:00:00Z,2025-04-27T18:00:00Z,2025-04-28T00:00:00Z,2025-05-27T18:00:00Z,test
7379,2025-02-27T06:00:00Z,2025-04-28T00:00:00Z,2025-04-28T06:00:00Z,2025-05-28T00:00:00Z,test
7380,2025-02-27T12:00:00Z,2025-04-28T06:00:00Z,2025-04-28T12:00:00Z,2025-05-28T06:00:00Z,test
7381,2025-02-27T18:00:00Z,2025-04-28T12:00:00Z,2025-04-28T18:00:00Z,2025-05-28T12:00:00Z,test
7382,2025-02-28T00:00:00Z,2025-04-28T18:00:00Z,2025-04-29T00:00:00Z,2025-05-28T18:00:00Z,test
7383,2025-02-28T06:00:00Z,2025-04-29T00:00:00Z,2025-04-29T06:00:00Z,2025-05-29T00:00:00Z,test
7384,2025-02-28T12:00:00Z,2025-04-29T06:00:00Z,2025-04-29T12:00:00Z,2025-05-29T06:00:00Z,test
7385,2025-02-28T18:00:00Z,2025-04-29T12:00:00Z,2025-04-29T18:00:00Z,2025-05-29T12:00:00Z,test
7386,2025-03-01T00:00:00Z,2025-04-29T18:00:00Z,2025-04-30T00:00:00Z,2025-05-29T18:00:00Z,test
7387,2025-03-01T06:00:00Z,2025-04-30T00:00:00Z,2025-04-30T06:00:00Z,2025-05-30T00:00:00Z,test
7388,2025-03-01T12:00:00Z,2025-04-30T06:00:00Z,2025-04-30T12:00:00Z,2025-05-30T06:00:00Z,test
7389,2025-03-01T18:00:00Z,2025-04-30T12:00:00Z,2025-04-30T18:00:00Z,2025-05-30T12:00:00Z,test
7390,2025-03-02T00:00:00Z,2025-04-30T18:00:00Z,2025-05-01T00:00:00Z,2025-05-30T18:00:00Z,test
7391,2025-03-02T06:00:00Z,2025-05-01T00:00:00Z,2025-05-01T06:00:00Z,2025-05-31T00:00:00Z,test
7392,2025-03-02T12:00:00Z,2025-05-01T06:00:00Z,2025-05-01T12:00:00Z,2025-05-31T06:00:00Z,test
7393,2025-03-02T18:00:00Z,2025-05-01T12:00:00Z,2025-05-01T18:00:00Z,2025-05-31T12:00:00Z,test
7394,2025-03-03T00:00:00Z,2025-05-01T18:00:00Z,2025-05-02T00:00:00Z,2025-05-31T18:00:00Z,test
7395,2025-03-03T06:00:00Z,2025-05-02T00:00:00Z,2025-05-02T06:00:00Z,2025-06-01T00:00:00Z,test
7396,2025-03-03T12:00:00Z,2025-05-02T06:00:00Z,2025-05-02T12:00:00Z,2025-06-01T06:00:00Z,test
7397,2025-03-03T18:00:00Z,2025-05-02T12:00:00Z,2025-05-02T18:00:00Z,2025-06-01T12:00:00Z,test
7398,2025-03-04T00:00:00Z,2025-05-02T18:00:00Z,2025-05-03T00:00:00Z,2025-06-01T18:00:00Z,test
7399,2025-03-04T06:00:00Z,2025-05-03T00:00:00Z,2025-05-03T06:00:00Z,2025-06-02T00:00:00Z,test
7400,2025-03-04T12:00:00Z,2025-05-03T06:00:00Z,2025-05-03T12:00:00Z,2025-06-02T06:00:00Z,test
7401,2025-03-04T18:00:00Z,2025-05-03T12:00:00Z,2025-05-03T18:00:00Z,2025-06-02T12:00:00Z,test
7402,2025-03-05T00:00:00Z,2025-05-03T18:00:00Z,2025-05-04T00:00:00Z,2025-06-02T18:00:00Z,test
7403,2025-03-05T06:00:00Z,2025-05-04T00:00:00Z,2025-05-04T06:00:00Z,2025-06-03T00:00:00Z,test
7404,2025-03-05T12:00:00Z,2025-05-04T06:00:00Z,2025-05-04T12:00:00Z,2025-06-03T06:00:00Z,test
7405,2025-03-05T18:00:00Z,2025-05-04T12:00:00Z,2025-05-04T18:00:00Z,2025-06-03T12:00:00Z,test
7406,2025-03-06T00:00:00Z,2025-05-04T18:00:00Z,2025-05-05T00:00:00Z,2025-06-03T18:00:00Z,test
7407,2025-03-06T06:00:00Z,2025-05-05T00:00:00Z,2025-05-05T06:00:00Z,2025-06-04T00:00:00Z,test
7408,2025-03-06T12:00:00Z,2025-05-05T06:00:00Z,2025-05-05T12:00:00Z,2025-06-04T06:00:00Z,test
7409,2025-03-06T18:00:00Z,2025-05-05T12:00:00Z,2025-05-05T18:00:00Z,2025-06-04T12:00:00Z,test
7410,2025-03-07T00:00:00Z,2025-05-05T18:00:00Z,2025-05-06T00:00:00Z,2025-06-04T18:00:00Z,test
7411,2025-03-07T06:00:00Z,2025-05-06T00:00:00Z,2025-05-06T06:00:00Z,2025-06-05T00:00:00Z,test
7412,2025-03-07T12:00:00Z,2025-05-06T06:00:00Z,2025-05-06T12:00:00Z,2025-06-05T06:00:00Z,test
7413,2025-03-07T18:00:00Z,2025-05-06T12:00:00Z,2025-05-06T18:00:00Z,2025-06-05T12:00:00Z,test
7414,2025-03-08T00:00:00Z,2025-05-06T18:00:00Z,2025-05-07T00:00:00Z,2025-06-05T18:00:00Z,test
7415,2025-03-08T06:00:00Z,2025-05-07T00:00:00Z,2025-05-07T06:00:00Z,2025-06-06T00:00:00Z,test
7416,2025-03-08T12:00:00Z,2025-05-07T06:00:00Z,2025-05-07T12:00:00Z,2025-06-06T06:00:00Z,test
7417,2025-03-08T18:00:00Z,2025-05-07T12:00:00Z,2025-05-07T18:00:00Z,2025-06-06T12:00:00Z,test
7418,2025-03-09T00:00:00Z,2025-05-07T18:00:00Z,2025-05-08T00:00:00Z,2025-06-06T18:00:00Z,test
7419,2025-03-09T06:00:00Z,2025-05-08T00:00:00Z,2025-05-08T06:00:00Z,2025-06-07T00:00:00Z,test
7420,2025-03-09T12:00:00Z,2025-05-08T06:00:00Z,2025-05-08T12:00:00Z,2025-06-07T06:00:00Z,test
7421,2025-03-09T18:00:00Z,2025-05-08T12:00:00Z,2025-05-08T18:00:00Z,2025-06-07T12:00:00Z,test
7422,2025-03-10T00:00:00Z,2025-05-08T18:00:00Z,2025-05-09T00:00:00Z,2025-06-07T18:00:00Z,test
7423,2025-03-10T06:00:00Z,2025-05-09T00:00:00Z,2025-05-09T06:00:00Z,2025-06-08T00:00:00Z,test
7424,2025-03-10T12:00:00Z,2025-05-09T06:00:00Z,2025-05-09T12:00:00Z,2025-06-08T06:00:00Z,test
7425,2025-03-10T18:00:00Z,2025-05-09T12:00:00Z,2025-05-09T18:00:00Z,2025-06-08T12:00:00Z,test
7426,2025-03-11T00:00:00Z,2025-05-09T18:00:00Z,2025-05-10T00:00:00Z,2025-06-08T18:00:00Z,test
7427,2025-03-11T06:00:00Z,2025-05-10T00:00:00Z,2025-05-10T06:00:00Z,2025-06-09T00:00:00Z,test
7428,2025-03-11T12:00:00Z,2025-05-10T06:00:00Z,2025-05-10T12:00:00Z,2025-06-09T06:00:00Z,test
7429,2025-03-11T18:00:00Z,2025-05-10T12:00:00Z,2025-05-10T18:00:00Z,2025-06-09T12:00:00Z,test
7430,2025-03-12T00:00:00Z,2025-05-10T18:00:00Z,2025-05-11T00:00:00Z,2025-06-09T18:00:00Z,test
7431,2025-03-12T06:00:00Z,2025-05-11T00:00:00Z,2025-05-11T06:00:00Z,2025-06-10T00:00:00Z,test
7432,2025-03-12T12:00:00Z,2025-05-11T06:00:00Z,2025-05-11T12:00:00Z,2025-06-10T06:00:00Z,test
7433,2025-03-12T18:00:00Z,2025-05-11T12:00:00Z,2025-05-11T18:00:00Z,2025-06-10T12:00:00Z,test
7434,2025-03-13T00:00:00Z,2025-05-11T18:00:00Z,2025-05-12T00:00:00Z,2025-06-10T18:00:00Z,test
7435,2025-03-13T06:00:00Z,2025-05-12T00:00:00Z,2025-05-12T06:00:00Z,2025-06-11T00:00:00Z,test
7436,2025-03-13T12:00:00Z,2025-05-12T06:00:00Z,2025-05-12T12:00:00Z,2025-06-11T06:00:00Z,test
7437,2025-03-13T18:00:00Z,2025-05-12T12:00:00Z,2025-05-12T18:00:00Z,2025-06-11T12:00:00Z,test
7438,2025-03-14T00:00:00Z,2025-05-12T18:00:00Z,2025-05-13T00:00:00Z,2025-06-11T18:00:00Z,test
7439,2025-03-14T06:00:00Z,2025-05-13T00:00:00Z,2025-05-13T06:00:00Z,2025-06-12T00:00:00Z,test
7440,2025-03-14T12:00:00Z,2025-05-13T06:00:00Z,2025-05-13T12:00:00Z,2025-06-12T06:00:00Z,test
7441,2025-03-14T18:00:00Z,2025-05-13T12:00:00Z,2025-05-13T18:00:00Z,2025-06-12T12:00:00Z,test
7442,2025-03-15T00:00:00Z,2025-05-13T18:00:00Z,2025-05-14T00:00:00Z,2025-06-12T18:00:00Z,test
7443,2025-03-15T06:00:00Z,2025-05-14T00:00:00Z,2025-05-14T06:00:00Z,2025-06-13T00:00:00Z,test
7444,2025-03-15T12:00:00Z,2025-05-14T06:00:00Z,2025-05-14T12:00:00Z,2025-06-13T06:00:00Z,test
7445,2025-03-15T18:00:00Z,2025-05-14T12:00:00Z,2025-05-14T18:00:00Z,2025-06-13T12:00:00Z,test
7446,2025-03-16T00:00:00Z,2025-05-14T18:00:00Z,2025-05-15T00:00:00Z,2025-06-13T18:00:00Z,test
7447,2025-03-16T06:00:00Z,2025-05-15T00:00:00Z,2025-05-15T06:00:00Z,2025-06-14T00:00:00Z,test
7448,2025-03-16T12:00:00Z,2025-05-15T06:00:00Z,2025-05-15T12:00:00Z,2025-06-14T06:00:00Z,test
7449,2025-03-16T18:00:00Z,2025-05-15T12:00:00Z,2025-05-15T18:00:00Z,2025-06-14T12:00:00Z,test
7450,2025-03-17T00:00:00Z,2025-05-15T18:00:00Z,2025-05-16T00:00:00Z,2025-06-14T18:00:00Z,test
7451,2025-03-17T06:00:00Z,2025-05-16T00:00:00Z,2025-05-16T06:00:00Z,2025-06-15T00:00:00Z,test
7452,2025-03-17T12:00:00Z,2025-05-16T06:00:00Z,2025-05-16T12:00:00Z,2025-06-15T06:00:00Z,test
7453,2025-03-17T18:00:00Z,2025-05-16T12:00:00Z,2025-05-16T18:00:00Z,2025-06-15T12:00:00Z,test
7454,2025-03-18T00:00:00Z,2025-05-16T18:00:00Z,2025-05-17T00:00:00Z,2025-06-15T18:00:00Z,test
7455,2025-03-18T06:00:00Z,2025-05-17T00:00:00Z,2025-05-17T06:00:00Z,2025-06-16T00:00:00Z,test
7456,2025-03-18T12:00:00Z,2025-05-17T06:00:00Z,2025-05-17T12:00:00Z,2025-06-16T06:00:00Z,test
7457,2025-03-18T18:00:00Z,2025-05-17T12:00:00Z,2025-05-17T18:00:00Z,2025-06-16T12:00:00Z,test
7458,2025-03-19T00:00:00Z,2025-05-17T18:00:00Z,2025-05-18T00:00:00Z,2025-06-16T18:00:00Z,test
7459,2025-03-19T06:00:00Z,2025-05-18T00:00:00Z,2025-05-18T06:00:00Z,2025-06-17T00:00:00Z,test
7460,2025-03-19T12:00:00Z,2025-05-18T06:00:00Z,2025-05-18T12:00:00Z,2025-06-17T06:00:00Z,test
7461,2025-03-19T18:00:00Z,2025-05-18T12:00:00Z,2025-05-18T18:00:00Z,2025-06-17T12:00:00Z,test
7462,2025-03-20T00:00:00Z,2025-05-18T18:00:00Z,2025-05-19T00:00:00Z,2025-06-17T18:00:00Z,test
7463,2025-03-20T06:00:00Z,2025-05-19T00:00:00Z,2025-05-19T06:00:00Z,2025-06-18T00:00:00Z,test
7464,2025-03-20T12:00:00Z,2025-05-19T06:00:00Z,2025-05-19T12:00:00Z,2025-06-18T06:00:00Z,test
7465,2025-03-20T18:00:00Z,2025-05-19T12:00:00Z,2025-05-19T18:00:00Z,2025-06-18T12:00:00Z,test
7466,2025-03-21T00:00:00Z,2025-05-19T18:00:00Z,2025-05-20T00:00:00Z,2025-06-18T18:00:00Z,test
7467,2025-03-21T06:00:00Z,2025-05-20T00:00:00Z,2025-05-20T06:00:00Z,2025-06-19T00:00:00Z,test
7468,2025-03-21T12:00:00Z,2025-05-20T06:00:00Z,2025-05-20T12:00:00Z,2025-06-19T06:00:00Z,test
7469,2025-03-21T18:00:00Z,2025-05-20T12:00:00Z,2025-05-20T18:00:00Z,2025-06-19T12:00:00Z,test
7470,2025-03-22T00:00:00Z,2025-05-20T18:00:00Z,2025-05-21T00:00:00Z,2025-06-19T18:00:00Z,test
7471,2025-03-22T06:00:00Z,2025-05-21T00:00:00Z,2025-05-21T06:00:00Z,2025-06-20T00:00:00Z,test
7472,2025-03-22T12:00:00Z,2025-05-21T06:00:00Z,2025-05-21T12:00:00Z,2025-06-20T06:00:00Z,test
7473,2025-03-22T18:00:00Z,2025-05-21T12:00:00Z,2025-05-21T18:00:00Z,2025-06-20T12:00:00Z,test
7474,2025-03-23T00:00:00Z,2025-05-21T18:00:00Z,2025-05-22T00:00:00Z,2025-06-20T18:00:00Z,test
7475,2025-03-23T06:00:00Z,2025-05-22T00:00:00Z,2025-05-22T06:00:00Z,2025-06-21T00:00:00Z,test
7476,2025-03-23T12:00:00Z,2025-05-22T06:00:00Z,2025-05-22T12:00:00Z,2025-06-21T06:00:00Z,test
7477,2025-03-23T18:00:00Z,2025-05-22T12:00:00Z,2025-05-22T18:00:00Z,2025-06-21T12:00:00Z,test
7478,2025-03-24T00:00:00Z,2025-05-22T18:00:00Z,2025-05-23T00:00:00Z,2025-06-21T18:00:00Z,test
7479,2025-03-24T06:00:00Z,2025-05-23T00:00:00Z,2025-05-23T06:00:00Z,2025-06-22T00:00:00Z,test
7480,2025-03-24T12:00:00Z,2025-05-23T06:00:00Z,2025-05-23T12:00:00Z,2025-06-22T06:00:00Z,test
7481,2025-03-24T18:00:00Z,2025-05-23T12:00:00Z,2025-05-23T18:00:00Z,2025-06-22T12:00:00Z,test
7482,2025-03-25T00:00:00Z,2025-05-23T18:00:00Z,2025-05-24T00:00:00Z,2025-06-22T18:00:00Z,test
7483,2025-03-25T06:00:00Z,2025-05-24T00:00:00Z,2025-05-24T06:00:00Z,2025-06-23T00:00:00Z,test
7484,2025-03-25T12:00:00Z,2025-05-24T06:00:00Z,2025-05-24T12:00:00Z,2025-06-23T06:00:00Z,test
7485,2025-03-25T18:00:00Z,2025-05-24T12:00:00Z,2025-05-24T18:00:00Z,2025-06-23T12:00:00Z,test
7486,2025-03-26T00:00:00Z,2025-05-24T18:00:00Z,2025-05-25T00:00:00Z,2025-06-23T18:00:00Z,test
7487,2025-03-26T06:00:00Z,2025-05-25T00:00:00Z,2025-05-25T06:00:00Z,2025-06-24T00:00:00Z,test
7488,2025-03-26T12:00:00Z,2025-05-25T06:00:00Z,2025-05-25T12:00:00Z,2025-06-24T06:00:00Z,test
7489,2025-03-26T18:00:00Z,2025-05-25T12:00:00Z,2025-05-25T18:00:00Z,2025-06-24T12:00:00Z,test
7490,2025-03-27T00:00:00Z,2025-05-25T18:00:00Z,2025-05-26T00:00:00Z,2025-06-24T18:00:00Z,test
7491,2025-03-27T06:00:00Z,2025-05-26T00:00:00Z,2025-05-26T06:00:00Z,2025-06-25T00:00:00Z,test
7492,2025-03-27T12:00:00Z,2025-05-26T06:00:00Z,2025-05-26T12:00:00Z,2025-06-25T06:00:00Z,test
7493,2025-03-27T18:00:00Z,2025-05-26T12:00:00Z,2025-05-26T18:00:00Z,2025-06-25T12:00:00Z,test
7494,2025-03-28T00:00:00Z,2025-05-26T18:00:00Z,2025-05-27T00:00:00Z,2025-06-25T18:00:00Z,test
7495,2025-03-28T06:00:00Z,2025-05-27T00:00:00Z,2025-05-27T06:00:00Z,2025-06-26T00:00:00Z,test
7496,2025-03-28T12:00:00Z,2025-05-27T06:00:00Z,2025-05-27T12:00:00Z,2025-06-26T06:00:00Z,test
7497,2025-03-28T18:00:00Z,2025-05-27T12:00:00Z,2025-05-27T18:00:00Z,2025-06-26T12:00:00Z,test
7498,2025-03-29T00:00:00Z,2025-05-27T18:00:00Z,2025-05-28T00:00:00Z,2025-06-26T18:00:00Z,test
7499,2025-03-29T06:00:00Z,2025-05-28T00:00:00Z,2025-05-28T06:00:00Z,2025-06-27T00:00:00Z,test
7500,2025-03-29T12:00:00Z,2025-05-28T06:00:00Z,2025-05-28T12:00:00Z,2025-06-27T06:00:00Z,test
7501,2025-03-29T18:00:00Z,2025-05-28T12:00:00Z,2025-05-28T18:00:00Z,2025-06-27T12:00:00Z,test
7502,2025-03-30T00:00:00Z,2025-05-28T18:00:00Z,2025-05-29T00:00:00Z,2025-06-27T18:00:00Z,test
7503,2025-03-30T06:00:00Z,2025-05-29T00:00:00Z,2025-05-29T06:00:00Z,2025-06-28T00:00:00Z,test
7504,2025-03-30T12:00:00Z,2025-05-29T06:00:00Z,2025-05-29T12:00:00Z,2025-06-28T06:00:00Z,test
7505,2025-03-30T18:00:00Z,2025-05-29T12:00:00Z,2025-05-29T18:00:00Z,2025-06-28T12:00:00Z,test
7506,2025-03-31T00:00:00Z,2025-05-29T18:00:00Z,2025-05-30T00:00:00Z,2025-06-28T18:00:00Z,test
7507,2025-03-31T06:00:00Z,2025-05-30T00:00:00Z,2025-05-30T06:00:00Z,2025-06-29T00:00:00Z,test
7508,2025-03-31T12:00:00Z,2025-05-30T06:00:00Z,2025-05-30T12:00:00Z,2025-06-29T06:00:00Z,test
7509,2025-03-31T18:00:00Z,2025-05-30T12:00:00Z,2025-05-30T18:00:00Z,2025-06-29T12:00:00Z,test
7510,2025-04-01T00:00:00Z,2025-05-30T18:00:00Z,2025-05-31T00:00:00Z,2025-06-29T18:00:00Z,test
7511,2025-04-01T06:00:00Z,2025-05-31T00:00:00Z,2025-05-31T06:00:00Z,2025-06-30T00:00:00Z,test
7512,2025-04-01T12:00:00Z,2025-05-31T06:00:00Z,2025-05-31T12:00:00Z,2025-06-30T06:00:00Z,test
7513,2025-04-01T18:00:00Z,2025-05-31T12:00:00Z,2025-05-31T18:00:00Z,2025-06-30T12:00:00Z,test
7514,2025-04-02T00:00:00Z,2025-05-31T18:00:00Z,2025-06-01T00:00:00Z,2025-06-30T18:00:00Z,test
7515,2025-04-02T06:00:00Z,2025-06-01T00:00:00Z,2025-06-01T06:00:00Z,2025-07-01T00:00:00Z,test
7516,2025-04-02T12:00:00Z,2025-06-01T06:00:00Z,2025-06-01T12:00:00Z,2025-07-01T06:00:00Z,test
7517,2025-04-02T18:00:00Z,2025-06-01T12:00:00Z,2025-06-01T18:00:00Z,2025-07-01T12:00:00Z,test
7518,2025-04-03T00:00:00Z,2025-06-01T18:00:00Z,2025-06-02T00:00:00Z,2025-07-01T18:00:00Z,test
7519,2025-04-03T06:00:00Z,2025-06-02T00:00:00Z,2025-06-02T06:00:00Z,2025-07-02T00:00:00Z,test
7520,2025-04-03T12:00:00Z,2025-06-02T06:00:00Z,2025-06-02T12:00:00Z,2025-07-02T06:00:00Z,test
7521,2025-04-03T18:00:00Z,2025-06-02T12:00:00Z,2025-06-02T18:00:00Z,2025-07-02T12:00:00Z,test
7522,2025-04-04T00:00:00Z,2025-06-02T18:00:00Z,2025-06-03T00:00:00Z,2025-07-02T18:00:00Z,test
7523,2025-04-04T06:00:00Z,2025-06-03T00:00:00Z,2025-06-03T06:00:00Z,2025-07-03T00:00:00Z,test
7524,2025-04-04T12:00:00Z,2025-06-03T06:00:00Z,2025-06-03T12:00:00Z,2025-07-03T06:00:00Z,test
7525,2025-04-04T18:00:00Z,2025-06-03T12:00:00Z,2025-06-03T18:00:00Z,2025-07-03T12:00:00Z,test
7526,2025-04-05T00:00:00Z,2025-06-03T18:00:00Z,2025-06-04T00:00:00Z,2025-07-03T18:00:00Z,test
7527,2025-04-05T06:00:00Z,2025-06-04T00:00:00Z,2025-06-04T06:00:00Z,2025-07-04T00:00:00Z,test
7528,2025-04-05T12:00:00Z,2025-06-04T06:00:00Z,2025-06-04T12:00:00Z,2025-07-04T06:00:00Z,test
7529,2025-04-05T18:00:00Z,2025-06-04T12:00:00Z,2025-06-04T18:00:00Z,2025-07-04T12:00:00Z,test
7530,2025-04-06T00:00:00Z,2025-06-04T18:00:00Z,2025-06-05T00:00:00Z,2025-07-04T18:00:00Z,test
7531,2025-04-06T06:00:00Z,2025-06-05T00:00:00Z,2025-06-05T06:00:00Z,2025-07-05T00:00:00Z,test
7532,2025-04-06T12:00:00Z,2025-06-05T06:00:00Z,2025-06-05T12:00:00Z,2025-07-05T06:00:00Z,test
7533,2025-04-06T18:00:00Z,2025-06-05T12:00:00Z,2025-06-05T18:00:00Z,2025-07-05T12:00:00Z,test
7534,2025-04-07T00:00:00Z,2025-06-05T18:00:00Z,2025-06-06T00:00:00Z,2025-07-05T18:00:00Z,test
7535,2025-04-07T06:00:00Z,2025-06-06T00:00:00Z,2025-06-06T06:00:00Z,2025-07-06T00:00:00Z,test
7536,2025-04-07T12:00:00Z,2025-06-06T06:00:00Z,2025-06-06T12:00:00Z,2025-07-06T06:00:00Z,test
7537,2025-04-07T18:00:00Z,2025-06-06T12:00:00Z,2025-06-06T18:00:00Z,2025-07-06T12:00:00Z,test
7538,2025-04-08T00:00:00Z,2025-06-06T18:00:00Z,2025-06-07T00:00:00Z,2025-07-06T18:00:00Z,test
7539,2025-04-08T06:00:00Z,2025-06-07T00:00:00Z,2025-06-07T06:00:00Z,2025-07-07T00:00:00Z,test
7540,2025-04-08T12:00:00Z,2025-06-07T06:00:00Z,2025-06-07T12:00:00Z,2025-07-07T06:00:00Z,test
7541,2025-04-08T18:00:00Z,2025-06-07T12:00:00Z,2025-06-07T18:00:00Z,2025-07-07T12:00:00Z,test
7542,2025-04-09T00:00:00Z,2025-06-07T18:00:00Z,2025-06-08T00:00:00Z,2025-07-07T18:00:00Z,test
7543,2025-04-09T06:00:00Z,2025-06-08T00:00:00Z,2025-06-08T06:00:00Z,2025-07-08T00:00:00Z,test
7544,2025-04-09T12:00:00Z,2025-06-08T06:00:00Z,2025-06-08T12:00:00Z,2025-07-08T06:00:00Z,test
7545,2025-04-09T18:00:00Z,2025-06-08T12:00:00Z,2025-06-08T18:00:00Z,2025-07-08T12:00:00Z,test
7546,2025-04-10T00:00:00Z,2025-06-08T18:00:00Z,2025-06-09T00:00:00Z,2025-07-08T18:00:00Z,test
7547,2025-04-10T06:00:00Z,2025-06-09T00:00:00Z,2025-06-09T06:00:00Z,2025-07-09T00:00:00Z,test
7548,2025-04-10T12:00:00Z,2025-06-09T06:00:00Z,2025-06-09T12:00:00Z,2025-07-09T06:00:00Z,test
7549,2025-04-10T18:00:00Z,2025-06-09T12:00:00Z,2025-06-09T18:00:00Z,2025-07-09T12:00:00Z,test
7550,2025-04-11T00:00:00Z,2025-06-09T18:00:00Z,2025-06-10T00:00:00Z,2025-07-09T18:00:00Z,test
7551,2025-04-11T06:00:00Z,2025-06-10T00:00:00Z,2025-06-10T06:00:00Z,2025-07-10T00:00:00Z,test
7552,2025-04-11T12:00:00Z,2025-06-10T06:00:00Z,2025-06-10T12:00:00Z,2025-07-10T06:00:00Z,test
7553,2025-04-11T18:00:00Z,2025-06-10T12:00:00Z,2025-06-10T18:00:00Z,2025-07-10T12:00:00Z,test
7554,2025-04-12T00:00:00Z,2025-06-10T18:00:00Z,2025-06-11T00:00:00Z,2025-07-10T18:00:00Z,test
7555,2025-04-12T06:00:00Z,2025-06-11T00:00:00Z,2025-06-11T06:00:00Z,2025-07-11T00:00:00Z,test
7556,2025-04-12T12:00:00Z,2025-06-11T06:00:00Z,2025-06-11T12:00:00Z,2025-07-11T06:00:00Z,test
7557,2025-04-12T18:00:00Z,2025-06-11T12:00:00Z,2025-06-11T18:00:00Z,2025-07-11T12:00:00Z,test
7558,2025-04-13T00:00:00Z,2025-06-11T18:00:00Z,2025-06-12T00:00:00Z,2025-07-11T18:00:00Z,test
7559,2025-04-13T06:00:00Z,2025-06-12T00:00:00Z,2025-06-12T06:00:00Z,2025-07-12T00:00:00Z,test
7560,2025-04-13T12:00:00Z,2025-06-12T06:00:00Z,2025-06-12T12:00:00Z,2025-07-12T06:00:00Z,test
7561,2025-04-13T18:00:00Z,2025-06-12T12:00:00Z,2025-06-12T18:00:00Z,2025-07-12T12:00:00Z,test
7562,2025-04-14T00:00:00Z,2025-06-12T18:00:00Z,2025-06-13T00:00:00Z,2025-07-12T18:00:00Z,test
7563,2025-04-14T06:00:00Z,2025-06-13T00:00:00Z,2025-06-13T06:00:00Z,2025-07-13T00:00:00Z,test
7564,2025-04-14T12:00:00Z,2025-06-13T06:00:00Z,2025-06-13T12:00:00Z,2025-07-13T06:00:00Z,test
7565,2025-04-14T18:00:00Z,2025-06-13T12:00:00Z,2025-06-13T18:00:00Z,2025-07-13T12:00:00Z,test
7566,2025-04-15T00:00:00Z,2025-06-13T18:00:00Z,2025-06-14T00:00:00Z,2025-07-13T18:00:00Z,test
7567,2025-04-15T06:00:00Z,2025-06-14T00:00:00Z,2025-06-14T06:00:00Z,2025-07-14T00:00:00Z,test
7568,2025-04-15T12:00:00Z,2025-06-14T06:00:00Z,2025-06-14T12:00:00Z,2025-07-14T06:00:00Z,test
7569,2025-04-15T18:00:00Z,2025-06-14T12:00:00Z,2025-06-14T18:00:00Z,2025-07-14T12:00:00Z,test
7570,2025-04-16T00:00:00Z,2025-06-14T18:00:00Z,2025-06-15T00:00:00Z,2025-07-14T18:00:00Z,test
7571,2025-04-16T06:00:00Z,2025-06-15T00:00:00Z,2025-06-15T06:00:00Z,2025-07-15T00:00:00Z,test
7572,2025-04-16T12:00:00Z,2025-06-15T06:00:00Z,2025-06-15T12:00:00Z,2025-07-15T06:00:00Z,test
7573,2025-04-16T18:00:00Z,2025-06-15T12:00:00Z,2025-06-15T18:00:00Z,2025-07-15T12:00:00Z,test
7574,2025-04-17T00:00:00Z,2025-06-15T18:00:00Z,2025-06-16T00:00:00Z,2025-07-15T18:00:00Z,test
7575,2025-04-17T06:00:00Z,2025-06-16T00:00:00Z,2025-06-16T06:00:00Z,2025-07-16T00:00:00Z,test
7576,2025-04-17T12:00:00Z,2025-06-16T06:00:00Z,2025-06-16T12:00:00Z,2025-07-16T06:00:00Z,test
7577,2025-04-17T18:00:00Z,2025-06-16T12:00:00Z,2025-06-16T18:00:00Z,2025-07-16T12:00:00Z,test
7578,2025-04-18T00:00:00Z,2025-06-16T18:00:00Z,2025-06-17T00:00:00Z,2025-07-16T18:00:00Z,test
7579,2025-04-18T06:00:00Z,2025-06-17T00:00:00Z,2025-06-17T06:00:00Z,2025-07-17T00:00:00Z,test
7580,2025-04-18T12:00:00Z,2025-06-17T06:00:00Z,2025-06-17T12:00:00Z,2025-07-17T06:00:00Z,test
7581,2025-04-18T18:00:00Z,2025-06-17T12:00:00Z,2025-06-17T18:00:00Z,2025-07-17T12:00:00Z,test
7582,2025-04-19T00:00:00Z,2025-06-17T18:00:00Z,2025-06-18T00:00:00Z,2025-07-17T18:00:00Z,test
7583,2025-04-19T06:00:00Z,2025-06-18T00:00:00Z,2025-06-18T06:00:00Z,2025-07-18T00:00:00Z,test
7584,2025-04-19T12:00:00Z,2025-06-18T06:00:00Z,2025-06-18T12:00:00Z,2025-07-18T06:00:00Z,test
7585,2025-04-19T18:00:00Z,2025-06-18T12:00:00Z,2025-06-18T18:00:00Z,2025-07-18T12:00:00Z,test
7586,2025-04-20T00:00:00Z,2025-06-18T18:00:00Z,2025-06-19T00:00:00Z,2025-07-18T18:00:00Z,test
7587,2025-04-20T06:00:00Z,2025-06-19T00:00:00Z,2025-06-19T06:00:00Z,2025-07-19T00:00:00Z,test
7588,2025-04-20T12:00:00Z,2025-06-19T06:00:00Z,2025-06-19T12:00:00Z,2025-07-19T06:00:00Z,test
7589,2025-04-20T18:00:00Z,2025-06-19T12:00:00Z,2025-06-19T18:00:00Z,2025-07-19T12:00:00Z,test
7590,2025-04-21T00:00:00Z,2025-06-19T18:00:00Z,2025-06-20T00:00:00Z,2025-07-19T18:00:00Z,test
7591,2025-04-21T06:00:00Z,2025-06-20T00:00:00Z,2025-06-20T06:00:00Z,2025-07-20T00:00:00Z,test
7592,2025-04-21T12:00:00Z,2025-06-20T06:00:00Z,2025-06-20T12:00:00Z,2025-07-20T06:00:00Z,test
7593,2025-04-21T18:00:00Z,2025-06-20T12:00:00Z,2025-06-20T18:00:00Z,2025-07-20T12:00:00Z,test
7594,2025-04-22T00:00:00Z,2025-06-20T18:00:00Z,2025-06-21T00:00:00Z,2025-07-20T18:00:00Z,test
7595,2025-04-22T06:00:00Z,2025-06-21T00:00:00Z,2025-06-21T06:00:00Z,2025-07-21T00:00:00Z,test
7596,2025-04-22T12:00:00Z,2025-06-21T06:00:00Z,2025-06-21T12:00:00Z,2025-07-21T06:00:00Z,test
7597,2025-04-22T18:00:00Z,2025-06-21T12:00:00Z,2025-06-21T18:00:00Z,2025-07-21T12:00:00Z,test
7598,2025-04-23T00:00:00Z,2025-06-21T18:00:00Z,2025-06-22T00:00:00Z,2025-07-21T18:00:00Z,test
7599,2025-04-23T06:00:00Z,2025-06-22T00:00:00Z,2025-06-22T06:00:00Z,2025-07-22T00:00:00Z,test
7600,2025-04-23T12:00:00Z,2025-06-22T06:00:00Z,2025-06-22T12:00:00Z,2025-07-22T06:00:00Z,test
7601,2025-04-23T18:00:00Z,2025-06-22T12:00:00Z,2025-06-22T18:00:00Z,2025-07-22T12:00:00Z,test
7602,2025-04-24T00:00:00Z,2025-06-22T18:00:00Z,2025-06-23T00:00:00Z,2025-07-22T18:00:00Z,test
7603,2025-04-24T06:00:00Z,2025-06-23T00:00:00Z,2025-06-23T06:00:00Z,2025-07-23T00:00:00Z,test
7604,2025-04-24T12:00:00Z,2025-06-23T06:00:00Z,2025-06-23T12:00:00Z,2025-07-23T06:00:00Z,test
7605,2025-04-24T18:00:00Z,2025-06-23T12:00:00Z,2025-06-23T18:00:00Z,2025-07-23T12:00:00Z,test
7606,2025-04-25T00:00:00Z,2025-06-23T18:00:00Z,2025-06-24T00:00:00Z,2025-07-23T18:00:00Z,test
7607,2025-04-25T06:00:00Z,2025-06-24T00:00:00Z,2025-06-24T06:00:00Z,2025-07-24T00:00:00Z,test
7608,2025-04-25T12:00:00Z,2025-06-24T06:00:00Z,2025-06-24T12:00:00Z,2025-07-24T06:00:00Z,test
7609,2025-04-25T18:00:00Z,2025-06-24T12:00:00Z,2025-06-24T18:00:00Z,2025-07-24T12:00:00Z,test
7610,2025-04-26T00:00:00Z,2025-06-24T18:00:00Z,2025-06-25T00:00:00Z,2025-07-24T18:00:00Z,test
7611,2025-04-26T06:00:00Z,2025-06-25T00:00:00Z,2025-06-25T06:00:00Z,2025-07-25T00:00:00Z,test
7612,2025-04-26T12:00:00Z,2025-06-25T06:00:00Z,2025-06-25T12:00:00Z,2025-07-25T06:00:00Z,test
7613,2025-04-26T18:00:00Z,2025-06-25T12:00:00Z,2025-06-25T18:00:00Z,2025-07-25T12:00:00Z,test
7614,2025-04-27T00:00:00Z,2025-06-25T18:00:00Z,2025-06-26T00:00:00Z,2025-07-25T18:00:00Z,test
7615,2025-04-27T06:00:00Z,2025-06-26T00:00:00Z,2025-06-26T06:00:00Z,2025-07-26T00:00:00Z,test
7616,2025-04-27T12:00:00Z,2025-06-26T06:00:00Z,2025-06-26T12:00:00Z,2025-07-26T06:00:00Z,test
7617,2025-04-27T18:00:00Z,2025-06-26T12:00:00Z,2025-06-26T18:00:00Z,2025-07-26T12:00:00Z,test
7618,2025-04-28T00:00:00Z,2025-06-26T18:00:00Z,2025-06-27T00:00:00Z,2025-07-26T18:00:00Z,test
7619,2025-04-28T06:00:00Z,2025-06-27T00:00:00Z,2025-06-27T06:00:00Z,2025-07-27T00:00:00Z,test
7620,2025-04-28T12:00:00Z,2025-06-27T06:00:00Z,2025-06-27T12:00:00Z,2025-07-27T06:00:00Z,test
7621,2025-04-28T18:00:00Z,2025-06-27T12:00:00Z,2025-06-27T18:00:00Z,2025-07-27T12:00:00Z,test
7622,2025-04-29T00:00:00Z,2025-06-27T18:00:00Z,2025-06-28T00:00:00Z,2025-07-27T18:00:00Z,test
7623,2025-04-29T06:00:00Z,2025-06-28T00:00:00Z,2025-06-28T06:00:00Z,2025-07-28T00:00:00Z,test
7624,2025-04-29T12:00:00Z,2025-06-28T06:00:00Z,2025-06-28T12:00:00Z,2025-07-28T06:00:00Z,test
7625,2025-04-29T18:00:00Z,2025-06-28T12:00:00Z,2025-06-28T18:00:00Z,2025-07-28T12:00:00Z,test
7626,2025-04-30T00:00:00Z,2025-06-28T18:00:00Z,2025-06-29T00:00:00Z,2025-07-28T18:00:00Z,test
7627,2025-04-30T06:00:00Z,2025-06-29T00:00:00Z,2025-06-29T06:00:00Z,2025-07-29T00:00:00Z,test
7628,2025-04-30T12:00:00Z,2025-06-29T06:00:00Z,2025-06-29T12:00:00Z,2025-07-29T06:00:00Z,test
7629,2025-04-30T18:00:00Z,2025-06-29T12:00:00Z,2025-06-29T18:00:00Z,2025-07-29T12:00:00Z,test
7630,2025-05-01T00:00:00Z,2025-06-29T18:00:00Z,2025-06-30T00:00:00Z,2025-07-29T18:00:00Z,test
7631,2025-05-01T06:00:00Z,2025-06-30T00:00:00Z,2025-06-30T06:00:00Z,2025-07-30T00:00:00Z,test
7632,2025-05-01T12:00:00Z,2025-06-30T06:00:00Z,2025-06-30T12:00:00Z,2025-07-30T06:00:00Z,test
7633,2025-05-01T18:00:00Z,2025-06-30T12:00:00Z,2025-06-30T18:00:00Z,2025-07-30T12:00:00Z,test
7634,2025-05-02T00:00:00Z,2025-06-30T18:00:00Z,2025-07-01T00:00:00Z,2025-07-30T18:00:00Z,test
7635,2025-05-02T06:00:00Z,2025-07-01T00:00:00Z,2025-07-01T06:00:00Z,2025-07-31T00:00:00Z,test
7636,2025-05-02T12:00:00Z,2025-07-01T06:00:00Z,2025-07-01T12:00:00Z,2025-07-31T06:00:00Z,test
7637,2025-05-02T18:00:00Z,2025-07-01T12:00:00Z,2025-07-01T18:00:00Z,2025-07-31T12:00:00Z,test
7638,2025-05-03T00:00:00Z,2025-07-01T18:00:00Z,2025-07-02T00:00:00Z,2025-07-31T18:00:00Z,test
7639,2025-05-03T06:00:00Z,2025-07-02T00:00:00Z,2025-07-02T06:00:00Z,2025-08-01T00:00:00Z,test
7640,2025-05-03T12:00:00Z,2025-07-02T06:00:00Z,2025-07-02T12:00:00Z,2025-08-01T06:00:00Z,test
7641,2025-05-03T18:00:00Z,2025-07-02T12:00:00Z,2025-07-02T18:00:00Z,2025-08-01T12:00:00Z,test
7642,2025-05-04T00:00:00Z,2025-07-02T18:00:00Z,2025-07-03T00:00:00Z,2025-08-01T18:00:00Z,test
7643,2025-05-04T06:00:00Z,2025-07-03T00:00:00Z,2025-07-03T06:00:00Z,2025-08-02T00:00:00Z,test
7644,2025-05-04T12:00:00Z,2025-07-03T06:00:00Z,2025-07-03T12:00:00Z,2025-08-02T06:00:00Z,test
7645,2025-05-04T18:00:00Z,2025-07-03T12:00:00Z,2025-07-03T18:00:00Z,2025-08-02T12:00:00Z,test
7646,2025-05-05T00:00:00Z,2025-07-03T18:00:00Z,2025-07-04T00:00:00Z,2025-08-02T18:00:00Z,test
7647,2025-05-05T06:00:00Z,2025-07-04T00:00:00Z,2025-07-04T06:00:00Z,2025-08-03T00:00:00Z,test
7648,2025-05-05T12:00:00Z,2025-07-04T06:00:00Z,2025-07-04T12:00:00Z,2025-08-03T06:00:00Z,test
7649,2025-05-05T18:00:00Z,2025-07-04T12:00:00Z,2025-07-04T18:00:00Z,2025-08-03T12:00:00Z,test
7650,2025-05-06T00:00:00Z,2025-07-04T18:00:00Z,2025-07-05T00:00:00Z,2025-08-03T18:00:00Z,test
7651,2025-05-06T06:00:00Z,2025-07-05T00:00:00Z,2025-07-05T06:00:00Z,2025-08-04T00:00:00Z,test
7652,2025-05-06T12:00:00Z,2025-07-05T06:00:00Z,2025-07-05T12:00:00Z,2025-08-04T06:00:00Z,test
7653,2025-05-06T18:00:00Z,2025-07-05T12:00:00Z,2025-07-05T18:00:00Z,2025-08-04T12:00:00Z,test
7654,2025-05-07T00:00:00Z,2025-07-05T18:00:00Z,2025-07-06T00:00:00Z,2025-08-04T18:00:00Z,test
7655,2025-05-07T06:00:00Z,2025-07-06T00:00:00Z,2025-07-06T06:00:00Z,2025-08-05T00:00:00Z,test
7656,2025-05-07T12:00:00Z,2025-07-06T06:00:00Z,2025-07-06T12:00:00Z,2025-08-05T06:00:00Z,test
7657,2025-05-07T18:00:00Z,2025-07-06T12:00:00Z,2025-07-06T18:00:00Z,2025-08-05T12:00:00Z,test
7658,2025-05-08T00:00:00Z,2025-07-06T18:00:00Z,2025-07-07T00:00:00Z,2025-08-05T18:00:00Z,test
7659,2025-05-08T06:00:00Z,2025-07-07T00:00:00Z,2025-07-07T06:00:00Z,2025-08-06T00:00:00Z,test
7660,2025-05-08T12:00:00Z,2025-07-07T06:00:00Z,2025-07-07T12:00:00Z,2025-08-06T06:00:00Z,test
7661,2025-05-08T18:00:00Z,2025-07-07T12:00:00Z,2025-07-07T18:00:00Z,2025-08-06T12:00:00Z,test
7662,2025-05-09T00:00:00Z,2025-07-07T18:00:00Z,2025-07-08T00:00:00Z,2025-08-06T18:00:00Z,test
7663,2025-05-09T06:00:00Z,2025-07-08T00:00:00Z,2025-07-08T06:00:00Z,2025-08-07T00:00:00Z,test
7664,2025-05-09T12:00:00Z,2025-07-08T06:00:00Z,2025-07-08T12:00:00Z,2025-08-07T06:00:00Z,test
7665,2025-05-09T18:00:00Z,2025-07-08T12:00:00Z,2025-07-08T18:00:00Z,2025-08-07T12:00:00Z,test
7666,2025-05-10T00:00:00Z,2025-07-08T18:00:00Z,2025-07-09T00:00:00Z,2025-08-07T18:00:00Z,test
7667,2025-05-10T06:00:00Z,2025-07-09T00:00:00Z,2025-07-09T06:00:00Z,2025-08-08T00:00:00Z,test
7668,2025-05-10T12:00:00Z,2025-07-09T06:00:00Z,2025-07-09T12:00:00Z,2025-08-08T06:00:00Z,test
7669,2025-05-10T18:00:00Z,2025-07-09T12:00:00Z,2025-07-09T18:00:00Z,2025-08-08T12:00:00Z,test
7670,2025-05-11T00:00:00Z,2025-07-09T18:00:00Z,2025-07-10T00:00:00Z,2025-08-08T18:00:00Z,test
7671,2025-05-11T06:00:00Z,2025-07-10T00:00:00Z,2025-07-10T06:00:00Z,2025-08-09T00:00:00Z,test
7672,2025-05-11T12:00:00Z,2025-07-10T06:00:00Z,2025-07-10T12:00:00Z,2025-08-09T06:00:00Z,test
7673,2025-05-11T18:00:00Z,2025-07-10T12:00:00Z,2025-07-10T18:00:00Z,2025-08-09T12:00:00Z,test
7674,2025-05-12T00:00:00Z,2025-07-10T18:00:00Z,2025-07-11T00:00:00Z,2025-08-09T18:00:00Z,test
7675,2025-05-12T06:00:00Z,2025-07-11T00:00:00Z,2025-07-11T06:00:00Z,2025-08-10T00:00:00Z,test
7676,2025-05-12T12:00:00Z,2025-07-11T06:00:00Z,2025-07-11T12:00:00Z,2025-08-10T06:00:00Z,test
7677,2025-05-12T18:00:00Z,2025-07-11T12:00:00Z,2025-07-11T18:00:00Z,2025-08-10T12:00:00Z,test
7678,2025-05-13T00:00:00Z,2025-07-11T18:00:00Z,2025-07-12T00:00:00Z,2025-08-10T18:00:00Z,test
7679,2025-05-13T06:00:00Z,2025-07-12T00:00:00Z,2025-07-12T06:00:00Z,2025-08-11T00:00:00Z,test
7680,2025-05-13T12:00:00Z,2025-07-12T06:00:00Z,2025-07-12T12:00:00Z,2025-08-11T06:00:00Z,test
7681,2025-05-13T18:00:00Z,2025-07-12T12:00:00Z,2025-07-12T18:00:00Z,2025-08-11T12:00:00Z,test
7682,2025-05-14T00:00:00Z,2025-07-12T18:00:00Z,2025-07-13T00:00:00Z,2025-08-11T18:00:00Z,test
7683,2025-05-14T06:00:00Z,2025-07-13T00:00:00Z,2025-07-13T06:00:00Z,2025-08-12T00:00:00Z,test
7684,2025-05-14T12:00:00Z,2025-07-13T06:00:00Z,2025-07-13T12:00:00Z,2025-08-12T06:00:00Z,test
7685,2025-05-14T18:00:00Z,2025-07-13T12:00:00Z,2025-07-13T18:00:00Z,2025-08-12T12:00:00Z,test
7686,2025-05-15T00:00:00Z,2025-07-13T18:00:00Z,2025-07-14T00:00:00Z,2025-08-12T18:00:00Z,test
7687,2025-05-15T06:00:00Z,2025-07-14T00:00:00Z,2025-07-14T06:00:00Z,2025-08-13T00:00:00Z,test
7688,2025-05-15T12:00:00Z,2025-07-14T06:00:00Z,2025-07-14T12:00:00Z,2025-08-13T06:00:00Z,test
7689,2025-05-15T18:00:00Z,2025-07-14T12:00:00Z,2025-07-14T18:00:00Z,2025-08-13T12:00:00Z,test
7690,2025-05-16T00:00:00Z,2025-07-14T18:00:00Z,2025-07-15T00:00:00Z,2025-08-13T18:00:00Z,test
7691,2025-05-16T06:00:00Z,2025-07-15T00:00:00Z,2025-07-15T06:00:00Z,2025-08-14T00:00:00Z,test
7692,2025-05-16T12:00:00Z,2025-07-15T06:00:00Z,2025-07-15T12:00:00Z,2025-08-14T06:00:00Z,test
7693,2025-05-16T18:00:00Z,2025-07-15T12:00:00Z,2025-07-15T18:00:00Z,2025-08-14T12:00:00Z,test
7694,2025-05-17T00:00:00Z,2025-07-15T18:00:00Z,2025-07-16T00:00:00Z,2025-08-14T18:00:00Z,test
7695,2025-05-17T06:00:00Z,2025-07-16T00:00:00Z,2025-07-16T06:00:00Z,2025-08-15T00:00:00Z,test
7696,2025-05-17T12:00:00Z,2025-07-16T06:00:00Z,2025-07-16T12:00:00Z,2025-08-15T06:00:00Z,test
7697,2025-05-17T18:00:00Z,2025-07-16T12:00:00Z,2025-07-16T18:00:00Z,2025-08-15T12:00:00Z,test
7698,2025-05-18T00:00:00Z,2025-07-16T18:00:00Z,2025-07-17T00:00:00Z,2025-08-15T18:00:00Z,test
7699,2025-05-18T06:00:00Z,2025-07-17T00:00:00Z,2025-07-17T06:00:00Z,2025-08-16T00:00:00Z,test
7700,2025-05-18T12:00:00Z,2025-07-17T06:00:00Z,2025-07-17T12:00:00Z,2025-08-16T06:00:00Z,test
7701,2025-05-18T18:00:00Z,2025-07-17T12:00:00Z,2025-07-17T18:00:00Z,2025-08-16T12:00:00Z,test
7702,2025-05-19T00:00:00Z,2025-07-17T18:00:00Z,2025-07-18T00:00:00Z,2025-08-16T18:00:00Z,test
7703,2025-05-19T06:00:00Z,2025-07-18T00:00:00Z,2025-07-18T06:00:00Z,2025-08-17T00:00:00Z,test
7704,2025-05-19T12:00:00Z,2025-07-18T06:00:00Z,2025-07-18T12:00:00Z,2025-08-17T06:00:00Z,test
7705,2025-05-19T18:00:00Z,2025-07-18T12:00:00Z,2025-07-18T18:00:00Z,2025-08-17T12:00:00Z,test
7706,2025-05-20T00:00:00Z,2025-07-18T18:00:00Z,2025-07-19T00:00:00Z,2025-08-17T18:00:00Z,test
7707,2025-05-20T06:00:00Z,2025-07-19T00:00:00Z,2025-07-19T06:00:00Z,2025-08-18T00:00:00Z,test
7708,2025-05-20T12:00:00Z,2025-07-19T06:00:00Z,2025-07-19T12:00:00Z,2025-08-18T06:00:00Z,test
7709,2025-05-20T18:00:00Z,2025-07-19T12:00:00Z,2025-07-19T18:00:00Z,2025-08-18T12:00:00Z,test
7710,2025-05-21T00:00:00Z,2025-07-19T18:00:00Z,2025-07-20T00:00:00Z,2025-08-18T18:00:00Z,test
7711,2025-05-21T06:00:00Z,2025-07-20T00:00:00Z,2025-07-20T06:00:00Z,2025-08-19T00:00:00Z,test
7712,2025-05-21T12:00:00Z,2025-07-20T06:00:00Z,2025-07-20T12:00:00Z,2025-08-19T06:00:00Z,test
7713,2025-05-21T18:00:00Z,2025-07-20T12:00:00Z,2025-07-20T18:00:00Z,2025-08-19T12:00:00Z,test
7714,2025-05-22T00:00:00Z,2025-07-20T18:00:00Z,2025-07-21T00:00:00Z,2025-08-19T18:00:00Z,test
7715,2025-05-22T06:00:00Z,2025-07-21T00:00:00Z,2025-07-21T06:00:00Z,2025-08-20T00:00:00Z,test
7716,2025-05-22T12:00:00Z,2025-07-21T06:00:00Z,2025-07-21T12:00:00Z,2025-08-20T06:00:00Z,test
7717,2025-05-22T18:00:00Z,2025-07-21T12:00:00Z,2025-07-21T18:00:00Z,2025-08-20T12:00:00Z,test
7718,2025-05-23T00:00:00Z,2025-07-21T18:00:00Z,2025-07-22T00:00:00Z,2025-08-20T18:00:00Z,test
7719,2025-05-23T06:00:00Z,2025-07-22T00:00:00Z,2025-07-22T06:00:00Z,2025-08-21T00:00:00Z,test
7720,2025-05-23T12:00:00Z,2025-07-22T06:00:00Z,2025-07-22T12:00:00Z,2025-08-21T06:00:00Z,test
7721,2025-05-23T18:00:00Z,2025-07-22T12:00:00Z,2025-07-22T18:00:00Z,2025-08-21T12:00:00Z,test
7722,2025-05-24T00:00:00Z,2025-07-22T18:00:00Z,2025-07-23T00:00:00Z,2025-08-21T18:00:00Z,test
7723,2025-05-24T06:00:00Z,2025-07-23T00:00:00Z,2025-07-23T06:00:00Z,2025-08-22T00:00:00Z,test
7724,2025-05-24T12:00:00Z,2025-07-23T06:00:00Z,2025-07-23T12:00:00Z,2025-08-22T06:00:00Z,test
7725,2025-05-24T18:00:00Z,2025-07-23T12:00:00Z,2025-07-23T18:00:00Z,2025-08-22T12:00:00Z,test
7726,2025-05-25T00:00:00Z,2025-07-23T18:00:00Z,2025-07-24T00:00:00Z,2025-08-22T18:00:00Z,test
7727,2025-05-25T06:00:00Z,2025-07-24T00:00:00Z,2025-07-24T06:00:00Z,2025-08-23T00:00:00Z,test
7728,2025-05-25T12:00:00Z,2025-07-24T06:00:00Z,2025-07-24T12:00:00Z,2025-08-23T06:00:00Z,test
7729,2025-05-25T18:00:00Z,2025-07-24T12:00:00Z,2025-07-24T18:00:00Z,2025-08-23T12:00:00Z,test
7730,2025-05-26T00:00:00Z,2025-07-24T18:00:00Z,2025-07-25T00:00:00Z,2025-08-23T18:00:00Z,test
7731,2025-05-26T06:00:00Z,2025-07-25T00:00:00Z,2025-07-25T06:00:00Z,2025-08-24T00:00:00Z,test
7732,2025-05-26T12:00:00Z,2025-07-25T06:00:00Z,2025-07-25T12:00:00Z,2025-08-24T06:00:00Z,test
7733,2025-05-26T18:00:00Z,2025-07-25T12:00:00Z,2025-07-25T18:00:00Z,2025-08-24T12:00:00Z,test
7734,2025-05-27T00:00:00Z,2025-07-25T18:00:00Z,2025-07-26T00:00:00Z,2025-08-24T18:00:00Z,test
7735,2025-05-27T06:00:00Z,2025-07-26T00:00:00Z,2025-07-26T06:00:00Z,2025-08-25T00:00:00Z,test
7736,2025-05-27T12:00:00Z,2025-07-26T06:00:00Z,2025-07-26T12:00:00Z,2025-08-25T06:00:00Z,test
7737,2025-05-27T18:00:00Z,2025-07-26T12:00:00Z,2025-07-26T18:00:00Z,2025-08-25T12:00:00Z,test
7738,2025-05-28T00:00:00Z,2025-07-26T18:00:00Z,2025-07-27T00:00:00Z,2025-08-25T18:00:00Z,test
7739,2025-05-28T06:00:00Z,2025-07-27T00:00:00Z,2025-07-27T06:00:00Z,2025-08-26T00:00:00Z,test
7740,2025-05-28T12:00:00Z,2025-07-27T06:00:00Z,2025-07-27T12:00:00Z,2025-08-26T06:00:00Z,test
7741,2025-05-28T18:00:00Z,2025-07-27T12:00:00Z,2025-07-27T18:00:00Z,2025-08-26T12:00:00Z,test
7742,2025-05-29T00:00:00Z,2025-07-27T18:00:00Z,2025-07-28T00:00:00Z,2025-08-26T18:00:00Z,test
7743,2025-05-29T06:00:00Z,2025-07-28T00:00:00Z,2025-07-28T06:00:00Z,2025-08-27T00:00:00Z,test
7744,2025-05-29T12:00:00Z,2025-07-28T06:00:00Z,2025-07-28T12:00:00Z,2025-08-27T06:00:00Z,test
7745,2025-05-29T18:00:00Z,2025-07-28T12:00:00Z,2025-07-28T18:00:00Z,2025-08-27T12:00:00Z,test
7746,2025-05-30T00:00:00Z,2025-07-28T18:00:00Z,2025-07-29T00:00:00Z,2025-08-27T18:00:00Z,test
7747,2025-05-30T06:00:00Z,2025-07-29T00:00:00Z,2025-07-29T06:00:00Z,2025-08-28T00:00:00Z,test
7748,2025-05-30T12:00:00Z,2025-07-29T06:00:00Z,2025-07-29T12:00:00Z,2025-08-28T06:00:00Z,test
7749,2025-05-30T18:00:00Z,2025-07-29T12:00:00Z,2025-07-29T18:00:00Z,2025-08-28T12:00:00Z,test
7750,2025-05-31T00:00:00Z,2025-07-29T18:00:00Z,2025-07-30T00:00:00Z,2025-08-28T18:00:00Z,test
7751,2025-05-31T06:00:00Z,2025-07-30T00:00:00Z,2025-07-30T06:00:00Z,2025-08-29T00:00:00Z,test
7752,2025-05-31T12:00:00Z,2025-07-30T06:00:00Z,2025-07-30T12:00:00Z,2025-08-29T06:00:00Z,test
7753,2025-05-31T18:00:00Z,2025-07-30T12:00:00Z,2025-07-30T18:00:00Z,2025-08-29T12:00:00Z,test
7754,2025-06-01T00:00:00Z,2025-07-30T18:00:00Z,2025-07-31T00:00:00Z,2025-08-29T18:00:00Z,test
7755,2025-06-01T06:00:00Z,2025-07-31T00:00:00Z,2025-07-31T06:00:00Z,2025-08-30T00:00:00Z,test
7756,2025-06-01T12:00:00Z,2025-07-31T06:00:00Z,2025-07-31T12:00:00Z,2025-08-30T06:00:00Z,test
7757,2025-06-01T18:00:00Z,2025-07-31T12:00:00Z,2025-07-31T18:00:00Z,2025-08-30T12:00:00Z,test
7758,2025-06-02T00:00:00Z,2025-07-31T18:00:00Z,2025-08-01T00:00:00Z,2025-08-30T18:00:00Z,test
7759,2025-06-02T06:00:00Z,2025-08-01T00:00:00Z,2025-08-01T06:00:00Z,2025-08-31T00:00:00Z,test
7760,2025-06-02T12:00:00Z,2025-08-01T06:00:00Z,2025-08-01T12:00:00Z,2025-08-31T06:00:00Z,test
7761,2025-06-02T18:00:00Z,2025-08-01T12:00:00Z,2025-08-01T18:00:00Z,2025-08-31T12:00:00Z,test
7762,2025-06-03T00:00:00Z,2025-08-01T18:00:00Z,2025-08-02T00:00:00Z,2025-08-31T18:00:00Z,test
7763,2025-06-03T06:00:00Z,2025-08-02T00:00:00Z,2025-08-02T06:00:00Z,2025-09-01T00:00:00Z,test
7764,2025-06-03T12:00:00Z,2025-08-02T06:00:00Z,2025-08-02T12:00:00Z,2025-09-01T06:00:00Z,test
7765,2025-06-03T18:00:00Z,2025-08-02T12:00:00Z,2025-08-02T18:00:00Z,2025-09-01T12:00:00Z,test
7766,2025-06-04T00:00:00Z,2025-08-02T18:00:00Z,2025-08-03T00:00:00Z,2025-09-01T18:00:00Z,test
7767,2025-06-04T06:00:00Z,2025-08-03T00:00:00Z,2025-08-03T06:00:00Z,2025-09-02T00:00:00Z,test
7768,2025-06-04T12:00:00Z,2025-08-03T06:00:00Z,2025-08-03T12:00:00Z,2025-09-02T06:00:00Z,test
7769,2025-06-04T18:00:00Z,2025-08-03T12:00:00Z,2025-08-03T18:00:00Z,2025-09-02T12:00:00Z,test
7770,2025-06-05T00:00:00Z,2025-08-03T18:00:00Z,2025-08-04T00:00:00Z,2025-09-02T18:00:00Z,test
7771,2025-06-05T06:00:00Z,2025-08-04T00:00:00Z,2025-08-04T06:00:00Z,2025-09-03T00:00:00Z,test
7772,2025-06-05T12:00:00Z,2025-08-04T06:00:00Z,2025-08-04T12:00:00Z,2025-09-03T06:00:00Z,test
7773,2025-06-05T18:00:00Z,2025-08-04T12:00:00Z,2025-08-04T18:00:00Z,2025-09-03T12:00:00Z,test
7774,2025-06-06T00:00:00Z,2025-08-04T18:00:00Z,2025-08-05T00:00:00Z,2025-09-03T18:00:00Z,test
7775,2025-06-06T06:00:00Z,2025-08-05T00:00:00Z,2025-08-05T06:00:00Z,2025-09-04T00:00:00Z,test
7776,2025-06-06T12:00:00Z,2025-08-05T06:00:00Z,2025-08-05T12:00:00Z,2025-09-04T06:00:00Z,test
7777,2025-06-06T18:00:00Z,2025-08-05T12:00:00Z,2025-08-05T18:00:00Z,2025-09-04T12:00:00Z,test
7778,2025-06-07T00:00:00Z,2025-08-05T18:00:00Z,2025-08-06T00:00:00Z,2025-09-04T18:00:00Z,test
7779,2025-06-07T06:00:00Z,2025-08-06T00:00:00Z,2025-08-06T06:00:00Z,2025-09-05T00:00:00Z,test
7780,2025-06-07T12:00:00Z,2025-08-06T06:00:00Z,2025-08-06T12:00:00Z,2025-09-05T06:00:00Z,test
7781,2025-06-07T18:00:00Z,2025-08-06T12:00:00Z,2025-08-06T18:00:00Z,2025-09-05T12:00:00Z,test
7782,2025-06-08T00:00:00Z,2025-08-06T18:00:00Z,2025-08-07T00:00:00Z,2025-09-05T18:00:00Z,test
7783,2025-06-08T06:00:00Z,2025-08-07T00:00:00Z,2025-08-07T06:00:00Z,2025-09-06T00:00:00Z,test
7784,2025-06-08T12:00:00Z,2025-08-07T06:00:00Z,2025-08-07T12:00:00Z,2025-09-06T06:00:00Z,test
7785,2025-06-08T18:00:00Z,2025-08-07T12:00:00Z,2025-08-07T18:00:00Z,2025-09-06T12:00:00Z,test
7786,2025-06-09T00:00:00Z,2025-08-07T18:00:00Z,2025-08-08T00:00:00Z,2025-09-06T18:00:00Z,test
7787,2025-06-09T06:00:00Z,2025-08-08T00:00:00Z,2025-08-08T06:00:00Z,2025-09-07T00:00:00Z,test
7788,2025-06-09T12:00:00Z,2025-08-08T06:00:00Z,2025-08-08T12:00:00Z,2025-09-07T06:00:00Z,test
7789,2025-06-09T18:00:00Z,2025-08-08T12:00:00Z,2025-08-08T18:00:00Z,2025-09-07T12:00:00Z,test
7790,2025-06-10T00:00:00Z,2025-08-08T18:00:00Z,2025-08-09T00:00:00Z,2025-09-07T18:00:00Z,test
7791,2025-06-10T06:00:00Z,2025-08-09T00:00:00Z,2025-08-09T06:00:00Z,2025-09-08T00:00:00Z,test
7792,2025-06-10T12:00:00Z,2025-08-09T06:00:00Z,2025-08-09T12:00:00Z,2025-09-08T06:00:00Z,test
7793,2025-06-10T18:00:00Z,2025-08-09T12:00:00Z,2025-08-09T18:00:00Z,2025-09-08T12:00:00Z,test
7794,2025-06-11T00:00:00Z,2025-08-09T18:00:00Z,2025-08-10T00:00:00Z,2025-09-08T18:00:00Z,test
7795,2025-06-11T06:00:00Z,2025-08-10T00:00:00Z,2025-08-10T06:00:00Z,2025-09-09T00:00:00Z,test
7796,2025-06-11T12:00:00Z,2025-08-10T06:00:00Z,2025-08-10T12:00:00Z,2025-09-09T06:00:00Z,test
7797,2025-06-11T18:00:00Z,2025-08-10T12:00:00Z,2025-08-10T18:00:00Z,2025-09-09T12:00:00Z,test
7798,2025-06-12T00:00:00Z,2025-08-10T18:00:00Z,2025-08-11T00:00:00Z,2025-09-09T18:00:00Z,test
7799,2025-06-12T06:00:00Z,2025-08-11T00:00:00Z,2025-08-11T06:00:00Z,2025-09-10T00:00:00Z,test
7800,2025-06-12T12:00:00Z,2025-08-11T06:00:00Z,2025-08-11T12:00:00Z,2025-09-10T06:00:00Z,test
7801,2025-06-12T18:00:00Z,2025-08-11T12:00:00Z,2025-08-11T18:00:00Z,2025-09-10T12:00:00Z,test
7802,2025-06-13T00:00:00Z,2025-08-11T18:00:00Z,2025-08-12T00:00:00Z,2025-09-10T18:00:00Z,test
7803,2025-06-13T06:00:00Z,2025-08-12T00:00:00Z,2025-08-12T06:00:00Z,2025-09-11T00:00:00Z,test
7804,2025-06-13T12:00:00Z,2025-08-12T06:00:00Z,2025-08-12T12:00:00Z,2025-09-11T06:00:00Z,test
7805,2025-06-13T18:00:00Z,2025-08-12T12:00:00Z,2025-08-12T18:00:00Z,2025-09-11T12:00:00Z,test
7806,2025-06-14T00:00:00Z,2025-08-12T18:00:00Z,2025-08-13T00:00:00Z,2025-09-11T18:00:00Z,test
7807,2025-06-14T06:00:00Z,2025-08-13T00:00:00Z,2025-08-13T06:00:00Z,2025-09-12T00:00:00Z,test
7808,2025-06-14T12:00:00Z,2025-08-13T06:00:00Z,2025-08-13T12:00:00Z,2025-09-12T06:00:00Z,test
7809,2025-06-14T18:00:00Z,2025-08-13T12:00:00Z,2025-08-13T18:00:00Z,2025-09-12T12:00:00Z,test
7810,2025-06-15T00:00:00Z,2025-08-13T18:00:00Z,2025-08-14T00:00:00Z,2025-09-12T18:00:00Z,test
7811,2025-06-15T06:00:00Z,2025-08-14T00:00:00Z,2025-08-14T06:00:00Z,2025-09-13T00:00:00Z,test
7812,2025-06-15T12:00:00Z,2025-08-14T06:00:00Z,2025-08-14T12:00:00Z,2025-09-13T06:00:00Z,test
7813,2025-06-15T18:00:00Z,2025-08-14T12:00:00Z,2025-08-14T18:00:00Z,2025-09-13T12:00:00Z,test
7814,2025-06-16T00:00:00Z,2025-08-14T18:00:00Z,2025-08-15T00:00:00Z,2025-09-13T18:00:00Z,test
7815,2025-06-16T06:00:00Z,2025-08-15T00:00:00Z,2025-08-15T06:00:00Z,2025-09-14T00:00:00Z,test
7816,2025-06-16T12:00:00Z,2025-08-15T06:00:00Z,2025-08-15T12:00:00Z,2025-09-14T06:00:00Z,test
7817,2025-06-16T18:00:00Z,2025-08-15T12:00:00Z,2025-08-15T18:00:00Z,2025-09-14T12:00:00Z,test
7818,2025-06-17T00:00:00Z,2025-08-15T18:00:00Z,2025-08-16T00:00:00Z,2025-09-14T18:00:00Z,test
7819,2025-06-17T06:00:00Z,2025-08-16T00:00:00Z,2025-08-16T06:00:00Z,2025-09-15T00:00:00Z,test
7820,2025-06-17T12:00:00Z,2025-08-16T06:00:00Z,2025-08-16T12:00:00Z,2025-09-15T06:00:00Z,test
7821,2025-06-17T18:00:00Z,2025-08-16T12:00:00Z,2025-08-16T18:00:00Z,2025-09-15T12:00:00Z,test
7822,2025-06-18T00:00:00Z,2025-08-16T18:00:00Z,2025-08-17T00:00:00Z,2025-09-15T18:00:00Z,test
7823,2025-06-18T06:00:00Z,2025-08-17T00:00:00Z,2025-08-17T06:00:00Z,2025-09-16T00:00:00Z,test
7824,2025-06-18T12:00:00Z,2025-08-17T06:00:00Z,2025-08-17T12:00:00Z,2025-09-16T06:00:00Z,test
7825,2025-06-18T18:00:00Z,2025-08-17T12:00:00Z,2025-08-17T18:00:00Z,2025-09-16T12:00:00Z,test
7826,2025-06-19T00:00:00Z,2025-08-17T18:00:00Z,2025-08-18T00:00:00Z,2025-09-16T18:00:00Z,test
7827,2025-06-19T06:00:00Z,2025-08-18T00:00:00Z,2025-08-18T06:00:00Z,2025-09-17T00:00:00Z,test
7828,2025-06-19T12:00:00Z,2025-08-18T06:00:00Z,2025-08-18T12:00:00Z,2025-09-17T06:00:00Z,test
7829,2025-06-19T18:00:00Z,2025-08-18T12:00:00Z,2025-08-18T18:00:00Z,2025-09-17T12:00:00Z,test
7830,2025-06-20T00:00:00Z,2025-08-18T18:00:00Z,2025-08-19T00:00:00Z,2025-09-17T18:00:00Z,test
7831,2025-06-20T06:00:00Z,2025-08-19T00:00:00Z,2025-08-19T06:00:00Z,2025-09-18T00:00:00Z,test
7832,2025-06-20T12:00:00Z,2025-08-19T06:00:00Z,2025-08-19T12:00:00Z,2025-09-18T06:00:00Z,test
7833,2025-06-20T18:00:00Z,2025-08-19T12:00:00Z,2025-08-19T18:00:00Z,2025-09-18T12:00:00Z,test
7834,2025-06-21T00:00:00Z,2025-08-19T18:00:00Z,2025-08-20T00:00:00Z,2025-09-18T18:00:00Z,test
7835,2025-06-21T06:00:00Z,2025-08-20T00:00:00Z,2025-08-20T06:00:00Z,2025-09-19T00:00:00Z,test
7836,2025-06-21T12:00:00Z,2025-08-20T06:00:00Z,2025-08-20T12:00:00Z,2025-09-19T06:00:00Z,test
7837,2025-06-21T18:00:00Z,2025-08-20T12:00:00Z,2025-08-20T18:00:00Z,2025-09-19T12:00:00Z,test
7838,2025-06-22T00:00:00Z,2025-08-20T18:00:00Z,2025-08-21T00:00:00Z,2025-09-19T18:00:00Z,test
7839,2025-06-22T06:00:00Z,2025-08-21T00:00:00Z,2025-08-21T06:00:00Z,2025-09-20T00:00:00Z,test
7840,2025-06-22T12:00:00Z,2025-08-21T06:00:00Z,2025-08-21T12:00:00Z,2025-09-20T06:00:00Z,test
7841,2025-06-22T18:00:00Z,2025-08-21T12:00:00Z,2025-08-21T18:00:00Z,2025-09-20T12:00:00Z,test
7842,2025-06-23T00:00:00Z,2025-08-21T18:00:00Z,2025-08-22T00:00:00Z,2025-09-20T18:00:00Z,test
7843,2025-06-23T06:00:00Z,2025-08-22T00:00:00Z,2025-08-22T06:00:00Z,2025-09-21T00:00:00Z,test
7844,2025-06-23T12:00:00Z,2025-08-22T06:00:00Z,2025-08-22T12:00:00Z,2025-09-21T06:00:00Z,test
7845,2025-06-23T18:00:00Z,2025-08-22T12:00:00Z,2025-08-22T18:00:00Z,2025-09-21T12:00:00Z,test
7846,2025-06-24T00:00:00Z,2025-08-22T18:00:00Z,2025-08-23T00:00:00Z,2025-09-21T18:00:00Z,test
7847,2025-06-24T06:00:00Z,2025-08-23T00:00:00Z,2025-08-23T06:00:00Z,2025-09-22T00:00:00Z,test
7848,2025-06-24T12:00:00Z,2025-08-23T06:00:00Z,2025-08-23T12:00:00Z,2025-09-22T06:00:00Z,test
7849,2025-06-24T18:00:00Z,2025-08-23T12:00:00Z,2025-08-23T18:00:00Z,2025-09-22T12:00:00Z,test
7850,2025-06-25T00:00:00Z,2025-08-23T18:00:00Z,2025-08-24T00:00:00Z,2025-09-22T18:00:00Z,test
7851,2025-06-25T06:00:00Z,2025-08-24T00:00:00Z,2025-08-24T06:00:00Z,2025-09-23T00:00:00Z,test
7852,2025-06-25T12:00:00Z,2025-08-24T06:00:00Z,2025-08-24T12:00:00Z,2025-09-23T06:00:00Z,test
7853,2025-06-25T18:00:00Z,2025-08-24T12:00:00Z,2025-08-24T18:00:00Z,2025-09-23T12:00:00Z,test
7854,2025-06-26T00:00:00Z,2025-08-24T18:00:00Z,2025-08-25T00:00:00Z,2025-09-23T18:00:00Z,test
7855,2025-06-26T06:00:00Z,2025-08-25T00:00:00Z,2025-08-25T06:00:00Z,2025-09-24T00:00:00Z,test
7856,2025-06-26T12:00:00Z,2025-08-25T06:00:00Z,2025-08-25T12:00:00Z,2025-09-24T06:00:00Z,test
7857,2025-06-26T18:00:00Z,2025-08-25T12:00:00Z,2025-08-25T18:00:00Z,2025-09-24T12:00:00Z,test
7858,2025-06-27T00:00:00Z,2025-08-25T18:00:00Z,2025-08-26T00:00:00Z,2025-09-24T18:00:00Z,test
7859,2025-06-27T06:00:00Z,2025-08-26T00:00:00Z,2025-08-26T06:00:00Z,2025-09-25T00:00:00Z,test
7860,2025-06-27T12:00:00Z,2025-08-26T06:00:00Z,2025-08-26T12:00:00Z,2025-09-25T06:00:00Z,test
7861,2025-06-27T18:00:00Z,2025-08-26T12:00:00Z,2025-08-26T18:00:00Z,2025-09-25T12:00:00Z,test
7862,2025-06-28T00:00:00Z,2025-08-26T18:00:00Z,2025-08-27T00:00:00Z,2025-09-25T18:00:00Z,test
7863,2025-06-28T06:00:00Z,2025-08-27T00:00:00Z,2025-08-27T06:00:00Z,2025-09-26T00:00:00Z,test
7864,2025-06-28T12:00:00Z,2025-08-27T06:00:00Z,2025-08-27T12:00:00Z,2025-09-26T06:00:00Z,test
7865,2025-06-28T18:00:00Z,2025-08-27T12:00:00Z,2025-08-27T18:00:00Z,2025-09-26T12:00:00Z,test
7866,2025-06-29T00:00:00Z,2025-08-27T18:00:00Z,2025-08-28T00:00:00Z,2025-09-26T18:00:00Z,test
7867,2025-06-29T06:00:00Z,2025-08-28T00:00:00Z,2025-08-28T06:00:00Z,2025-09-27T00:00:00Z,test
7868,2025-06-29T12:00:00Z,2025-08-28T06:00:00Z,2025-08-28T12:00:00Z,2025-09-27T06:00:00Z,test
7869,2025-06-29T18:00:00Z,2025-08-28T12:00:00Z,2025-08-28T18:00:00Z,2025-09-27T12:00:00Z,test
7870,2025-06-30T00:00:00Z,2025-08-28T18:00:00Z,2025-08-29T00:00:00Z,2025-09-27T18:00:00Z,test
7871,2025-06-30T06:00:00Z,2025-08-29T00:00:00Z,2025-08-29T06:00:00Z,2025-09-28T00:00:00Z,test
7872,2025-06-30T12:00:00Z,2025-08-29T06:00:00Z,2025-08-29T12:00:00Z,2025-09-28T06:00:00Z,test
7873,2025-06-30T18:00:00Z,2025-08-29T12:00:00Z,2025-08-29T18:00:00Z,2025-09-28T12:00:00Z,test
7874,2025-07-01T00:00:00Z,2025-08-29T18:00:00Z,2025-08-30T00:00:00Z,2025-09-28T18:00:00Z,test
7875,2025-07-01T06:00:00Z,2025-08-30T00:00:00Z,2025-08-30T06:00:00Z,2025-09-29T00:00:00Z,test
7876,2025-07-01T12:00:00Z,2025-08-30T06:00:00Z,2025-08-30T12:00:00Z,2025-09-29T06:00:00Z,test
7877,2025-07-01T18:00:00Z,2025-08-30T12:00:00Z,2025-08-30T18:00:00Z,2025-09-29T12:00:00Z,test
7878,2025-07-02T00:00:00Z,2025-08-30T18:00:00Z,2025-08-31T00:00:00Z,2025-09-29T18:00:00Z,test
7879,2025-07-02T06:00:00Z,2025-08-31T00:00:00Z,2025-08-31T06:00:00Z,2025-09-30T00:00:00Z,test
7880,2025-07-02T12:00:00Z,2025-08-31T06:00:00Z,2025-08-31T12:00:00Z,2025-09-30T06:00:00Z,test
7881,2025-07-02T18:00:00Z,2025-08-31T12:00:00Z,2025-08-31T18:00:00Z,2025-09-30T12:00:00Z,test
7882,2025-07-03T00:00:00Z,2025-08-31T18:00:00Z,2025-09-01T00:00:00Z,2025-09-30T18:00:00Z,test
7883,2025-07-03T06:00:00Z,2025-09-01T00:00:00Z,2025-09-01T06:00:00Z,2025-10-01T00:00:00Z,test
7884,2025-07-03T12:00:00Z,2025-09-01T06:00:00Z,2025-09-01T12:00:00Z,2025-10-01T06:00:00Z,test
7885,2025-07-03T18:00:00Z,2025-09-01T12:00:00Z,2025-09-01T18:00:00Z,2025-10-01T12:00:00Z,test
7886,2025-07-04T00:00:00Z,2025-09-01T18:00:00Z,2025-09-02T00:00:00Z,2025-10-01T18:00:00Z,test
7887,2025-07-04T06:00:00Z,2025-09-02T00:00:00Z,2025-09-02T06:00:00Z,2025-10-02T00:00:00Z,test
7888,2025-07-04T12:00:00Z,2025-09-02T06:00:00Z,2025-09-02T12:00:00Z,2025-10-02T06:00:00Z,test
7889,2025-07-04T18:00:00Z,2025-09-02T12:00:00Z,2025-09-02T18:00:00Z,2025-10-02T12:00:00Z,test
7890,2025-07-05T00:00:00Z,2025-09-02T18:00:00Z,2025-09-03T00:00:00Z,2025-10-02T18:00:00Z,test
7891,2025-07-05T06:00:00Z,2025-09-03T00:00:00Z,2025-09-03T06:00:00Z,2025-10-03T00:00:00Z,test
7892,2025-07-05T12:00:00Z,2025-09-03T06:00:00Z,2025-09-03T12:00:00Z,2025-10-03T06:00:00Z,test
7893,2025-07-05T18:00:00Z,2025-09-03T12:00:00Z,2025-09-03T18:00:00Z,2025-10-03T12:00:00Z,test
7894,2025-07-06T00:00:00Z,2025-09-03T18:00:00Z,2025-09-04T00:00:00Z,2025-10-03T18:00:00Z,test
7895,2025-07-06T06:00:00Z,2025-09-04T00:00:00Z,2025-09-04T06:00:00Z,2025-10-04T00:00:00Z,test
7896,2025-07-06T12:00:00Z,2025-09-04T06:00:00Z,2025-09-04T12:00:00Z,2025-10-04T06:00:00Z,test
7897,2025-07-06T18:00:00Z,2025-09-04T12:00:00Z,2025-09-04T18:00:00Z,2025-10-04T12:00:00Z,test
7898,2025-07-07T00:00:00Z,2025-09-04T18:00:00Z,2025-09-05T00:00:00Z,2025-10-04T18:00:00Z,test
7899,2025-07-07T06:00:00Z,2025-09-05T00:00:00Z,2025-09-05T06:00:00Z,2025-10-05T00:00:00Z,test
7900,2025-07-07T12:00:00Z,2025-09-05T06:00:00Z,2025-09-05T12:00:00Z,2025-10-05T06:00:00Z,test
7901,2025-07-07T18:00:00Z,2025-09-05T12:00:00Z,2025-09-05T18:00:00Z,2025-10-05T12:00:00Z,test
7902,2025-07-08T00:00:00Z,2025-09-05T18:00:00Z,2025-09-06T00:00:00Z,2025-10-05T18:00:00Z,test
7903,2025-07-08T06:00:00Z,2025-09-06T00:00:00Z,2025-09-06T06:00:00Z,2025-10-06T00:00:00Z,test
7904,2025-07-08T12:00:00Z,2025-09-06T06:00:00Z,2025-09-06T12:00:00Z,2025-10-06T06:00:00Z,test
7905,2025-07-08T18:00:00Z,2025-09-06T12:00:00Z,2025-09-06T18:00:00Z,2025-10-06T12:00:00Z,test
7906,2025-07-09T00:00:00Z,2025-09-06T18:00:00Z,2025-09-07T00:00:00Z,2025-10-06T18:00:00Z,test
7907,2025-07-09T06:00:00Z,2025-09-07T00:00:00Z,2025-09-07T06:00:00Z,2025-10-07T00:00:00Z,test
7908,2025-07-09T12:00:00Z,2025-09-07T06:00:00Z,2025-09-07T12:00:00Z,2025-10-07T06:00:00Z,test
7909,2025-07-09T18:00:00Z,2025-09-07T12:00:00Z,2025-09-07T18:00:00Z,2025-10-07T12:00:00Z,test
7910,2025-07-10T00:00:00Z,2025-09-07T18:00:00Z,2025-09-08T00:00:00Z,2025-10-07T18:00:00Z,test
7911,2025-07-10T06:00:00Z,2025-09-08T00:00:00Z,2025-09-08T06:00:00Z,2025-10-08T00:00:00Z,test
7912,2025-07-10T12:00:00Z,2025-09-08T06:00:00Z,2025-09-08T12:00:00Z,2025-10-08T06:00:00Z,test
7913,2025-07-10T18:00:00Z,2025-09-08T12:00:00Z,2025-09-08T18:00:00Z,2025-10-08T12:00:00Z,test
7914,2025-07-11T00:00:00Z,2025-09-08T18:00:00Z,2025-09-09T00:00:00Z,2025-10-08T18:00:00Z,test
7915,2025-07-11T06:00:00Z,2025-09-09T00:00:00Z,2025-09-09T06:00:00Z,2025-10-09T00:00:00Z,test
7916,2025-07-11T12:00:00Z,2025-09-09T06:00:00Z,2025-09-09T12:00:00Z,2025-10-09T06:00:00Z,test
7917,2025-07-11T18:00:00Z,2025-09-09T12:00:00Z,2025-09-09T18:00:00Z,2025-10-09T12:00:00Z,test
7918,2025-07-12T00:00:00Z,2025-09-09T18:00:00Z,2025-09-10T00:00:00Z,2025-10-09T18:00:00Z,test
7919,2025-07-12T06:00:00Z,2025-09-10T00:00:00Z,2025-09-10T06:00:00Z,2025-10-10T00:00:00Z,test
7920,2025-07-12T12:00:00Z,2025-09-10T06:00:00Z,2025-09-10T12:00:00Z,2025-10-10T06:00:00Z,test
7921,2025-07-12T18:00:00Z,2025-09-10T12:00:00Z,2025-09-10T18:00:00Z,2025-10-10T12:00:00Z,test
7922,2025-07-13T00:00:00Z,2025-09-10T18:00:00Z,2025-09-11T00:00:00Z,2025-10-10T18:00:00Z,test
7923,2025-07-13T06:00:00Z,2025-09-11T00:00:00Z,2025-09-11T06:00:00Z,2025-10-11T00:00:00Z,test
7924,2025-07-13T12:00:00Z,2025-09-11T06:00:00Z,2025-09-11T12:00:00Z,2025-10-11T06:00:00Z,test
7925,2025-07-13T18:00:00Z,2025-09-11T12:00:00Z,2025-09-11T18:00:00Z,2025-10-11T12:00:00Z,test
7926,2025-07-14T00:00:00Z,2025-09-11T18:00:00Z,2025-09-12T00:00:00Z,2025-10-11T18:00:00Z,test
7927,2025-07-14T06:00:00Z,2025-09-12T00:00:00Z,2025-09-12T06:00:00Z,2025-10-12T00:00:00Z,test
7928,2025-07-14T12:00:00Z,2025-09-12T06:00:00Z,2025-09-12T12:00:00Z,2025-10-12T06:00:00Z,test
7929,2025-07-14T18:00:00Z,2025-09-12T12:00:00Z,2025-09-12T18:00:00Z,2025-10-12T12:00:00Z,test
7930,2025-07-15T00:00:00Z,2025-09-12T18:00:00Z,2025-09-13T00:00:00Z,2025-10-12T18:00:00Z,test
7931,2025-07-15T06:00:00Z,2025-09-13T00:00:00Z,2025-09-13T06:00:00Z,2025-10-13T00:00:00Z,test
7932,2025-07-15T12:00:00Z,2025-09-13T06:00:00Z,2025-09-13T12:00:00Z,2025-10-13T06:00:00Z,test
7933,2025-07-15T18:00:00Z,2025-09-13T12:00:00Z,2025-09-13T18:00:00Z,2025-10-13T12:00:00Z,test
7934,2025-07-16T00:00:00Z,2025-09-13T18:00:00Z,2025-09-14T00:00:00Z,2025-10-13T18:00:00Z,test
7935,2025-07-16T06:00:00Z,2025-09-14T00:00:00Z,2025-09-14T06:00:00Z,2025-10-14T00:00:00Z,test
7936,2025-07-16T12:00:00Z,2025-09-14T06:00:00Z,2025-09-14T12:00:00Z,2025-10-14T06:00:00Z,test
7937,2025-07-16T18:00:00Z,2025-09-14T12:00:00Z,2025-09-14T18:00:00Z,2025-10-14T12:00:00Z,test
7938,2025-07-17T00:00:00Z,2025-09-14T18:00:00Z,2025-09-15T00:00:00Z,2025-10-14T18:00:00Z,test
7939,2025-07-17T06:00:00Z,2025-09-15T00:00:00Z,2025-09-15T06:00:00Z,2025-10-15T00:00:00Z,test
7940,2025-07-17T12:00:00Z,2025-09-15T06:00:00Z,2025-09-15T12:00:00Z,2025-10-15T06:00:00Z,test
7941,2025-07-17T18:00:00Z,2025-09-15T12:00:00Z,2025-09-15T18:00:00Z,2025-10-15T12:00:00Z,test
7942,2025-07-18T00:00:00Z,2025-09-15T18:00:00Z,2025-09-16T00:00:00Z,2025-10-15T18:00:00Z,test
7943,2025-07-18T06:00:00Z,2025-09-16T00:00:00Z,2025-09-16T06:00:00Z,2025-10-16T00:00:00Z,test
7944,2025-07-18T12:00:00Z,2025-09-16T06:00:00Z,2025-09-16T12:00:00Z,2025-10-16T06:00:00Z,test
7945,2025-07-18T18:00:00Z,2025-09-16T12:00:00Z,2025-09-16T18:00:00Z,2025-10-16T12:00:00Z,test
7946,2025-07-19T00:00:00Z,2025-09-16T18:00:00Z,2025-09-17T00:00:00Z,2025-10-16T18:00:00Z,test
7947,2025-07-19T06:00:00Z,2025-09-17T00:00:00Z,2025-09-17T06:00:00Z,2025-10-17T00:00:00Z,test
7948,2025-07-19T12:00:00Z,2025-09-17T06:00:00Z,2025-09-17T12:00:00Z,2025-10-17T06:00:00Z,test
7949,2025-07-19T18:00:00Z,2025-09-17T12:00:00Z,2025-09-17T18:00:00Z,2025-10-17T12:00:00Z,test
7950,2025-07-20T00:00:00Z,2025-09-17T18:00:00Z,2025-09-18T00:00:00Z,2025-10-17T18:00:00Z,test
7951,2025-07-20T06:00:00Z,2025-09-18T00:00:00Z,2025-09-18T06:00:00Z,2025-10-18T00:00:00Z,test
7952,2025-07-20T12:00:00Z,2025-09-18T06:00:00Z,2025-09-18T12:00:00Z,2025-10-18T06:00:00Z,test
7953,2025-07-20T18:00:00Z,2025-09-18T12:00:00Z,2025-09-18T18:00:00Z,2025-10-18T12:00:00Z,test
7954,2025-07-21T00:00:00Z,2025-09-18T18:00:00Z,2025-09-19T00:00:00Z,2025-10-18T18:00:00Z,test
7955,2025-07-21T06:00:00Z,2025-09-19T00:00:00Z,2025-09-19T06:00:00Z,2025-10-19T00:00:00Z,test
7956,2025-07-21T12:00:00Z,2025-09-19T06:00:00Z,2025-09-19T12:00:00Z,2025-10-19T06:00:00Z,test
7957,2025-07-21T18:00:00Z,2025-09-19T12:00:00Z,2025-09-19T18:00:00Z,2025-10-19T12:00:00Z,test
7958,2025-07-22T00:00:00Z,2025-09-19T18:00:00Z,2025-09-20T00:00:00Z,2025-10-19T18:00:00Z,test
7959,2025-07-22T06:00:00Z,2025-09-20T00:00:00Z,2025-09-20T06:00:00Z,2025-10-20T00:00:00Z,test
7960,2025-07-22T12:00:00Z,2025-09-20T06:00:00Z,2025-09-20T12:00:00Z,2025-10-20T06:00:00Z,test
7961,2025-07-22T18:00:00Z,2025-09-20T12:00:00Z,2025-09-20T18:00:00Z,2025-10-20T12:00:00Z,test
7962,2025-07-23T00:00:00Z,2025-09-20T18:00:00Z,2025-09-21T00:00:00Z,2025-10-20T18:00:00Z,test
7963,2025-07-23T06:00:00Z,2025-09-21T00:00:00Z,2025-09-21T06:00:00Z,2025-10-21T00:00:00Z,test
7964,2025-07-23T12:00:00Z,2025-09-21T06:00:00Z,2025-09-21T12:00:00Z,2025-10-21T06:00:00Z,test
7965,2025-07-23T18:00:00Z,2025-09-21T12:00:00Z,2025-09-21T18:00:00Z,2025-10-21T12:00:00Z,test
7966,2025-07-24T00:00:00Z,2025-09-21T18:00:00Z,2025-09-22T00:00:00Z,2025-10-21T18:00:00Z,test
7967,2025-07-24T06:00:00Z,2025-09-22T00:00:00Z,2025-09-22T06:00:00Z,2025-10-22T00:00:00Z,test
7968,2025-07-24T12:00:00Z,2025-09-22T06:00:00Z,2025-09-22T12:00:00Z,2025-10-22T06:00:00Z,test
7969,2025-07-24T18:00:00Z,2025-09-22T12:00:00Z,2025-09-22T18:00:00Z,2025-10-22T12:00:00Z,test
7970,2025-07-25T00:00:00Z,2025-09-22T18:00:00Z,2025-09-23T00:00:00Z,2025-10-22T18:00:00Z,test
7971,2025-07-25T06:00:00Z,2025-09-23T00:00:00Z,2025-09-23T06:00:00Z,2025-10-23T00:00:00Z,test
7972,2025-07-25T12:00:00Z,2025-09-23T06:00:00Z,2025-09-23T12:00:00Z,2025-10-23T06:00:00Z,test
7973,2025-07-25T18:00:00Z,2025-09-23T12:00:00Z,2025-09-23T18:00:00Z,2025-10-23T12:00:00Z,test
7974,2025-07-26T00:00:00Z,2025-09-23T18:00:00Z,2025-09-24T00:00:00Z,2025-10-23T18:00:00Z,test
7975,2025-07-26T06:00:00Z,2025-09-24T00:00:00Z,2025-09-24T06:00:00Z,2025-10-24T00:00:00Z,test
7976,2025-07-26T12:00:00Z,2025-09-24T06:00:00Z,2025-09-24T12:00:00Z,2025-10-24T06:00:00Z,test
7977,2025-07-26T18:00:00Z,2025-09-24T12:00:00Z,2025-09-24T18:00:00Z,2025-10-24T12:00:00Z,test
7978,2025-07-27T00:00:00Z,2025-09-24T18:00:00Z,2025-09-25T00:00:00Z,2025-10-24T18:00:00Z,test
7979,2025-07-27T06:00:00Z,2025-09-25T00:00:00Z,2025-09-25T06:00:00Z,2025-10-25T00:00:00Z,test
7980,2025-07-27T12:00:00Z,2025-09-25T06:00:00Z,2025-09-25T12:00:00Z,2025-10-25T06:00:00Z,test
7981,2025-07-27T18:00:00Z,2025-09-25T12:00:00Z,2025-09-25T18:00:00Z,2025-10-25T12:00:00Z,test
7982,2025-07-28T00:00:00Z,2025-09-25T18:00:00Z,2025-09-26T00:00:00Z,2025-10-25T18:00:00Z,test
7983,2025-07-28T06:00:00Z,2025-09-26T00:00:00Z,2025-09-26T06:00:00Z,2025-10-26T00:00:00Z,test
7984,2025-07-28T12:00:00Z,2025-09-26T06:00:00Z,2025-09-26T12:00:00Z,2025-10-26T06:00:00Z,test
7985,2025-07-28T18:00:00Z,2025-09-26T12:00:00Z,2025-09-26T18:00:00Z,2025-10-26T12:00:00Z,test
7986,2025-07-29T00:00:00Z,2025-09-26T18:00:00Z,2025-09-27T00:00:00Z,2025-10-26T18:00:00Z,test
7987,2025-07-29T06:00:00Z,2025-09-27T00:00:00Z,2025-09-27T06:00:00Z,2025-10-27T00:00:00Z,test
7988,2025-07-29T12:00:00Z,2025-09-27T06:00:00Z,2025-09-27T12:00:00Z,2025-10-27T06:00:00Z,test
7989,2025-07-29T18:00:00Z,2025-09-27T12:00:00Z,2025-09-27T18:00:00Z,2025-10-27T12:00:00Z,test
7990,2025-07-30T00:00:00Z,2025-09-27T18:00:00Z,2025-09-28T00:00:00Z,2025-10-27T18:00:00Z,test
7991,2025-07-30T06:00:00Z,2025-09-28T00:00:00Z,2025-09-28T06:00:00Z,2025-10-28T00:00:00Z,test
7992,2025-07-30T12:00:00Z,2025-09-28T06:00:00Z,2025-09-28T12:00:00Z,2025-10-28T06:00:00Z,test
7993,2025-07-30T18:00:00Z,2025-09-28T12:00:00Z,2025-09-28T18:00:00Z,2025-10-28T12:00:00Z,test
7994,2025-07-31T00:00:00Z,2025-09-28T18:00:00Z,2025-09-29T00:00:00Z,2025-10-28T18:00:00Z,test
7995,2025-07-31T06:00:00Z,2025-09-29T00:00:00Z,2025-09-29T06:00:00Z,2025-10-29T00:00:00Z,test
7996,2025-07-31T12:00:00Z,2025-09-29T06:00:00Z,2025-09-29T12:00:00Z,2025-10-29T06:00:00Z,test
7997,2025-07-31T18:00:00Z,2025-09-29T12:00:00Z,2025-09-29T18:00:00Z,2025-10-29T12:00:00Z,test
7998,2025-08-01T00:00:00Z,2025-09-29T18:00:00Z,2025-09-30T00:00:00Z,2025-10-29T18:00:00Z,test
7999,2025-08-01T06:00:00Z,2025-09-30T00:00:00Z,2025-09-30T06:00:00Z,2025-10-30T00:00:00Z,test
8000,2025-08-01T12:00:00Z,2025-09-30T06:00:00Z,2025-09-30T12:00:00Z,2025-10-30T06:00:00Z,test
8001,2025-08-01T18:00:00Z,2025-09-30T12:00:00Z,2025-09-30T18:00:00Z,2025-10-30T12:00:00Z,test
8002,2025-08-02T00:00:00Z,2025-09-30T18:00:00Z,2025-10-01T00:00:00Z,2025-10-30T18:00:00Z,test
8003,2025-08-02T06:00:00Z,2025-10-01T00:00:00Z,2025-10-01T06:00:00Z,2025-10-31T00:00:00Z,test
8004,2025-08-02T12:00:00Z,2025-10-01T06:00:00Z,2025-10-01T12:00:00Z,2025-10-31T06:00:00Z,test
8005,2025-08-02T18:00:00Z,2025-10-01T12:00:00Z,2025-10-01T18:00:00Z,2025-10-31T12:00:00Z,test
8006,2025-08-03T00:00:00Z,2025-10-01T18:00:00Z,2025-10-02T00:00:00Z,2025-10-31T18:00:00Z,test
8007,2025-08-03T06:00:00Z,2025-10-02T00:00:00Z,2025-10-02T06:00:00Z,2025-11-01T00:00:00Z,test
8008,2025-08-03T12:00:00Z,2025-10-02T06:00:00Z,2025-10-02T12:00:00Z,2025-11-01T06:00:00Z,test
8009,2025-08-03T18:00:00Z,2025-10-02T12:00:00Z,2025-10-02T18:00:00Z,2025-11-01T12:00:00Z,test
8010,2025-08-04T00:00:00Z,2025-10-02T18:00:00Z,2025-10-03T00:00:00Z,2025-11-01T18:00:00Z,test
8011,2025-08-04T06:00:00Z,2025-10-03T00:00:00Z,2025-10-03T06:00:00Z,2025-11-02T00:00:00Z,test
8012,2025-08-04T12:00:00Z,2025-10-03T06:00:00Z,2025-10-03T12:00:00Z,2025-11-02T06:00:00Z,test
8013,2025-08-04T18:00:00Z,2025-10-03T12:00:00Z,2025-10-03T18:00:00Z,2025-11-02T12:00:00Z,test
8014,2025-08-05T00:00:00Z,2025-10-03T18:00:00Z,2025-10-04T00:00:00Z,2025-11-02T18:00:00Z,test
8015,2025-08-05T06:00:00Z,2025-10-04T00:00:00Z,2025-10-04T06:00:00Z,2025-11-03T00:00:00Z,test
8016,2025-08-05T12:00:00Z,2025-10-04T06:00:00Z,2025-10-04T12:00:00Z,2025-11-03T06:00:00Z,test
8017,2025-08-05T18:00:00Z,2025-10-04T12:00:00Z,2025-10-04T18:00:00Z,2025-11-03T12:00:00Z,test
8018,2025-08-06T00:00:00Z,2025-10-04T18:00:00Z,2025-10-05T00:00:00Z,2025-11-03T18:00:00Z,test
8019,2025-08-06T06:00:00Z,2025-10-05T00:00:00Z,2025-10-05T06:00:00Z,2025-11-04T00:00:00Z,test
8020,2025-08-06T12:00:00Z,2025-10-05T06:00:00Z,2025-10-05T12:00:00Z,2025-11-04T06:00:00Z,test
8021,2025-08-06T18:00:00Z,2025-10-05T12:00:00Z,2025-10-05T18:00:00Z,2025-11-04T12:00:00Z,test
8022,2025-08-07T00:00:00Z,2025-10-05T18:00:00Z,2025-10-06T00:00:00Z,2025-11-04T18:00:00Z,test
8023,2025-08-07T06:00:00Z,2025-10-06T00:00:00Z,2025-10-06T06:00:00Z,2025-11-05T00:00:00Z,test
8024,2025-08-07T12:00:00Z,2025-10-06T06:00:00Z,2025-10-06T12:00:00Z,2025-11-05T06:00:00Z,test
8025,2025-08-07T18:00:00Z,2025-10-06T12:00:00Z,2025-10-06T18:00:00Z,2025-11-05T12:00:00Z,test
8026,2025-08-08T00:00:00Z,2025-10-06T18:00:00Z,2025-10-07T00:00:00Z,2025-11-05T18:00:00Z,test
8027,2025-08-08T06:00:00Z,2025-10-07T00:00:00Z,2025-10-07T06:00:00Z,2025-11-06T00:00:00Z,test
8028,2025-08-08T12:00:00Z,2025-10-07T06:00:00Z,2025-10-07T12:00:00Z,2025-11-06T06:00:00Z,test
8029,2025-08-08T18:00:00Z,2025-10-07T12:00:00Z,2025-10-07T18:00:00Z,2025-11-06T12:00:00Z,test
8030,2025-08-09T00:00:00Z,2025-10-07T18:00:00Z,2025-10-08T00:00:00Z,2025-11-06T18:00:00Z,test
8031,2025-08-09T06:00:00Z,2025-10-08T00:00:00Z,2025-10-08T06:00:00Z,2025-11-07T00:00:00Z,test
8032,2025-08-09T12:00:00Z,2025-10-08T06:00:00Z,2025-10-08T12:00:00Z,2025-11-07T06:00:00Z,test
8033,2025-08-09T18:00:00Z,2025-10-08T12:00:00Z,2025-10-08T18:00:00Z,2025-11-07T12:00:00Z,test
8034,2025-08-10T00:00:00Z,2025-10-08T18:00:00Z,2025-10-09T00:00:00Z,2025-11-07T18:00:00Z,test
8035,2025-08-10T06:00:00Z,2025-10-09T00:00:00Z,2025-10-09T06:00:00Z,2025-11-08T00:00:00Z,test
8036,2025-08-10T12:00:00Z,2025-10-09T06:00:00Z,2025-10-09T12:00:00Z,2025-11-08T06:00:00Z,test
8037,2025-08-10T18:00:00Z,2025-10-09T12:00:00Z,2025-10-09T18:00:00Z,2025-11-08T12:00:00Z,test
8038,2025-08-11T00:00:00Z,2025-10-09T18:00:00Z,2025-10-10T00:00:00Z,2025-11-08T18:00:00Z,test
8039,2025-08-11T06:00:00Z,2025-10-10T00:00:00Z,2025-10-10T06:00:00Z,2025-11-09T00:00:00Z,test
8040,2025-08-11T12:00:00Z,2025-10-10T06:00:00Z,2025-10-10T12:00:00Z,2025-11-09T06:00:00Z,test
8041,2025-08-11T18:00:00Z,2025-10-10T12:00:00Z,2025-10-10T18:00:00Z,2025-11-09T12:00:00Z,test
8042,2025-08-12T00:00:00Z,2025-10-10T18:00:00Z,2025-10-11T00:00:00Z,2025-11-09T18:00:00Z,test
8043,2025-08-12T06:00:00Z,2025-10-11T00:00:00Z,2025-10-11T06:00:00Z,2025-11-10T00:00:00Z,test
8044,2025-08-12T12:00:00Z,2025-10-11T06:00:00Z,2025-10-11T12:00:00Z,2025-11-10T06:00:00Z,test
8045,2025-08-12T18:00:00Z,2025-10-11T12:00:00Z,2025-10-11T18:00:00Z,2025-11-10T12:00:00Z,test
8046,2025-08-13T00:00:00Z,2025-10-11T18:00:00Z,2025-10-12T00:00:00Z,2025-11-10T18:00:00Z,test
8047,2025-08-13T06:00:00Z,2025-10-12T00:00:00Z,2025-10-12T06:00:00Z,2025-11-11T00:00:00Z,test
8048,2025-08-13T12:00:00Z,2025-10-12T06:00:00Z,2025-10-12T12:00:00Z,2025-11-11T06:00:00Z,test
8049,2025-08-13T18:00:00Z,2025-10-12T12:00:00Z,2025-10-12T18:00:00Z,2025-11-11T12:00:00Z,test
8050,2025-08-14T00:00:00Z,2025-10-12T18:00:00Z,2025-10-13T00:00:00Z,2025-11-11T18:00:00Z,test
8051,2025-08-14T06:00:00Z,2025-10-13T00:00:00Z,2025-10-13T06:00:00Z,2025-11-12T00:00:00Z,test
8052,2025-08-14T12:00:00Z,2025-10-13T06:00:00Z,2025-10-13T12:00:00Z,2025-11-12T06:00:00Z,test
8053,2025-08-14T18:00:00Z,2025-10-13T12:00:00Z,2025-10-13T18:00:00Z,2025-11-12T12:00:00Z,test
8054,2025-08-15T00:00:00Z,2025-10-13T18:00:00Z,2025-10-14T00:00:00Z,2025-11-12T18:00:00Z,test
8055,2025-08-15T06:00:00Z,2025-10-14T00:00:00Z,2025-10-14T06:00:00Z,2025-11-13T00:00:00Z,test
8056,2025-08-15T12:00:00Z,2025-10-14T06:00:00Z,2025-10-14T12:00:00Z,2025-11-13T06:00:00Z,test
8057,2025-08-15T18:00:00Z,2025-10-14T12:00:00Z,2025-10-14T18:00:00Z,2025-11-13T12:00:00Z,test
8058,2025-08-16T00:00:00Z,2025-10-14T18:00:00Z,2025-10-15T00:00:00Z,2025-11-13T18:00:00Z,test
8059,2025-08-16T06:00:00Z,2025-10-15T00:00:00Z,2025-10-15T06:00:00Z,2025-11-14T00:00:00Z,test
8060,2025-08-16T12:00:00Z,2025-10-15T06:00:00Z,2025-10-15T12:00:00Z,2025-11-14T06:00:00Z,test
8061,2025-08-16T18:00:00Z,2025-10-15T12:00:00Z,2025-10-15T18:00:00Z,2025-11-14T12:00:00Z,test
8062,2025-08-17T00:00:00Z,2025-10-15T18:00:00Z,2025-10-16T00:00:00Z,2025-11-14T18:00:00Z,test
8063,2025-08-17T06:00:00Z,2025-10-16T00:00:00Z,2025-10-16T06:00:00Z,2025-11-15T00:00:00Z,test
8064,2025-08-17T12:00:00Z,2025-10-16T06:00:00Z,2025-10-16T12:00:00Z,2025-11-15T06:00:00Z,test
8065,2025-08-17T18:00:00Z,2025-10-16T12:00:00Z,2025-10-16T18:00:00Z,2025-11-15T12:00:00Z,test
8066,2025-08-18T00:00:00Z,2025-10-16T18:00:00Z,2025-10-17T00:00:00Z,2025-11-15T18:00:00Z,test
8067,2025-08-18T06:00:00Z,2025-10-17T00:00:00Z,2025-10-17T06:00:00Z,2025-11-16T00:00:00Z,test
8068,2025-08-18T12:00:00Z,2025-10-17T06:00:00Z,2025-10-17T12:00:00Z,2025-11-16T06:00:00Z,test
8069,2025-08-18T18:00:00Z,2025-10-17T12:00:00Z,2025-10-17T18:00:00Z,2025-11-16T12:00:00Z,test
8070,2025-08-19T00:00:00Z,2025-10-17T18:00:00Z,2025-10-18T00:00:00Z,2025-11-16T18:00:00Z,test
8071,2025-08-19T06:00:00Z,2025-10-18T00:00:00Z,2025-10-18T06:00:00Z,2025-11-17T00:00:00Z,test
8072,2025-08-19T12:00:00Z,2025-10-18T06:00:00Z,2025-10-18T12:00:00Z,2025-11-17T06:00:00Z,test
8073,2025-08-19T18:00:00Z,2025-10-18T12:00:00Z,2025-10-18T18:00:00Z,2025-11-17T12:00:00Z,test
8074,2025-08-20T00:00:00Z,2025-10-18T18:00:00Z,2025-10-19T00:00:00Z,2025-11-17T18:00:00Z,test
8075,2025-08-20T06:00:00Z,2025-10-19T00:00:00Z,2025-10-19T06:00:00Z,2025-11-18T00:00:00Z,test
8076,2025-08-20T12:00:00Z,2025-10-19T06:00:00Z,2025-10-19T12:00:00Z,2025-11-18T06:00:00Z,test
8077,2025-08-20T18:00:00Z,2025-10-19T12:00:00Z,2025-10-19T18:00:00Z,2025-11-18T12:00:00Z,test
8078,2025-08-21T00:00:00Z,2025-10-19T18:00:00Z,2025-10-20T00:00:00Z,2025-11-18T18:00:00Z,test
8079,2025-08-21T06:00:00Z,2025-10-20T00:00:00Z,2025-10-20T06:00:00Z,2025-11-19T00:00:00Z,test
8080,2025-08-21T12:00:00Z,2025-10-20T06:00:00Z,2025-10-20T12:00:00Z,2025-11-19T06:00:00Z,test
8081,2025-08-21T18:00:00Z,2025-10-20T12:00:00Z,2025-10-20T18:00:00Z,2025-11-19T12:00:00Z,test
8082,2025-08-22T00:00:00Z,2025-10-20T18:00:00Z,2025-10-21T00:00:00Z,2025-11-19T18:00:00Z,test
8083,2025-08-22T06:00:00Z,2025-10-21T00:00:00Z,2025-10-21T06:00:00Z,2025-11-20T00:00:00Z,test
8084,2025-08-22T12:00:00Z,2025-10-21T06:00:00Z,2025-10-21T12:00:00Z,2025-11-20T06:00:00Z,test
8085,2025-08-22T18:00:00Z,2025-10-21T12:00:00Z,2025-10-21T18:00:00Z,2025-11-20T12:00:00Z,test
8086,2025-08-23T00:00:00Z,2025-10-21T18:00:00Z,2025-10-22T00:00:00Z,2025-11-20T18:00:00Z,test
8087,2025-08-23T06:00:00Z,2025-10-22T00:00:00Z,2025-10-22T06:00:00Z,2025-11-21T00:00:00Z,test
8088,2025-08-23T12:00:00Z,2025-10-22T06:00:00Z,2025-10-22T12:00:00Z,2025-11-21T06:00:00Z,test
8089,2025-08-23T18:00:00Z,2025-10-22T12:00:00Z,2025-10-22T18:00:00Z,2025-11-21T12:00:00Z,test
8090,2025-08-24T00:00:00Z,2025-10-22T18:00:00Z,2025-10-23T00:00:00Z,2025-11-21T18:00:00Z,test
8091,2025-08-24T06:00:00Z,2025-10-23T00:00:00Z,2025-10-23T06:00:00Z,2025-11-22T00:00:00Z,test
8092,2025-08-24T12:00:00Z,2025-10-23T06:00:00Z,2025-10-23T12:00:00Z,2025-11-22T06:00:00Z,test
8093,2025-08-24T18:00:00Z,2025-10-23T12:00:00Z,2025-10-23T18:00:00Z,2025-11-22T12:00:00Z,test
8094,2025-08-25T00:00:00Z,2025-10-23T18:00:00Z,2025-10-24T00:00:00Z,2025-11-22T18:00:00Z,test
8095,2025-08-25T06:00:00Z,2025-10-24T00:00:00Z,2025-10-24T06:00:00Z,2025-11-23T00:00:00Z,test
8096,2025-08-25T12:00:00Z,2025-10-24T06:00:00Z,2025-10-24T12:00:00Z,2025-11-23T06:00:00Z,test
8097,2025-08-25T18:00:00Z,2025-10-24T12:00:00Z,2025-10-24T18:00:00Z,2025-11-23T12:00:00Z,test
8098,2025-08-26T00:00:00Z,2025-10-24T18:00:00Z,2025-10-25T00:00:00Z,2025-11-23T18:00:00Z,test
8099,2025-08-26T06:00:00Z,2025-10-25T00:00:00Z,2025-10-25T06:00:00Z,2025-11-24T00:00:00Z,test
8100,2025-08-26T12:00:00Z,2025-10-25T06:00:00Z,2025-10-25T12:00:00Z,2025-11-24T06:00:00Z,test
8101,2025-08-26T18:00:00Z,2025-10-25T12:00:00Z,2025-10-25T18:00:00Z,2025-11-24T12:00:00Z,test
8102,2025-08-27T00:00:00Z,2025-10-25T18:00:00Z,2025-10-26T00:00:00Z,2025-11-24T18:00:00Z,test
8103,2025-08-27T06:00:00Z,2025-10-26T00:00:00Z,2025-10-26T06:00:00Z,2025-11-25T00:00:00Z,test
8104,2025-08-27T12:00:00Z,2025-10-26T06:00:00Z,2025-10-26T12:00:00Z,2025-11-25T06:00:00Z,test
8105,2025-08-27T18:00:00Z,2025-10-26T12:00:00Z,2025-10-26T18:00:00Z,2025-11-25T12:00:00Z,test
8106,2025-08-28T00:00:00Z,2025-10-26T18:00:00Z,2025-10-27T00:00:00Z,2025-11-25T18:00:00Z,test
8107,2025-08-28T06:00:00Z,2025-10-27T00:00:00Z,2025-10-27T06:00:00Z,2025-11-26T00:00:00Z,test
8108,2025-08-28T12:00:00Z,2025-10-27T06:00:00Z,2025-10-27T12:00:00Z,2025-11-26T06:00:00Z,test
8109,2025-08-28T18:00:00Z,2025-10-27T12:00:00Z,2025-10-27T18:00:00Z,2025-11-26T12:00:00Z,test
8110,2025-08-29T00:00:00Z,2025-10-27T18:00:00Z,2025-10-28T00:00:00Z,2025-11-26T18:00:00Z,test
8111,2025-08-29T06:00:00Z,2025-10-28T00:00:00Z,2025-10-28T06:00:00Z,2025-11-27T00:00:00Z,test
8112,2025-08-29T12:00:00Z,2025-10-28T06:00:00Z,2025-10-28T12:00:00Z,2025-11-27T06:00:00Z,test
8113,2025-08-29T18:00:00Z,2025-10-28T12:00:00Z,2025-10-28T18:00:00Z,2025-11-27T12:00:00Z,test
8114,2025-08-30T00:00:00Z,2025-10-28T18:00:00Z,2025-10-29T00:00:00Z,2025-11-27T18:00:00Z,test
8115,2025-08-30T06:00:00Z,2025-10-29T00:00:00Z,2025-10-29T06:00:00Z,2025-11-28T00:00:00Z,test
8116,2025-08-30T12:00:00Z,2025-10-29T06:00:00Z,2025-10-29T12:00:00Z,2025-11-28T06:00:00Z,test
8117,2025-08-30T18:00:00Z,2025-10-29T12:00:00Z,2025-10-29T18:00:00Z,2025-11-28T12:00:00Z,test
8118,2025-08-31T00:00:00Z,2025-10-29T18:00:00Z,2025-10-30T00:00:00Z,2025-11-28T18:00:00Z,test
8119,2025-08-31T06:00:00Z,2025-10-30T00:00:00Z,2025-10-30T06:00:00Z,2025-11-29T00:00:00Z,test
8120,2025-08-31T12:00:00Z,2025-10-30T06:00:00Z,2025-10-30T12:00:00Z,2025-11-29T06:00:00Z,test
8121,2025-08-31T18:00:00Z,2025-10-30T12:00:00Z,2025-10-30T18:00:00Z,2025-11-29T12:00:00Z,test
8122,2025-09-01T00:00:00Z,2025-10-30T18:00:00Z,2025-10-31T00:00:00Z,2025-11-29T18:00:00Z,test
8123,2025-09-01T06:00:00Z,2025-10-31T00:00:00Z,2025-10-31T06:00:00Z,2025-11-30T00:00:00Z,test
8124,2025-09-01T12:00:00Z,2025-10-31T06:00:00Z,2025-10-31T12:00:00Z,2025-11-30T06:00:00Z,test
8125,2025-09-01T18:00:00Z,2025-10-31T12:00:00Z,2025-10-31T18:00:00Z,2025-11-30T12:00:00Z,test
8126,2025-09-02T00:00:00Z,2025-10-31T18:00:00Z,2025-11-01T00:00:00Z,2025-11-30T18:00:00Z,test
8127,2025-09-02T06:00:00Z,2025-11-01T00:00:00Z,2025-11-01T06:00:00Z,2025-12-01T00:00:00Z,test
8128,2025-09-02T12:00:00Z,2025-11-01T06:00:00Z,2025-11-01T12:00:00Z,2025-12-01T06:00:00Z,test
8129,2025-09-02T18:00:00Z,2025-11-01T12:00:00Z,2025-11-01T18:00:00Z,2025-12-01T12:00:00Z,test
8130,2025-09-03T00:00:00Z,2025-11-01T18:00:00Z,2025-11-02T00:00:00Z,2025-12-01T18:00:00Z,test
8131,2025-09-03T06:00:00Z,2025-11-02T00:00:00Z,2025-11-02T06:00:00Z,2025-12-02T00:00:00Z,test
8132,2025-09-03T12:00:00Z,2025-11-02T06:00:00Z,2025-11-02T12:00:00Z,2025-12-02T06:00:00Z,test
8133,2025-09-03T18:00:00Z,2025-11-02T12:00:00Z,2025-11-02T18:00:00Z,2025-12-02T12:00:00Z,test
8134,2025-09-04T00:00:00Z,2025-11-02T18:00:00Z,2025-11-03T00:00:00Z,2025-12-02T18:00:00Z,test
8135,2025-09-04T06:00:00Z,2025-11-03T00:00:00Z,2025-11-03T06:00:00Z,2025-12-03T00:00:00Z,test
8136,2025-09-04T12:00:00Z,2025-11-03T06:00:00Z,2025-11-03T12:00:00Z,2025-12-03T06:00:00Z,test
8137,2025-09-04T18:00:00Z,2025-11-03T12:00:00Z,2025-11-03T18:00:00Z,2025-12-03T12:00:00Z,test
8138,2025-09-05T00:00:00Z,2025-11-03T18:00:00Z,2025-11-04T00:00:00Z,2025-12-03T18:00:00Z,test
8139,2025-09-05T06:00:00Z,2025-11-04T00:00:00Z,2025-11-04T06:00:00Z,2025-12-04T00:00:00Z,test
8140,2025-09-05T12:00:00Z,2025-11-04T06:00:00Z,2025-11-04T12:00:00Z,2025-12-04T06:00:00Z,test
8141,2025-09-05T18:00:00Z,2025-11-04T12:00:00Z,2025-11-04T18:00:00Z,2025-12-04T12:00:00Z,test
8142,2025-09-06T00:00:00Z,2025-11-04T18:00:00Z,2025-11-05T00:00:00Z,2025-12-04T18:00:00Z,test
8143,2025-09-06T06:00:00Z,2025-11-05T00:00:00Z,2025-11-05T06:00:00Z,2025-12-05T00:00:00Z,test
8144,2025-09-06T12:00:00Z,2025-11-05T06:00:00Z,2025-11-05T12:00:00Z,2025-12-05T06:00:00Z,test
8145,2025-09-06T18:00:00Z,2025-11-05T12:00:00Z,2025-11-05T18:00:00Z,2025-12-05T12:00:00Z,test
8146,2025-09-07T00:00:00Z,2025-11-05T18:00:00Z,2025-11-06T00:00:00Z,2025-12-05T18:00:00Z,test
8147,2025-09-07T06:00:00Z,2025-11-06T00:00:00Z,2025-11-06T06:00:00Z,2025-12-06T00:00:00Z,test
8148,2025-09-07T12:00:00Z,2025-11-06T06:00:00Z,2025-11-06T12:00:00Z,2025-12-06T06:00:00Z,test
8149,2025-09-07T18:00:00Z,2025-11-06T12:00:00Z,2025-11-06T18:00:00Z,2025-12-06T12:00:00Z,test
8150,2025-09-08T00:00:00Z,2025-11-06T18:00:00Z,2025-11-07T00:00:00Z,2025-12-06T18:00:00Z,test
8151,2025-09-08T06:00:00Z,2025-11-07T00:00:00Z,2025-11-07T06:00:00Z,2025-12-07T00:00:00Z,test
8152,2025-09-08T12:00:00Z,2025-11-07T06:00:00Z,2025-11-07T12:00:00Z,2025-12-07T06:00:00Z,test
8153,2025-09-08T18:00:00Z,2025-11-07T12:00:00Z,2025-11-07T18:00:00Z,2025-12-07T12:00:00Z,test
8154,2025-09-09T00:00:00Z,2025-11-07T18:00:00Z,2025-11-08T00:00:00Z,2025-12-07T18:00:00Z,test
8155,2025-09-09T06:00:00Z,2025-11-08T00:00:00Z,2025-11-08T06:00:00Z,2025-12-08T00:00:00Z,test
8156,2025-09-09T12:00:00Z,2025-11-08T06:00:00Z,2025-11-08T12:00:00Z,2025-12-08T06:00:00Z,test
8157,2025-09-09T18:00:00Z,2025-11-08T12:00:00Z,2025-11-08T18:00:00Z,2025-12-08T12:00:00Z,test
8158,2025-09-10T00:00:00Z,2025-11-08T18:00:00Z,2025-11-09T00:00:00Z,2025-12-08T18:00:00Z,test
8159,2025-09-10T06:00:00Z,2025-11-09T00:00:00Z,2025-11-09T06:00:00Z,2025-12-09T00:00:00Z,test
8160,2025-09-10T12:00:00Z,2025-11-09T06:00:00Z,2025-11-09T12:00:00Z,2025-12-09T06:00:00Z,test
8161,2025-09-10T18:00:00Z,2025-11-09T12:00:00Z,2025-11-09T18:00:00Z,2025-12-09T12:00:00Z,test
8162,2025-09-11T00:00:00Z,2025-11-09T18:00:00Z,2025-11-10T00:00:00Z,2025-12-09T18:00:00Z,test
8163,2025-09-11T06:00:00Z,2025-11-10T00:00:00Z,2025-11-10T06:00:00Z,2025-12-10T00:00:00Z,test
8164,2025-09-11T12:00:00Z,2025-11-10T06:00:00Z,2025-11-10T12:00:00Z,2025-12-10T06:00:00Z,test
8165,2025-09-11T18:00:00Z,2025-11-10T12:00:00Z,2025-11-10T18:00:00Z,2025-12-10T12:00:00Z,test
8166,2025-09-12T00:00:00Z,2025-11-10T18:00:00Z,2025-11-11T00:00:00Z,2025-12-10T18:00:00Z,test
8167,2025-09-12T06:00:00Z,2025-11-11T00:00:00Z,2025-11-11T06:00:00Z,2025-12-11T00:00:00Z,test
8168,2025-09-12T12:00:00Z,2025-11-11T06:00:00Z,2025-11-11T12:00:00Z,2025-12-11T06:00:00Z,test
8169,2025-09-12T18:00:00Z,2025-11-11T12:00:00Z,2025-11-11T18:00:00Z,2025-12-11T12:00:00Z,test
8170,2025-09-13T00:00:00Z,2025-11-11T18:00:00Z,2025-11-12T00:00:00Z,2025-12-11T18:00:00Z,test
8171,2025-09-13T06:00:00Z,2025-11-12T00:00:00Z,2025-11-12T06:00:00Z,2025-12-12T00:00:00Z,test
8172,2025-09-13T12:00:00Z,2025-11-12T06:00:00Z,2025-11-12T12:00:00Z,2025-12-12T06:00:00Z,test
8173,2025-09-13T18:00:00Z,2025-11-12T12:00:00Z,2025-11-12T18:00:00Z,2025-12-12T12:00:00Z,test
8174,2025-09-14T00:00:00Z,2025-11-12T18:00:00Z,2025-11-13T00:00:00Z,2025-12-12T18:00:00Z,test
8175,2025-09-14T06:00:00Z,2025-11-13T00:00:00Z,2025-11-13T06:00:00Z,2025-12-13T00:00:00Z,test
8176,2025-09-14T12:00:00Z,2025-11-13T06:00:00Z,2025-11-13T12:00:00Z,2025-12-13T06:00:00Z,test
8177,2025-09-14T18:00:00Z,2025-11-13T12:00:00Z,2025-11-13T18:00:00Z,2025-12-13T12:00:00Z,test
8178,2025-09-15T00:00:00Z,2025-11-13T18:00:00Z,2025-11-14T00:00:00Z,2025-12-13T18:00:00Z,test
8179,2025-09-15T06:00:00Z,2025-11-14T00:00:00Z,2025-11-14T06:00:00Z,2025-12-14T00:00:00Z,test
8180,2025-09-15T12:00:00Z,2025-11-14T06:00:00Z,2025-11-14T12:00:00Z,2025-12-14T06:00:00Z,test
8181,2025-09-15T18:00:00Z,2025-11-14T12:00:00Z,2025-11-14T18:00:00Z,2025-12-14T12:00:00Z,test
8182,2025-09-16T00:00:00Z,2025-11-14T18:00:00Z,2025-11-15T00:00:00Z,2025-12-14T18:00:00Z,test
8183,2025-09-16T06:00:00Z,2025-11-15T00:00:00Z,2025-11-15T06:00:00Z,2025-12-15T00:00:00Z,test
8184,2025-09-16T12:00:00Z,2025-11-15T06:00:00Z,2025-11-15T12:00:00Z,2025-12-15T06:00:00Z,test
8185,2025-09-16T18:00:00Z,2025-11-15T12:00:00Z,2025-11-15T18:00:00Z,2025-12-15T12:00:00Z,test
8186,2025-09-17T00:00:00Z,2025-11-15T18:00:00Z,2025-11-16T00:00:00Z,2025-12-15T18:00:00Z,test
8187,2025-09-17T06:00:00Z,2025-11-16T00:00:00Z,2025-11-16T06:00:00Z,2025-12-16T00:00:00Z,test
8188,2025-09-17T12:00:00Z,2025-11-16T06:00:00Z,2025-11-16T12:00:00Z,2025-12-16T06:00:00Z,test
8189,2025-09-17T18:00:00Z,2025-11-16T12:00:00Z,2025-11-16T18:00:00Z,2025-12-16T12:00:00Z,test
8190,2025-09-18T00:00:00Z,2025-11-16T18:00:00Z,2025-11-17T00:00:00Z,2025-12-16T18:00:00Z,test
8191,2025-09-18T06:00:00Z,2025-11-17T00:00:00Z,2025-11-17T06:00:00Z,2025-12-17T00:00:00Z,test
8192,2025-09-18T12:00:00Z,2025-11-17T06:00:00Z,2025-11-17T12:00:00Z,2025-12-17T06:00:00Z,test
8193,2025-09-18T18:00:00Z,2025-11-17T12:00:00Z,2025-11-17T18:00:00Z,2025-12-17T12:00:00Z,test
8194,2025-09-19T00:00:00Z,2025-11-17T18:00:00Z,2025-11-18T00:00:00Z,2025-12-17T18:00:00Z,test
8195,2025-09-19T06:00:00Z,2025-11-18T00:00:00Z,2025-11-18T06:00:00Z,2025-12-18T00:00:00Z,test
8196,2025-09-19T12:00:00Z,2025-11-18T06:00:00Z,2025-11-18T12:00:00Z,2025-12-18T06:00:00Z,test
8197,2025-09-19T18:00:00Z,2025-11-18T12:00:00Z,2025-11-18T18:00:00Z,2025-12-18T12:00:00Z,test
8198,2025-09-20T00:00:00Z,2025-11-18T18:00:00Z,2025-11-19T00:00:00Z,2025-12-18T18:00:00Z,test
8199,2025-09-20T06:00:00Z,2025-11-19T00:00:00Z,2025-11-19T06:00:00Z,2025-12-19T00:00:00Z,test
8200,2025-09-20T12:00:00Z,2025-11-19T06:00:00Z,2025-11-19T12:00:00Z,2025-12-19T06:00:00Z,test
8201,2025-09-20T18:00:00Z,2025-11-19T12:00:00Z,2025-11-19T18:00:00Z,2025-12-19T12:00:00Z,test
8202,2025-09-21T00:00:00Z,2025-11-19T18:00:00Z,2025-11-20T00:00:00Z,2025-12-19T18:00:00Z,test
8203,2025-09-21T06:00:00Z,2025-11-20T00:00:00Z,2025-11-20T06:00:00Z,2025-12-20T00:00:00Z,test
8204,2025-09-21T12:00:00Z,2025-11-20T06:00:00Z,2025-11-20T12:00:00Z,2025-12-20T06:00:00Z,test
8205,2025-09-21T18:00:00Z,2025-11-20T12:00:00Z,2025-11-20T18:00:00Z,2025-12-20T12:00:00Z,test
8206,2025-09-22T00:00:00Z,2025-11-20T18:00:00Z,2025-11-21T00:00:00Z,2025-12-20T18:00:00Z,test
8207,2025-09-22T06:00:00Z,2025-11-21T00:00:00Z,2025-11-21T06:00:00Z,2025-12-21T00:00:00Z,test
8208,2025-09-22T12:00:00Z,2025-11-21T06:00:00Z,2025-11-21T12:00:00Z,2025-12-21T06:00:00Z,test
8209,2025-09-22T18:00:00Z,2025-11-21T12:00:00Z,2025-11-21T18:00:00Z,2025-12-21T12:00:00Z,test
8210,2025-09-23T00:00:00Z,2025-11-21T18:00:00Z,2025-11-22T00:00:00Z,2025-12-21T18:00:00Z,test
8211,2025-09-23T06:00:00Z,2025-11-22T00:00:00Z,2025-11-22T06:00:00Z,2025-12-22T00:00:00Z,test
8212,2025-09-23T12:00:00Z,2025-11-22T06:00:00Z,2025-11-22T12:00:00Z,2025-12-22T06:00:00Z,test
8213,2025-09-23T18:00:00Z,2025-11-22T12:00:00Z,2025-11-22T18:00:00Z,2025-12-22T12:00:00Z,test
8214,2025-09-24T00:00:00Z,2025-11-22T18:00:00Z,2025-11-23T00:00:00Z,2025-12-22T18:00:00Z,test
8215,2025-09-24T06:00:00Z,2025-11-23T00:00:00Z,2025-11-23T06:00:00Z,2025-12-23T00:00:00Z,test
8216,2025-09-24T12:00:00Z,2025-11-23T06:00:00Z,2025-11-23T12:00:00Z,2025-12-23T06:00:00Z,test
8217,2025-09-24T18:00:00Z,2025-11-23T12:00:00Z,2025-11-23T18:00:00Z,2025-12-23T12:00:00Z,test
8218,2025-09-25T00:00:00Z,2025-11-23T18:00:00Z,2025-11-24T00:00:00Z,2025-12-23T18:00:00Z,test
8219,2025-09-25T06:00:00Z,2025-11-24T00:00:00Z,2025-11-24T06:00:00Z,2025-12-24T00:00:00Z,test
8220,2025-09-25T12:00:00Z,2025-11-24T06:00:00Z,2025-11-24T12:00:00Z,2025-12-24T06:00:00Z,test
8221,2025-09-25T18:00:00Z,2025-11-24T12:00:00Z,2025-11-24T18:00:00Z,2025-12-24T12:00:00Z,test
8222,2025-09-26T00:00:00Z,2025-11-24T18:00:00Z,2025-11-25T00:00:00Z,2025-12-24T18:00:00Z,test
8223,2025-09-26T06:00:00Z,2025-11-25T00:00:00Z,2025-11-25T06:00:00Z,2025-12-25T00:00:00Z,test
8224,2025-09-26T12:00:00Z,2025-11-25T06:00:00Z,2025-11-25T12:00:00Z,2025-12-25T06:00:00Z,test
8225,2025-09-26T18:00:00Z,2025-11-25T12:00:00Z,2025-11-25T18:00:00Z,2025-12-25T12:00:00Z,test
8226,2025-09-27T00:00:00Z,2025-11-25T18:00:00Z,2025-11-26T00:00:00Z,2025-12-25T18:00:00Z,test
8227,2025-09-27T06:00:00Z,2025-11-26T00:00:00Z,2025-11-26T06:00:00Z,2025-12-26T00:00:00Z,test
8228,2025-09-27T12:00:00Z,2025-11-26T06:00:00Z,2025-11-26T12:00:00Z,2025-12-26T06:00:00Z,test
8229,2025-09-27T18:00:00Z,2025-11-26T12:00:00Z,2025-11-26T18:00:00Z,2025-12-26T12:00:00Z,test
8230,2025-09-28T00:00:00Z,2025-11-26T18:00:00Z,2025-11-27T00:00:00Z,2025-12-26T18:00:00Z,test
8231,2025-09-28T06:00:00Z,2025-11-27T00:00:00Z,2025-11-27T06:00:00Z,2025-12-27T00:00:00Z,test
8232,2025-09-28T12:00:00Z,2025-11-27T06:00:00Z,2025-11-27T12:00:00Z,2025-12-27T06:00:00Z,test
8233,2025-09-28T18:00:00Z,2025-11-27T12:00:00Z,2025-11-27T18:00:00Z,2025-12-27T12:00:00Z,test
8234,2025-09-29T00:00:00Z,2025-11-27T18:00:00Z,2025-11-28T00:00:00Z,2025-12-27T18:00:00Z,test
8235,2025-09-29T06:00:00Z,2025-11-28T00:00:00Z,2025-11-28T06:00:00Z,2025-12-28T00:00:00Z,test
8236,2025-09-29T12:00:00Z,2025-11-28T06:00:00Z,2025-11-28T12:00:00Z,2025-12-28T06:00:00Z,test
8237,2025-09-29T18:00:00Z,2025-11-28T12:00:00Z,2025-11-28T18:00:00Z,2025-12-28T12:00:00Z,test
8238,2025-09-30T00:00:00Z,2025-11-28T18:00:00Z,2025-11-29T00:00:00Z,2025-12-28T18:00:00Z,test
8239,2025-09-30T06:00:00Z,2025-11-29T00:00:00Z,2025-11-29T06:00:00Z,2025-12-29T00:00:00Z,test
8240,2025-09-30T12:00:00Z,2025-11-29T06:00:00Z,2025-11-29T12:00:00Z,2025-12-29T06:00:00Z,test
8241,2025-09-30T18:00:00Z,2025-11-29T12:00:00Z,2025-11-29T18:00:00Z,2025-12-29T12:00:00Z,test
8242,2025-10-01T00:00:00Z,2025-11-29T18:00:00Z,2025-11-30T00:00:00Z,2025-12-29T18:00:00Z,test
8243,2025-10-01T06:00:00Z,2025-11-30T00:00:00Z,2025-11-30T06:00:00Z,2025-12-30T00:00:00Z,test
8244,2025-10-01T12:00:00Z,2025-11-30T06:00:00Z,2025-11-30T12:00:00Z,2025-12-30T06:00:00Z,test
8245,2025-10-01T18:00:00Z,2025-11-30T12:00:00Z,2025-11-30T18:00:00Z,2025-12-30T12:00:00Z,test
8246,2025-10-02T00:00:00Z,2025-11-30T18:00:00Z,2025-12-01T00:00:00Z,2025-12-30T18:00:00Z,test
8247,2025-10-02T06:00:00Z,2025-12-01T00:00:00Z,2025-12-01T06:00:00Z,2025-12-31T00:00:00Z,test
8248,2025-10-02T12:00:00Z,2025-12-01T06:00:00Z,2025-12-01T12:00:00Z,2025-12-31T06:00:00Z,test
8249,2025-10-02T18:00:00Z,2025-12-01T12:00:00Z,2025-12-01T18:00:00Z,2025-12-31T12:00:00Z,test
8250,2025-10-03T00:00:00Z,2025-12-01T18:00:00Z,2025-12-02T00:00:00Z,2025-12-31T18:00:00Z,test
8251,2025-10-03T06:00:00Z,2025-12-02T00:00:00Z,2025-12-02T06:00:00Z,2026-01-01T00:00:00Z,test
8252,2025-10-03T12:00:00Z,2025-12-02T06:00:00Z,2025-12-02T12:00:00Z,2026-01-01T06:00:00Z,test
8253,2025-10-03T18:00:00Z,2025-12-02T12:00:00Z,2025-12-02T18:00:00Z,2026-01-01T12:00:00Z,test
8254,2025-10-04T00:00:00Z,2025-12-02T18:00:00Z,2025-12-03T00:00:00Z,2026-01-01T18:00:00Z,test
8255,2025-10-04T06:00:00Z,2025-12-03T00:00:00Z,2025-12-03T06:00:00Z,2026-01-02T00:00:00Z,test
8256,2025-10-04T12:00:00Z,2025-12-03T06:00:00Z,2025-12-03T12:00:00Z,2026-01-02T06:00:00Z,test
8257,2025-10-04T18:00:00Z,2025-12-03T12:00:00Z,2025-12-03T18:00:00Z,2026-01-02T12:00:00Z,test
8258,2025-10-05T00:00:00Z,2025-12-03T18:00:00Z,2025-12-04T00:00:00Z,2026-01-02T18:00:00Z,test
8259,2025-10-05T06:00:00Z,2025-12-04T00:00:00Z,2025-12-04T06:00:00Z,2026-01-03T00:00:00Z,test
8260,2025-10-05T12:00:00Z,2025-12-04T06:00:00Z,2025-12-04T12:00:00Z,2026-01-03T06:00:00Z,test
8261,2025-10-05T18:00:00Z,2025-12-04T12:00:00Z,2025-12-04T18:00:00Z,2026-01-03T12:00:00Z,test
8262,2025-10-06T00:00:00Z,2025-12-04T18:00:00Z,2025-12-05T00:00:00Z,2026-01-03T18:00:00Z,test
8263,2025-10-06T06:00:00Z,2025-12-05T00:00:00Z,2025-12-05T06:00:00Z,2026-01-04T00:00:00Z,test
8264,2025-10-06T12:00:00Z,2025-12-05T06:00:00Z,2025-12-05T12:00:00Z,2026-01-04T06:00:00Z,test
8265,2025-10-06T18:00:00Z,2025-12-05T12:00:00Z,2025-12-05T18:00:00Z,2026-01-04T12:00:00Z,test
8266,2025-10-07T00:00:00Z,2025-12-05T18:00:00Z,2025-12-06T00:00:00Z,2026-01-04T18:00:00Z,test
8267,2025-10-07T06:00:00Z,2025-12-06T00:00:00Z,2025-12-06T06:00:00Z,2026-01-05T00:00:00Z,test
8268,2025-10-07T12:00:00Z,2025-12-06T06:00:00Z,2025-12-06T12:00:00Z,2026-01-05T06:00:00Z,test
8269,2025-10-07T18:00:00Z,2025-12-06T12:00:00Z,2025-12-06T18:00:00Z,2026-01-05T12:00:00Z,test
8270,2025-10-08T00:00:00Z,2025-12-06T18:00:00Z,2025-12-07T00:00:00Z,2026-01-05T18:00:00Z,test
8271,2025-10-08T06:00:00Z,2025-12-07T00:00:00Z,2025-12-07T06:00:00Z,2026-01-06T00:00:00Z,test
8272,2025-10-08T12:00:00Z,2025-12-07T06:00:00Z,2025-12-07T12:00:00Z,2026-01-06T06:00:00Z,test
8273,2025-10-08T18:00:00Z,2025-12-07T12:00:00Z,2025-12-07T18:00:00Z,2026-01-06T12:00:00Z,test
8274,2025-10-09T00:00:00Z,2025-12-07T18:00:00Z,2025-12-08T00:00:00Z,2026-01-06T18:00:00Z,test
8275,2025-10-09T06:00:00Z,2025-12-08T00:00:00Z,2025-12-08T06:00:00Z,2026-01-07T00:00:00Z,test
8276,2025-10-09T12:00:00Z,2025-12-08T06:00:00Z,2025-12-08T12:00:00Z,2026-01-07T06:00:00Z,test
8277,2025-10-09T18:00:00Z,2025-12-08T12:00:00Z,2025-12-08T18:00:00Z,2026-01-07T12:00:00Z,test
8278,2025-10-10T00:00:00Z,2025-12-08T18:00:00Z,2025-12-09T00:00:00Z,2026-01-07T18:00:00Z,test
8279,2025-10-10T06:00:00Z,2025-12-09T00:00:00Z,2025-12-09T06:00:00Z,2026-01-08T00:00:00Z,test
8280,2025-10-10T12:00:00Z,2025-12-09T06:00:00Z,2025-12-09T12:00:00Z,2026-01-08T06:00:00Z,test
8281,2025-10-10T18:00:00Z,2025-12-09T12:00:00Z,2025-12-09T18:00:00Z,2026-01-08T12:00:00Z,test
8282,2025-10-11T00:00:00Z,2025-12-09T18:00:00Z,2025-12-10T00:00:00Z,2026-01-08T18:00:00Z,test
8283,2025-10-11T06:00:00Z,2025-12-10T00:00:00Z,2025-12-10T06:00:00Z,2026-01-09T00:00:00Z,test
8284,2025-10-11T12:00:00Z,2025-12-10T06:00:00Z,2025-12-10T12:00:00Z,2026-01-09T06:00:00Z,test
8285,2025-10-11T18:00:00Z,2025-12-10T12:00:00Z,2025-12-10T18:00:00Z,2026-01-09T12:00:00Z,test
8286,2025-10-12T00:00:00Z,2025-12-10T18:00:00Z,2025-12-11T00:00:00Z,2026-01-09T18:00:00Z,test
8287,2025-10-12T06:00:00Z,2025-12-11T00:00:00Z,2025-12-11T06:00:00Z,2026-01-10T00:00:00Z,test
8288,2025-10-12T12:00:00Z,2025-12-11T06:00:00Z,2025-12-11T12:00:00Z,2026-01-10T06:00:00Z,test
8289,2025-10-12T18:00:00Z,2025-12-11T12:00:00Z,2025-12-11T18:00:00Z,2026-01-10T12:00:00Z,test
8290,2025-10-13T00:00:00Z,2025-12-11T18:00:00Z,2025-12-12T00:00:00Z,2026-01-10T18:00:00Z,test
8291,2025-10-13T06:00:00Z,2025-12-12T00:00:00Z,2025-12-12T06:00:00Z,2026-01-11T00:00:00Z,test
8292,2025-10-13T12:00:00Z,2025-12-12T06:00:00Z,2025-12-12T12:00:00Z,2026-01-11T06:00:00Z,test
8293,2025-10-13T18:00:00Z,2025-12-12T12:00:00Z,2025-12-12T18:00:00Z,2026-01-11T12:00:00Z,test
8294,2025-10-14T00:00:00Z,2025-12-12T18:00:00Z,2025-12-13T00:00:00Z,2026-01-11T18:00:00Z,test
8295,2025-10-14T06:00:00Z,2025-12-13T00:00:00Z,2025-12-13T06:00:00Z,2026-01-12T00:00:00Z,test
8296,2025-10-14T12:00:00Z,2025-12-13T06:00:00Z,2025-12-13T12:00:00Z,2026-01-12T06:00:00Z,test
8297,2025-10-14T18:00:00Z,2025-12-13T12:00:00Z,2025-12-13T18:00:00Z,2026-01-12T12:00:00Z,test
8298,2025-10-15T00:00:00Z,2025-12-13T18:00:00Z,2025-12-14T00:00:00Z,2026-01-12T18:00:00Z,test
8299,2025-10-15T06:00:00Z,2025-12-14T00:00:00Z,2025-12-14T06:00:00Z,2026-01-13T00:00:00Z,test
8300,2025-10-15T12:00:00Z,2025-12-14T06:00:00Z,2025-12-14T12:00:00Z,2026-01-13T06:00:00Z,test
8301,2025-10-15T18:00:00Z,2025-12-14T12:00:00Z,2025-12-14T18:00:00Z,2026-01-13T12:00:00Z,test
8302,2025-10-16T00:00:00Z,2025-12-14T18:00:00Z,2025-12-15T00:00:00Z,2026-01-13T18:00:00Z,test
8303,2025-10-16T06:00:00Z,2025-12-15T00:00:00Z,2025-12-15T06:00:00Z,2026-01-14T00:00:00Z,test
8304,2025-10-16T12:00:00Z,2025-12-15T06:00:00Z,2025-12-15T12:00:00Z,2026-01-14T06:00:00Z,test
8305,2025-10-16T18:00:00Z,2025-12-15T12:00:00Z,2025-12-15T18:00:00Z,2026-01-14T12:00:00Z,test
8306,2025-10-17T00:00:00Z,2025-12-15T18:00:00Z,2025-12-16T00:00:00Z,2026-01-14T18:00:00Z,test
8307,2025-10-17T06:00:00Z,2025-12-16T00:00:00Z,2025-12-16T06:00:00Z,2026-01-15T00:00:00Z,test
8308,2025-10-17T12:00:00Z,2025-12-16T06:00:00Z,2025-12-16T12:00:00Z,2026-01-15T06:00:00Z,test
8309,2025-10-17T18:00:00Z,2025-12-16T12:00:00Z,2025-12-16T18:00:00Z,2026-01-15T12:00:00Z,test
8310,2025-10-18T00:00:00Z,2025-12-16T18:00:00Z,2025-12-17T00:00:00Z,2026-01-15T18:00:00Z,test
8311,2025-10-18T06:00:00Z,2025-12-17T00:00:00Z,2025-12-17T06:00:00Z,2026-01-16T00:00:00Z,test
8312,2025-10-18T12:00:00Z,2025-12-17T06:00:00Z,2025-12-17T12:00:00Z,2026-01-16T06:00:00Z,test
8313,2025-10-18T18:00:00Z,2025-12-17T12:00:00Z,2025-12-17T18:00:00Z,2026-01-16T12:00:00Z,test
8314,2025-10-19T00:00:00Z,2025-12-17T18:00:00Z,2025-12-18T00:00:00Z,2026-01-16T18:00:00Z,test
8315,2025-10-19T06:00:00Z,2025-12-18T00:00:00Z,2025-12-18T06:00:00Z,2026-01-17T00:00:00Z,test
8316,2025-10-19T12:00:00Z,2025-12-18T06:00:00Z,2025-12-18T12:00:00Z,2026-01-17T06:00:00Z,test
8317,2025-10-19T18:00:00Z,2025-12-18T12:00:00Z,2025-12-18T18:00:00Z,2026-01-17T12:00:00Z,test
8318,2025-10-20T00:00:00Z,2025-12-18T18:00:00Z,2025-12-19T00:00:00Z,2026-01-17T18:00:00Z,test
8319,2025-10-20T06:00:00Z,2025-12-19T00:00:00Z,2025-12-19T06:00:00Z,2026-01-18T00:00:00Z,test
8320,2025-10-20T12:00:00Z,2025-12-19T06:00:00Z,2025-12-19T12:00:00Z,2026-01-18T06:00:00Z,test
8321,2025-10-20T18:00:00Z,2025-12-19T12:00:00Z,2025-12-19T18:00:00Z,2026-01-18T12:00:00Z,test
8322,2025-10-21T00:00:00Z,2025-12-19T18:00:00Z,2025-12-20T00:00:00Z,2026-01-18T18:00:00Z,test
8323,2025-10-21T06:00:00Z,2025-12-20T00:00:00Z,2025-12-20T06:00:00Z,2026-01-19T00:00:00Z,test
8324,2025-10-21T12:00:00Z,2025-12-20T06:00:00Z,2025-12-20T12:00:00Z,2026-01-19T06:00:00Z,test
8325,2025-10-21T18:00:00Z,2025-12-20T12:00:00Z,2025-12-20T18:00:00Z,2026-01-19T12:00:00Z,test
8326,2025-10-22T00:00:00Z,2025-12-20T18:00:00Z,2025-12-21T00:00:00Z,2026-01-19T18:00:00Z,test
8327,2025-10-22T06:00:00Z,2025-12-21T00:00:00Z,2025-12-21T06:00:00Z,2026-01-20T00:00:00Z,test
8328,2025-10-22T12:00:00Z,2025-12-21T06:00:00Z,2025-12-21T12:00:00Z,2026-01-20T06:00:00Z,test
8329,2025-10-22T18:00:00Z,2025-12-21T12:00:00Z,2025-12-21T18:00:00Z,2026-01-20T12:00:00Z,test
8330,2025-10-23T00:00:00Z,2025-12-21T18:00:00Z,2025-12-22T00:00:00Z,2026-01-20T18:00:00Z,test
8331,2025-10-23T06:00:00Z,2025-12-22T00:00:00Z,2025-12-22T06:00:00Z,2026-01-21T00:00:00Z,test
8332,2025-10-23T12:00:00Z,2025-12-22T06:00:00Z,2025-12-22T12:00:00Z,2026-01-21T06:00:00Z,test
8333,2025-10-23T18:00:00Z,2025-12-22T12:00:00Z,2025-12-22T18:00:00Z,2026-01-21T12:00:00Z,test
8334,2025-10-24T00:00:00Z,2025-12-22T18:00:00Z,2025-12-23T00:00:00Z,2026-01-21T18:00:00Z,test
8335,2025-10-24T06:00:00Z,2025-12-23T00:00:00Z,2025-12-23T06:00:00Z,2026-01-22T00:00:00Z,test
8336,2025-10-24T12:00:00Z,2025-12-23T06:00:00Z,2025-12-23T12:00:00Z,2026-01-22T06:00:00Z,test
8337,2025-10-24T18:00:00Z,2025-12-23T12:00:00Z,2025-12-23T18:00:00Z,2026-01-22T12:00:00Z,test
8338,2025-10-25T00:00:00Z,2025-12-23T18:00:00Z,2025-12-24T00:00:00Z,2026-01-22T18:00:00Z,test
8339,2025-10-25T06:00:00Z,2025-12-24T00:00:00Z,2025-12-24T06:00:00Z,2026-01-23T00:00:00Z,test
8340,2025-10-25T12:00:00Z,2025-12-24T06:00:00Z,2025-12-24T12:00:00Z,2026-01-23T06:00:00Z,test
8341,2025-10-25T18:00:00Z,2025-12-24T12:00:00Z,2025-12-24T18:00:00Z,2026-01-23T12:00:00Z,test
8342,2025-10-26T00:00:00Z,2025-12-24T18:00:00Z,2025-12-25T00:00:00Z,2026-01-23T18:00:00Z,test
8343,2025-10-26T06:00:00Z,2025-12-25T00:00:00Z,2025-12-25T06:00:00Z,2026-01-24T00:00:00Z,test
8344,2025-10-26T12:00:00Z,2025-12-25T06:00:00Z,2025-12-25T12:00:00Z,2026-01-24T06:00:00Z,test
8345,2025-10-26T18:00:00Z,2025-12-25T12:00:00Z,2025-12-25T18:00:00Z,2026-01-24T12:00:00Z,test
8346,2025-10-27T00:00:00Z,2025-12-25T18:00:00Z,2025-12-26T00:00:00Z,2026-01-24T18:00:00Z,test
8347,2025-10-27T06:00:00Z,2025-12-26T00:00:00Z,2025-12-26T06:00:00Z,2026-01-25T00:00:00Z,test
8348,2025-10-27T12:00:00Z,2025-12-26T06:00:00Z,2025-12-26T12:00:00Z,2026-01-25T06:00:00Z,test
8349,2025-10-27T18:00:00Z,2025-12-26T12:00:00Z,2025-12-26T18:00:00Z,2026-01-25T12:00:00Z,test
8350,2025-10-28T00:00:00Z,2025-12-26T18:00:00Z,2025-12-27T00:00:00Z,2026-01-25T18:00:00Z,test
8351,2025-10-28T06:00:00Z,2025-12-27T00:00:00Z,2025-12-27T06:00:00Z,2026-01-26T00:00:00Z,test
8352,2025-10-28T12:00:00Z,2025-12-27T06:00:00Z,2025-12-27T12:00:00Z,2026-01-26T06:00:00Z,test
8353,2025-10-28T18:00:00Z,2025-12-27T12:00:00Z,2025-12-27T18:00:00Z,2026-01-26T12:00:00Z,test
8354,2025-10-29T00:00:00Z,2025-12-27T18:00:00Z,2025-12-28T00:00:00Z,2026-01-26T18:00:00Z,test
8355,2025-10-29T06:00:00Z,2025-12-28T00:00:00Z,2025-12-28T06:00:00Z,2026-01-27T00:00:00Z,test
8356,2025-10-29T12:00:00Z,2025-12-28T06:00:00Z,2025-12-28T12:00:00Z,2026-01-27T06:00:00Z,test
8357,2025-10-29T18:00:00Z,2025-12-28T12:00:00Z,2025-12-28T18:00:00Z,2026-01-27T12:00:00Z,test
8358,2025-10-30T00:00:00Z,2025-12-28T18:00:00Z,2025-12-29T00:00:00Z,2026-01-27T18:00:00Z,test
8359,2025-10-30T06:00:00Z,2025-12-29T00:00:00Z,2025-12-29T06:00:00Z,2026-01-28T00:00:00Z,test
8360,2025-10-30T12:00:00Z,2025-12-29T06:00:00Z,2025-12-29T12:00:00Z,2026-01-28T06:00:00Z,test
8361,2025-10-30T18:00:00Z,2025-12-29T12:00:00Z,2025-12-29T18:00:00Z,2026-01-28T12:00:00Z,test
8362,2025-10-31T00:00:00Z,2025-12-29T18:00:00Z,2025-12-30T00:00:00Z,2026-01-28T18:00:00Z,test
8363,2025-10-31T06:00:00Z,2025-12-30T00:00:00Z,2025-12-30T06:00:00Z,2026-01-29T00:00:00Z,test
8364,2025-10-31T12:00:00Z,2025-12-30T06:00:00Z,2025-12-30T12:00:00Z,2026-01-29T06:00:00Z,test
8365,2025-10-31T18:00:00Z,2025-12-30T12:00:00Z,2025-12-30T18:00:00Z,2026-01-29T12:00:00Z,test
8366,2025-11-01T00:00:00Z,2025-12-30T18:00:00Z,2025-12-31T00:00:00Z,2026-01-29T18:00:00Z,test
8367,2025-11-01T06:00:00Z,2025-12-31T00:00:00Z,2025-12-31T06:00:00Z,2026-01-30T00:00:00Z,test
8368,2025-11-01T12:00:00Z,2025-12-31T06:00:00Z,2025-12-31T12:00:00Z,2026-01-30T06:00:00Z,test
8369,2025-11-01T18:00:00Z,2025-12-31T12:00:00Z,2025-12-31T18:00:00Z,2026-01-30T12:00:00Z,test
8370,2025-11-02T00:00:00Z,2025-12-31T18:00:00Z,2026-01-01T00:00:00Z,2026-01-30T18:00:00Z,test
8371,2025-11-02T06:00:00Z,2026-01-01T00:00:00Z,2026-01-01T06:00:00Z,2026-01-31T00:00:00Z,test
8372,2025-11-02T12:00:00Z,2026-01-01T06:00:00Z,2026-01-01T12:00:00Z,2026-01-31T06:00:00Z,test
8373,2025-11-02T18:00:00Z,2026-01-01T12:00:00Z,2026-01-01T18:00:00Z,2026-01-31T12:00:00Z,test
8374,2025-11-03T00:00:00Z,2026-01-01T18:00:00Z,2026-01-02T00:00:00Z,2026-01-31T18:00:00Z,test
8375,2025-11-03T06:00:00Z,2026-01-02T00:00:00Z,2026-01-02T06:00:00Z,2026-02-01T00:00:00Z,test
8376,2025-11-03T12:00:00Z,2026-01-02T06:00:00Z,2026-01-02T12:00:00Z,2026-02-01T06:00:00Z,test
8377,2025-11-03T18:00:00Z,2026-01-02T12:00:00Z,2026-01-02T18:00:00Z,2026-02-01T12:00:00Z,test
8378,2025-11-04T00:00:00Z,2026-01-02T18:00:00Z,2026-01-03T00:00:00Z,2026-02-01T18:00:00Z,test
8379,2025-11-04T06:00:00Z,2026-01-03T00:00:00Z,2026-01-03T06:00:00Z,2026-02-02T00:00:00Z,test
8380,2025-11-04T12:00:00Z,2026-01-03T06:00:00Z,2026-01-03T12:00:00Z,2026-02-02T06:00:00Z,test
8381,2025-11-04T18:00:00Z,2026-01-03T12:00:00Z,2026-01-03T18:00:00Z,2026-02-02T12:00:00Z,test
8382,2025-11-05T00:00:00Z,2026-01-03T18:00:00Z,2026-01-04T00:00:00Z,2026-02-02T18:00:00Z,test
8383,2025-11-05T06:00:00Z,2026-01-04T00:00:00Z,2026-01-04T06:00:00Z,2026-02-03T00:00:00Z,test
8384,2025-11-05T12:00:00Z,2026-01-04T06:00:00Z,2026-01-04T12:00:00Z,2026-02-03T06:00:00Z,test
8385,2025-11-05T18:00:00Z,2026-01-04T12:00:00Z,2026-01-04T18:00:00Z,2026-02-03T12:00:00Z,test
8386,2025-11-06T00:00:00Z,2026-01-04T18:00:00Z,2026-01-05T00:00:00Z,2026-02-03T18:00:00Z,test
8387,2025-11-06T06:00:00Z,2026-01-05T00:00:00Z,2026-01-05T06:00:00Z,2026-02-04T00:00:00Z,test
8388,2025-11-06T12:00:00Z,2026-01-05T06:00:00Z,2026-01-05T12:00:00Z,2026-02-04T06:00:00Z,test
8389,2025-11-06T18:00:00Z,2026-01-05T12:00:00Z,2026-01-05T18:00:00Z,2026-02-04T12:00:00Z,test
8390,2025-11-07T00:00:00Z,2026-01-05T18:00:00Z,2026-01-06T00:00:00Z,2026-02-04T18:00:00Z,test
8391,2025-11-07T06:00:00Z,2026-01-06T00:00:00Z,2026-01-06T06:00:00Z,2026-02-05T00:00:00Z,test
8392,2025-11-07T12:00:00Z,2026-01-06T06:00:00Z,2026-01-06T12:00:00Z,2026-02-05T06:00:00Z,test
8393,2025-11-07T18:00:00Z,2026-01-06T12:00:00Z,2026-01-06T18:00:00Z,2026-02-05T12:00:00Z,test
8394,2025-11-08T00:00:00Z,2026-01-06T18:00:00Z,2026-01-07T00:00:00Z,2026-02-05T18:00:00Z,test
8395,2025-11-08T06:00:00Z,2026-01-07T00:00:00Z,2026-01-07T06:00:00Z,2026-02-06T00:00:00Z,test
8396,2025-11-08T12:00:00Z,2026-01-07T06:00:00Z,2026-01-07T12:00:00Z,2026-02-06T06:00:00Z,test
8397,2025-11-08T18:00:00Z,2026-01-07T12:00:00Z,2026-01-07T18:00:00Z,2026-02-06T12:00:00Z,test
8398,2025-11-09T00:00:00Z,2026-01-07T18:00:00Z,2026-01-08T00:00:00Z,2026-02-06T18:00:00Z,test
8399,2025-11-09T06:00:00Z,2026-01-08T00:00:00Z,2026-01-08T06:00:00Z,2026-02-07T00:00:00Z,test
8400,2025-11-09T12:00:00Z,2026-01-08T06:00:00Z,2026-01-08T12:00:00Z,2026-02-07T06:00:00Z,test
8401,2025-11-09T18:00:00Z,2026-01-08T12:00:00Z,2026-01-08T18:00:00Z,2026-02-07T12:00:00Z,test
8402,2025-11-10T00:00:00Z,2026-01-08T18:00:00Z,2026-01-09T00:00:00Z,2026-02-07T18:00:00Z,test
8403,2025-11-10T06:00:00Z,2026-01-09T00:00:00Z,2026-01-09T06:00:00Z,2026-02-08T00:00:00Z,test
8404,2025-11-10T12:00:00Z,2026-01-09T06:00:00Z,2026-01-09T12:00:00Z,2026-02-08T06:00:00Z,test
8405,2025-11-10T18:00:00Z,2026-01-09T12:00:00Z,2026-01-09T18:00:00Z,2026-02-08T12:00:00Z,test
8406,2025-11-11T00:00:00Z,2026-01-09T18:00:00Z,2026-01-10T00:00:00Z,2026-02-08T18:00:00Z,test
8407,2025-11-11T06:00:00Z,2026-01-10T00:00:00Z,2026-01-10T06:00:00Z,2026-02-09T00:00:00Z,test
8408,2025-11-11T12:00:00Z,2026-01-10T06:00:00Z,2026-01-10T12:00:00Z,2026-02-09T06:00:00Z,test
8409,2025-11-11T18:00:00Z,2026-01-10T12:00:00Z,2026-01-10T18:00:00Z,2026-02-09T12:00:00Z,test
8410,2025-11-12T00:00:00Z,2026-01-10T18:00:00Z,2026-01-11T00:00:00Z,2026-02-09T18:00:00Z,test
8411,2025-11-12T06:00:00Z,2026-01-11T00:00:00Z,2026-01-11T06:00:00Z,2026-02-10T00:00:00Z,test
8412,2025-11-12T12:00:00Z,2026-01-11T06:00:00Z,2026-01-11T12:00:00Z,2026-02-10T06:00:00Z,test
8413,2025-11-12T18:00:00Z,2026-01-11T12:00:00Z,2026-01-11T18:00:00Z,2026-02-10T12:00:00Z,test
8414,2025-11-13T00:00:00Z,2026-01-11T18:00:00Z,2026-01-12T00:00:00Z,2026-02-10T18:00:00Z,test
8415,2025-11-13T06:00:00Z,2026-01-12T00:00:00Z,2026-01-12T06:00:00Z,2026-02-11T00:00:00Z,test
8416,2025-11-13T12:00:00Z,2026-01-12T06:00:00Z,2026-01-12T12:00:00Z,2026-02-11T06:00:00Z,test
8417,2025-11-13T18:00:00Z,2026-01-12T12:00:00Z,2026-01-12T18:00:00Z,2026-02-11T12:00:00Z,test
8418,2025-11-14T00:00:00Z,2026-01-12T18:00:00Z,2026-01-13T00:00:00Z,2026-02-11T18:00:00Z,test
8419,2025-11-14T06:00:00Z,2026-01-13T00:00:00Z,2026-01-13T06:00:00Z,2026-02-12T00:00:00Z,test
8420,2025-11-14T12:00:00Z,2026-01-13T06:00:00Z,2026-01-13T12:00:00Z,2026-02-12T06:00:00Z,test
8421,2025-11-14T18:00:00Z,2026-01-13T12:00:00Z,2026-01-13T18:00:00Z,2026-02-12T12:00:00Z,test
8422,2025-11-15T00:00:00Z,2026-01-13T18:00:00Z,2026-01-14T00:00:00Z,2026-02-12T18:00:00Z,test
8423,2025-11-15T06:00:00Z,2026-01-14T00:00:00Z,2026-01-14T06:00:00Z,2026-02-13T00:00:00Z,test
8424,2025-11-15T12:00:00Z,2026-01-14T06:00:00Z,2026-01-14T12:00:00Z,2026-02-13T06:00:00Z,test
8425,2025-11-15T18:00:00Z,2026-01-14T12:00:00Z,2026-01-14T18:00:00Z,2026-02-13T12:00:00Z,test
8426,2025-11-16T00:00:00Z,2026-01-14T18:00:00Z,2026-01-15T00:00:00Z,2026-02-13T18:00:00Z,test
8427,2025-11-16T06:00:00Z,2026-01-15T00:00:00Z,2026-01-15T06:00:00Z,2026-02-14T00:00:00Z,test
8428,2025-11-16T12:00:00Z,2026-01-15T06:00:00Z,2026-01-15T12:00:00Z,2026-02-14T06:00:00Z,test
8429,2025-11-16T18:00:00Z,2026-01-15T12:00:00Z,2026-01-15T18:00:00Z,2026-02-14T12:00:00Z,test
8430,2025-11-17T00:00:00Z,2026-01-15T18:00:00Z,2026-01-16T00:00:00Z,2026-02-14T18:00:00Z,test
8431,2025-11-17T06:00:00Z,2026-01-16T00:00:00Z,2026-01-16T06:00:00Z,2026-02-15T00:00:00Z,test
8432,2025-11-17T12:00:00Z,2026-01-16T06:00:00Z,2026-01-16T12:00:00Z,2026-02-15T06:00:00Z,test
8433,2025-11-17T18:00:00Z,2026-01-16T12:00:00Z,2026-01-16T18:00:00Z,2026-02-15T12:00:00Z,test
8434,2025-11-18T00:00:00Z,2026-01-16T18:00:00Z,2026-01-17T00:00:00Z,2026-02-15T18:00:00Z,test
8435,2025-11-18T06:00:00Z,2026-01-17T00:00:00Z,2026-01-17T06:00:00Z,2026-02-16T00:00:00Z,test
8436,2025-11-18T12:00:00Z,2026-01-17T06:00:00Z,2026-01-17T12:00:00Z,2026-02-16T06:00:00Z,test
8437,2025-11-18T18:00:00Z,2026-01-17T12:00:00Z,2026-01-17T18:00:00Z,2026-02-16T12:00:00Z,test
8438,2025-11-19T00:00:00Z,2026-01-17T18:00:00Z,2026-01-18T00:00:00Z,2026-02-16T18:00:00Z,test
8439,2025-11-19T06:00:00Z,2026-01-18T00:00:00Z,2026-01-18T06:00:00Z,2026-02-17T00:00:00Z,test
8440,2025-11-19T12:00:00Z,2026-01-18T06:00:00Z,2026-01-18T12:00:00Z,2026-02-17T06:00:00Z,test
8441,2025-11-19T18:00:00Z,2026-01-18T12:00:00Z,2026-01-18T18:00:00Z,2026-02-17T12:00:00Z,test
8442,2025-11-20T00:00:00Z,2026-01-18T18:00:00Z,2026-01-19T00:00:00Z,2026-02-17T18:00:00Z,test
8443,2025-11-20T06:00:00Z,2026-01-19T00:00:00Z,2026-01-19T06:00:00Z,2026-02-18T00:00:00Z,test
8444,2025-11-20T12:00:00Z,2026-01-19T06:00:00Z,2026-01-19T12:00:00Z,2026-02-18T06:00:00Z,test
8445,2025-11-20T18:00:00Z,2026-01-19T12:00:00Z,2026-01-19T18:00:00Z,2026-02-18T12:00:00Z,test
8446,2025-11-21T00:00:00Z,2026-01-19T18:00:00Z,2026-01-20T00:00:00Z,2026-02-18T18:00:00Z,test
8447,2025-11-21T06:00:00Z,2026-01-20T00:00:00Z,2026-01-20T06:00:00Z,2026-02-19T00:00:00Z,test
8448,2025-11-21T12:00:00Z,2026-01-20T06:00:00Z,2026-01-20T12:00:00Z,2026-02-19T06:00:00Z,test
8449,2025-11-21T18:00:00Z,2026-01-20T12:00:00Z,2026-01-20T18:00:00Z,2026-02-19T12:00:00Z,test
8450,2025-11-22T00:00:00Z,2026-01-20T18:00:00Z,2026-01-21T00:00:00Z,2026-02-19T18:00:00Z,test
8451,2025-11-22T06:00:00Z,2026-01-21T00:00:00Z,2026-01-21T06:00:00Z,2026-02-20T00:00:00Z,test
8452,2025-11-22T12:00:00Z,2026-01-21T06:00:00Z,2026-01-21T12:00:00Z,2026-02-20T06:00:00Z,test
8453,2025-11-22T18:00:00Z,2026-01-21T12:00:00Z,2026-01-21T18:00:00Z,2026-02-20T12:00:00Z,test
8454,2025-11-23T00:00:00Z,2026-01-21T18:00:00Z,2026-01-22T00:00:00Z,2026-02-20T18:00:00Z,test
8455,2025-11-23T06:00:00Z,2026-01-22T00:00:00Z,2026-01-22T06:00:00Z,2026-02-21T00:00:00Z,test
8456,2025-11-23T12:00:00Z,2026-01-22T06:00:00Z,2026-01-22T12:00:00Z,2026-02-21T06:00:00Z,test
8457,2025-11-23T18:00:00Z,2026-01-22T12:00:00Z,2026-01-22T18:00:00Z,2026-02-21T12:00:00Z,test
8458,2025-11-24T00:00:00Z,2026-01-22T18:00:00Z,2026-01-23T00:00:00Z,2026-02-21T18:00:00Z,test
8459,2025-11-24T06:00:00Z,2026-01-23T00:00:00Z,2026-01-23T06:00:00Z,2026-02-22T00:00:00Z,test
8460,2025-11-24T12:00:00Z,2026-01-23T06:00:00Z,2026-01-23T12:00:00Z,2026-02-22T06:00:00Z,test
8461,2025-11-24T18:00:00Z,2026-01-23T12:00:00Z,2026-01-23T18:00:00Z,2026-02-22T12:00:00Z,test
8462,2025-11-25T00:00:00Z,2026-01-23T18:00:00Z,2026-01-24T00:00:00Z,2026-02-22T18:00:00Z,test
8463,2025-11-25T06:00:00Z,2026-01-24T00:00:00Z,2026-01-24T06:00:00Z,2026-02-23T00:00:00Z,test
8464,2025-11-25T12:00:00Z,2026-01-24T06:00:00Z,2026-01-24T12:00:00Z,2026-02-23T06:00:00Z,test
8465,2025-11-25T18:00:00Z,2026-01-24T12:00:00Z,2026-01-24T18:00:00Z,2026-02-23T12:00:00Z,test
8466,2025-11-26T00:00:00Z,2026-01-24T18:00:00Z,2026-01-25T00:00:00Z,2026-02-23T18:00:00Z,test
8467,2025-11-26T06:00:00Z,2026-01-25T00:00:00Z,2026-01-25T06:00:00Z,2026-02-24T00:00:00Z,test
8468,2025-11-26T12:00:00Z,2026-01-25T06:00:00Z,2026-01-25T12:00:00Z,2026-02-24T06:00:00Z,test
8469,2025-11-26T18:00:00Z,2026-01-25T12:00:00Z,2026-01-25T18:00:00Z,2026-02-24T12:00:00Z,test
8470,2025-11-27T00:00:00Z,2026-01-25T18:00:00Z,2026-01-26T00:00:00Z,2026-02-24T18:00:00Z,test
8471,2025-11-27T06:00:00Z,2026-01-26T00:00:00Z,2026-01-26T06:00:00Z,2026-02-25T00:00:00Z,test
8472,2025-11-27T12:00:00Z,2026-01-26T06:00:00Z,2026-01-26T12:00:00Z,2026-02-25T06:00:00Z,test
8473,2025-11-27T18:00:00Z,2026-01-26T12:00:00Z,2026-01-26T18:00:00Z,2026-02-25T12:00:00Z,test
8474,2025-11-28T00:00:00Z,2026-01-26T18:00:00Z,2026-01-27T00:00:00Z,2026-02-25T18:00:00Z,test
8475,2025-11-28T06:00:00Z,2026-01-27T00:00:00Z,2026-01-27T06:00:00Z,2026-02-26T00:00:00Z,test
8476,2025-11-28T12:00:00Z,2026-01-27T06:00:00Z,2026-01-27T12:00:00Z,2026-02-26T06:00:00Z,test
8477,2025-11-28T18:00:00Z,2026-01-27T12:00:00Z,2026-01-27T18:00:00Z,2026-02-26T12:00:00Z,test
8478,2025-11-29T00:00:00Z,2026-01-27T18:00:00Z,2026-01-28T00:00:00Z,2026-02-26T18:00:00Z,test
8479,2025-11-29T06:00:00Z,2026-01-28T00:00:00Z,2026-01-28T06:00:00Z,2026-02-27T00:00:00Z,test
8480,2025-11-29T12:00:00Z,2026-01-28T06:00:00Z,2026-01-28T12:00:00Z,2026-02-27T06:00:00Z,test
8481,2025-11-29T18:00:00Z,2026-01-28T12:00:00Z,2026-01-28T18:00:00Z,2026-02-27T12:00:00Z,test
8482,2025-11-30T00:00:00Z,2026-01-28T18:00:00Z,2026-01-29T00:00:00Z,2026-02-27T18:00:00Z,test
8483,2025-11-30T06:00:00Z,2026-01-29T00:00:00Z,2026-01-29T06:00:00Z,2026-02-28T00:00:00Z,test
8484,2025-11-30T12:00:00Z,2026-01-29T06:00:00Z,2026-01-29T12:00:00Z,2026-02-28T06:00:00Z,test
8485,2025-11-30T18:00:00Z,2026-01-29T12:00:00Z,2026-01-29T18:00:00Z,2026-02-28T12:00:00Z,test
8486,2025-12-01T00:00:00Z,2026-01-29T18:00:00Z,2026-01-30T00:00:00Z,2026-02-28T18:00:00Z,test
8487,2025-12-01T06:00:00Z,2026-01-30T00:00:00Z,2026-01-30T06:00:00Z,2026-03-01T00:00:00Z,test
8488,2025-12-01T12:00:00Z,2026-01-30T06:00:00Z,2026-01-30T12:00:00Z,2026-03-01T06:00:00Z,test
8489,2025-12-01T18:00:00Z,2026-01-30T12:00:00Z,2026-01-30T18:00:00Z,2026-03-01T12:00:00Z,test
8490,2025-12-02T00:00:00Z,2026-01-30T18:00:00Z,2026-01-31T00:00:00Z,2026-03-01T18:00:00Z,test
8491,2025-12-02T06:00:00Z,2026-01-31T00:00:00Z,2026-01-31T06:00:00Z,2026-03-02T00:00:00Z,test
8492,2025-12-02T12:00:00Z,2026-01-31T06:00:00Z,2026-01-31T12:00:00Z,2026-03-02T06:00:00Z,test
8493,2025-12-02T18:00:00Z,2026-01-31T12:00:00Z,2026-01-31T18:00:00Z,2026-03-02T12:00:00Z,test
8494,2025-12-03T00:00:00Z,2026-01-31T18:00:00Z,2026-02-01T00:00:00Z,2026-03-02T18:00:00Z,test
8495,2025-12-03T06:00:00Z,2026-02-01T00:00:00Z,2026-02-01T06:00:00Z,2026-03-03T00:00:00Z,test
8496,2025-12-03T12:00:00Z,2026-02-01T06:00:00Z,2026-02-01T12:00:00Z,2026-03-03T06:00:00Z,test
8497,2025-12-03T18:00:00Z,2026-02-01T12:00:00Z,2026-02-01T18:00:00Z,2026-03-03T12:00:00Z,test
8498,2025-12-04T00:00:00Z,2026-02-01T18:00:00Z,2026-02-02T00:00:00Z,2026-03-03T18:00:00Z,test
8499,2025-12-04T06:00:00Z,2026-02-02T00:00:00Z,2026-02-02T06:00:00Z,2026-03-04T00:00:00Z,test
8500,2025-12-04T12:00:00Z,2026-02-02T06:00:00Z,2026-02-02T12:00:00Z,2026-03-04T06:00:00Z,test
8501,2025-12-04T18:00:00Z,2026-02-02T12:00:00Z,2026-02-02T18:00:00Z,2026-03-04T12:00:00Z,test
8502,2025-12-05T00:00:00Z,2026-02-02T18:00:00Z,2026-02-03T00:00:00Z,2026-03-04T18:00:00Z,test
8503,2025-12-05T06:00:00Z,2026-02-03T00:00:00Z,2026-02-03T06:00:00Z,2026-03-05T00:00:00Z,test
8504,2025-12-05T12:00:00Z,2026-02-03T06:00:00Z,2026-02-03T12:00:00Z,2026-03-05T06:00:00Z,test
8505,2025-12-05T18:00:00Z,2026-02-03T12:00:00Z,2026-02-03T18:00:00Z,2026-03-05T12:00:00Z,test
8506,2025-12-06T00:00:00Z,2026-02-03T18:00:00Z,2026-02-04T00:00:00Z,2026-03-05T18:00:00Z,test
8507,2025-12-06T06:00:00Z,2026-02-04T00:00:00Z,2026-02-04T06:00:00Z,2026-03-06T00:00:00Z,test
8508,2025-12-06T12:00:00Z,2026-02-04T06:00:00Z,2026-02-04T12:00:00Z,2026-03-06T06:00:00Z,test
8509,2025-12-06T18:00:00Z,2026-02-04T12:00:00Z,2026-02-04T18:00:00Z,2026-03-06T12:00:00Z,test
8510,2025-12-07T00:00:00Z,2026-02-04T18:00:00Z,2026-02-05T00:00:00Z,2026-03-06T18:00:00Z,test
8511,2025-12-07T06:00:00Z,2026-02-05T00:00:00Z,2026-02-05T06:00:00Z,2026-03-07T00:00:00Z,test
8512,2025-12-07T12:00:00Z,2026-02-05T06:00:00Z,2026-02-05T12:00:00Z,2026-03-07T06:00:00Z,test
8513,2025-12-07T18:00:00Z,2026-02-05T12:00:00Z,2026-02-05T18:00:00Z,2026-03-07T12:00:00Z,test
8514,2025-12-08T00:00:00Z,2026-02-05T18:00:00Z,2026-02-06T00:00:00Z,2026-03-07T18:00:00Z,test
8515,2025-12-08T06:00:00Z,2026-02-06T00:00:00Z,2026-02-06T06:00:00Z,2026-03-08T00:00:00Z,test
8516,2025-12-08T12:00:00Z,2026-02-06T06:00:00Z,2026-02-06T12:00:00Z,2026-03-08T06:00:00Z,test
8517,2025-12-08T18:00:00Z,2026-02-06T12:00:00Z,2026-02-06T18:00:00Z,2026-03-08T12:00:00Z,test
8518,2025-12-09T00:00:00Z,2026-02-06T18:00:00Z,2026-02-07T00:00:00Z,2026-03-08T18:00:00Z,test
8519,2025-12-09T06:00:00Z,2026-02-07T00:00:00Z,2026-02-07T06:00:00Z,2026-03-09T00:00:00Z,test
8520,2025-12-09T12:00:00Z,2026-02-07T06:00:00Z,2026-02-07T12:00:00Z,2026-03-09T06:00:00Z,test
8521,2025-12-09T18:00:00Z,2026-02-07T12:00:00Z,2026-02-07T18:00:00Z,2026-03-09T12:00:00Z,test
8522,2025-12-10T00:00:00Z,2026-02-07T18:00:00Z,2026-02-08T00:00:00Z,2026-03-09T18:00:00Z,test
8523,2025-12-10T06:00:00Z,2026-02-08T00:00:00Z,2026-02-08T06:00:00Z,2026-03-10T00:00:00Z,test
8524,2025-12-10T12:00:00Z,2026-02-08T06:00:00Z,2026-02-08T12:00:00Z,2026-03-10T06:00:00Z,test
8525,2025-12-10T18:00:00Z,2026-02-08T12:00:00Z,2026-02-08T18:00:00Z,2026-03-10T12:00:00Z,test
8526,2025-12-11T00:00:00Z,2026-02-08T18:00:00Z,2026-02-09T00:00:00Z,2026-03-10T18:00:00Z,test
8527,2025-12-11T06:00:00Z,2026-02-09T00:00:00Z,2026-02-09T06:00:00Z,2026-03-11T00:00:00Z,test
8528,2025-12-11T12:00:00Z,2026-02-09T06:00:00Z,2026-02-09T12:00:00Z,2026-03-11T06:00:00Z,test
8529,2025-12-11T18:00:00Z,2026-02-09T12:00:00Z,2026-02-09T18:00:00Z,2026-03-11T12:00:00Z,test
8530,2025-12-12T00:00:00Z,2026-02-09T18:00:00Z,2026-02-10T00:00:00Z,2026-03-11T18:00:00Z,test
8531,2025-12-12T06:00:00Z,2026-02-10T00:00:00Z,2026-02-10T06:00:00Z,2026-03-12T00:00:00Z,test
8532,2025-12-12T12:00:00Z,2026-02-10T06:00:00Z,2026-02-10T12:00:00Z,2026-03-12T06:00:00Z,test
8533,2025-12-12T18:00:00Z,2026-02-10T12:00:00Z,2026-02-10T18:00:00Z,2026-03-12T12:00:00Z,test
8534,2025-12-13T00:00:00Z,2026-02-10T18:00:00Z,2026-02-11T00:00:00Z,2026-03-12T18:00:00Z,test
8535,2025-12-13T06:00:00Z,2026-02-11T00:00:00Z,2026-02-11T06:00:00Z,2026-03-13T00:00:00Z,test
8536,2025-12-13T12:00:00Z,2026-02-11T06:00:00Z,2026-02-11T12:00:00Z,2026-03-13T06:00:00Z,test
8537,2025-12-13T18:00:00Z,2026-02-11T12:00:00Z,2026-02-11T18:00:00Z,2026-03-13T12:00:00Z,test
8538,2025-12-14T00:00:00Z,2026-02-11T18:00:00Z,2026-02-12T00:00:00Z,2026-03-13T18:00:00Z,test
8539,2025-12-14T06:00:00Z,2026-02-12T00:00:00Z,2026-02-12T06:00:00Z,2026-03-14T00:00:00Z,test
8540,2025-12-14T12:00:00Z,2026-02-12T06:00:00Z,2026-02-12T12:00:00Z,2026-03-14T06:00:00Z,test
8541,2025-12-14T18:00:00Z,2026-02-12T12:00:00Z,2026-02-12T18:00:00Z,2026-03-14T12:00:00Z,test
8542,2025-12-15T00:00:00Z,2026-02-12T18:00:00Z,2026-02-13T00:00:00Z,2026-03-14T18:00:00Z,test
8543,2025-12-15T06:00:00Z,2026-02-13T00:00:00Z,2026-02-13T06:00:00Z,2026-03-15T00:00:00Z,test
8544,2025-12-15T12:00:00Z,2026-02-13T06:00:00Z,2026-02-13T12:00:00Z,2026-03-15T06:00:00Z,test
8545,2025-12-15T18:00:00Z,2026-02-13T12:00:00Z,2026-02-13T18:00:00Z,2026-03-15T12:00:00Z,test
8546,2025-12-16T00:00:00Z,2026-02-13T18:00:00Z,2026-02-14T00:00:00Z,2026-03-15T18:00:00Z,test
8547,2025-12-16T06:00:00Z,2026-02-14T00:00:00Z,2026-02-14T06:00:00Z,2026-03-16T00:00:00Z,test
8548,2025-12-16T12:00:00Z,2026-02-14T06:00:00Z,2026-02-14T12:00:00Z,2026-03-16T06:00:00Z,test
8549,2025-12-16T18:00:00Z,2026-02-14T12:00:00Z,2026-02-14T18:00:00Z,2026-03-16T12:00:00Z,test
8550,2025-12-17T00:00:00Z,2026-02-14T18:00:00Z,2026-02-15T00:00:00Z,2026-03-16T18:00:00Z,test
8551,2025-12-17T06:00:00Z,2026-02-15T00:00:00Z,2026-02-15T06:00:00Z,2026-03-17T00:00:00Z,test
8552,2025-12-17T12:00:00Z,2026-02-15T06:00:00Z,2026-02-15T12:00:00Z,2026-03-17T06:00:00Z,test
8553,2025-12-17T18:00:00Z,2026-02-15T12:00:00Z,2026-02-15T18:00:00Z,2026-03-17T12:00:00Z,test
8554,2025-12-18T00:00:00Z,2026-02-15T18:00:00Z,2026-02-16T00:00:00Z,2026-03-17T18:00:00Z,test
8555,2025-12-18T06:00:00Z,2026-02-16T00:00:00Z,2026-02-16T06:00:00Z,2026-03-18T00:00:00Z,test
8556,2025-12-18T12:00:00Z,2026-02-16T06:00:00Z,2026-02-16T12:00:00Z,2026-03-18T06:00:00Z,test
8557,2025-12-18T18:00:00Z,2026-02-16T12:00:00Z,2026-02-16T18:00:00Z,2026-03-18T12:00:00Z,test
8558,2025-12-19T00:00:00Z,2026-02-16T18:00:00Z,2026-02-17T00:00:00Z,2026-03-18T18:00:00Z,test
8559,2025-12-19T06:00:00Z,2026-02-17T00:00:00Z,2026-02-17T06:00:00Z,2026-03-19T00:00:00Z,test
8560,2025-12-19T12:00:00Z,2026-02-17T06:00:00Z,2026-02-17T12:00:00Z,2026-03-19T06:00:00Z,test
8561,2025-12-19T18:00:00Z,2026-02-17T12:00:00Z,2026-02-17T18:00:00Z,2026-03-19T12:00:00Z,test
8562,2025-12-20T00:00:00Z,2026-02-17T18:00:00Z,2026-02-18T00:00:00Z,2026-03-19T18:00:00Z,test
8563,2025-12-20T06:00:00Z,2026-02-18T00:00:00Z,2026-02-18T06:00:00Z,2026-03-20T00:00:00Z,test
8564,2025-12-20T12:00:00Z,2026-02-18T06:00:00Z,2026-02-18T12:00:00Z,2026-03-20T06:00:00Z,test
8565,2025-12-20T18:00:00Z,2026-02-18T12:00:00Z,2026-02-18T18:00:00Z,2026-03-20T12:00:00Z,test
8566,2025-12-21T00:00:00Z,2026-02-18T18:00:00Z,2026-02-19T00:00:00Z,2026-03-20T18:00:00Z,test
8567,2025-12-21T06:00:00Z,2026-02-19T00:00:00Z,2026-02-19T06:00:00Z,2026-03-21T00:00:00Z,test
8568,2025-12-21T12:00:00Z,2026-02-19T06:00:00Z,2026-02-19T12:00:00Z,2026-03-21T06:00:00Z,test
8569,2025-12-21T18:00:00Z,2026-02-19T12:00:00Z,2026-02-19T18:00:00Z,2026-03-21T12:00:00Z,test
8570,2025-12-22T00:00:00Z,2026-02-19T18:00:00Z,2026-02-20T00:00:00Z,2026-03-21T18:00:00Z,test
8571,2025-12-22T06:00:00Z,2026-02-20T00:00:00Z,2026-02-20T06:00:00Z,2026-03-22T00:00:00Z,test
8572,2025-12-22T12:00:00Z,2026-02-20T06:00:00Z,2026-02-20T12:00:00Z,2026-03-22T06:00:00Z,test
8573,2025-12-22T18:00:00Z,2026-02-20T12:00:00Z,2026-02-20T18:00:00Z,2026-03-22T12:00:00Z,test
8574,2025-12-23T00:00:00Z,2026-02-20T18:00:00Z,2026-02-21T00:00:00Z,2026-03-22T18:00:00Z,test
8575,2025-12-23T06:00:00Z,2026-02-21T00:00:00Z,2026-02-21T06:00:00Z,2026-03-23T00:00:00Z,test
8576,2025-12-23T12:00:00Z,2026-02-21T06:00:00Z,2026-02-21T12:00:00Z,2026-03-23T06:00:00Z,test
8577,2025-12-23T18:00:00Z,2026-02-21T12:00:00Z,2026-02-21T18:00:00Z,2026-03-23T12:00:00Z,test
8578,2025-12-24T00:00:00Z,2026-02-21T18:00:00Z,2026-02-22T00:00:00Z,2026-03-23T18:00:00Z,test
8579,2025-12-24T06:00:00Z,2026-02-22T00:00:00Z,2026-02-22T06:00:00Z,2026-03-24T00:00:00Z,test
8580,2025-12-24T12:00:00Z,2026-02-22T06:00:00Z,2026-02-22T12:00:00Z,2026-03-24T06:00:00Z,test
8581,2025-12-24T18:00:00Z,2026-02-22T12:00:00Z,2026-02-22T18:00:00Z,2026-03-24T12:00:00Z,test
8582,2025-12-25T00:00:00Z,2026-02-22T18:00:00Z,2026-02-23T00:00:00Z,2026-03-24T18:00:00Z,test
8583,2025-12-25T06:00:00Z,2026-02-23T00:00:00Z,2026-02-23T06:00:00Z,2026-03-25T00:00:00Z,test
8584,2025-12-25T12:00:00Z,2026-02-23T06:00:00Z,2026-02-23T12:00:00Z,2026-03-25T06:00:00Z,test
8585,2025-12-25T18:00:00Z,2026-02-23T12:00:00Z,2026-02-23T18:00:00Z,2026-03-25T12:00:00Z,test
8586,2025-12-26T00:00:00Z,2026-02-23T18:00:00Z,2026-02-24T00:00:00Z,2026-03-25T18:00:00Z,test
8587,2025-12-26T06:00:00Z,2026-02-24T00:00:00Z,2026-02-24T06:00:00Z,2026-03-26T00:00:00Z,test
8588,2025-12-26T12:00:00Z,2026-02-24T06:00:00Z,2026-02-24T12:00:00Z,2026-03-26T06:00:00Z,test
8589,2025-12-26T18:00:00Z,2026-02-24T12:00:00Z,2026-02-24T18:00:00Z,2026-03-26T12:00:00Z,test
8590,2025-12-27T00:00:00Z,2026-02-24T18:00:00Z,2026-02-25T00:00:00Z,2026-03-26T18:00:00Z,test
8591,2025-12-27T06:00:00Z,2026-02-25T00:00:00Z,2026-02-25T06:00:00Z,2026-03-27T00:00:00Z,test
8592,2025-12-27T12:00:00Z,2026-02-25T06:00:00Z,2026-02-25T12:00:00Z,2026-03-27T06:00:00Z,test
8593,2025-12-27T18:00:00Z,2026-02-25T12:00:00Z,2026-02-25T18:00:00Z,2026-03-27T12:00:00Z,test
8594,2025-12-28T00:00:00Z,2026-02-25T18:00:00Z,2026-02-26T00:00:00Z,2026-03-27T18:00:00Z,test
8595,2025-12-28T06:00:00Z,2026-02-26T00:00:00Z,2026-02-26T06:00:00Z,2026-03-28T00:00:00Z,test
8596,2025-12-28T12:00:00Z,2026-02-26T06:00:00Z,2026-02-26T12:00:00Z,2026-03-28T06:00:00Z,test
8597,2025-12-28T18:00:00Z,2026-02-26T12:00:00Z,2026-02-26T18:00:00Z,2026-03-28T12:00:00Z,test
8598,2025-12-29T00:00:00Z,2026-02-26T18:00:00Z,2026-02-27T00:00:00Z,2026-03-28T18:00:00Z,test
8599,2025-12-29T06:00:00Z,2026-02-27T00:00:00Z,2026-02-27T06:00:00Z,2026-03-29T00:00:00Z,test
8600,2025-12-29T12:00:00Z,2026-02-27T06:00:00Z,2026-02-27T12:00:00Z,2026-03-29T06:00:00Z,test
8601,2025-12-29T18:00:00Z,2026-02-27T12:00:00Z,2026-02-27T18:00:00Z,2026-03-29T12:00:00Z,test
8602,2025-12-30T00:00:00Z,2026-02-27T18:00:00Z,2026-02-28T00:00:00Z,2026-03-29T18:00:00Z,test
8603,2025-12-30T06:00:00Z,2026-02-28T00:00:00Z,2026-02-28T06:00:00Z,2026-03-30T00:00:00Z,test
8604,2025-12-30T12:00:00Z,2026-02-28T06:00:00Z,2026-02-28T12:00:00Z,2026-03-30T06:00:00Z,test
8605,2025-12-30T18:00:00Z,2026-02-28T12:00:00Z,2026-02-28T18:00:00Z,2026-03-30T12:00:00Z,test
8606,2025-12-31T00:00:00Z,2026-02-28T18:00:00Z,2026-03-01T00:00:00Z,2026-03-30T18:00:00Z,test
8607,2025-12-31T06:00:00Z,2026-03-01T00:00:00Z,2026-03-01T06:00:00Z,2026-03-31T00:00:00Z,test
8608,2025-12-31T12:00:00Z,2026-03-01T06:00:00Z,2026-03-01T12:00:00Z,2026-03-31T06:00:00Z,test
8609,2025-12-31T18:00:00Z,2026-03-01T12:00:00Z,2026-03-01T18:00:00Z,2026-03-31T12:00:00Z,test
8610,2026-01-01T00:00:00Z,2026-03-01T18:00:00Z,2026-03-02T00:00:00Z,2026-03-31T18:00:00Z,test
8611,2026-01-01T06:00:00Z,2026-03-02T00:00:00Z,2026-03-02T06:00:00Z,2026-04-01T00:00:00Z,test
8612,2026-01-01T12:00:00Z,2026-03-02T06:00:00Z,2026-03-02T12:00:00Z,2026-04-01T06:00:00Z,test
8613,2026-01-01T18:00:00Z,2026-03-02T12:00:00Z,2026-03-02T18:00:00Z,2026-04-01T12:00:00Z,test
8614,2026-01-02T00:00:00Z,2026-03-02T18:00:00Z,2026-03-03T00:00:00Z,2026-04-01T18:00:00Z,test
8615,2026-01-02T06:00:00Z,2026-03-03T00:00:00Z,2026-03-03T06:00:00Z,2026-04-02T00:00:00Z,test
8616,2026-01-02T12:00:00Z,2026-03-03T06:00:00Z,2026-03-03T12:00:00Z,2026-04-02T06:00:00Z,test
8617,2026-01-02T18:00:00Z,2026-03-03T12:00:00Z,2026-03-03T18:00:00Z,2026-04-02T12:00:00Z,test
8618,2026-01-03T00:00:00Z,2026-03-03T18:00:00Z,2026-03-04T00:00:00Z,2026-04-02T18:00:00Z,test
8619,2026-01-03T06:00:00Z,2026-03-04T00:00:00Z,2026-03-04T06:00:00Z,2026-04-03T00:00:00Z,test
8620,2026-01-03T12:00:00Z,2026-03-04T06:00:00Z,2026-03-04T12:00:00Z,2026-04-03T06:00:00Z,test
8621,2026-01-03T18:00:00Z,2026-03-04T12:00:00Z,2026-03-04T18:00:00Z,2026-04-03T12:00:00Z,test
8622,2026-01-04T00:00:00Z,2026-03-04T18:00:00Z,2026-03-05T00:00:00Z,2026-04-03T18:00:00Z,test
8623,2026-01-04T06:00:00Z,2026-03-05T00:00:00Z,2026-03-05T06:00:00Z,2026-04-04T00:00:00Z,test
8624,2026-01-04T12:00:00Z,2026-03-05T06:00:00Z,2026-03-05T12:00:00Z,2026-04-04T06:00:00Z,test
8625,2026-01-04T18:00:00Z,2026-03-05T12:00:00Z,2026-03-05T18:00:00Z,2026-04-04T12:00:00Z,test
8626,2026-01-05T00:00:00Z,2026-03-05T18:00:00Z,2026-03-06T00:00:00Z,2026-04-04T18:00:00Z,test
8627,2026-01-05T06:00:00Z,2026-03-06T00:00:00Z,2026-03-06T06:00:00Z,2026-04-05T00:00:00Z,test
8628,2026-01-05T12:00:00Z,2026-03-06T06:00:00Z,2026-03-06T12:00:00Z,2026-04-05T06:00:00Z,test
8629,2026-01-05T18:00:00Z,2026-03-06T12:00:00Z,2026-03-06T18:00:00Z,2026-04-05T12:00:00Z,test
8630,2026-01-06T00:00:00Z,2026-03-06T18:00:00Z,2026-03-07T00:00:00Z,2026-04-05T18:00:00Z,test
8631,2026-01-06T06:00:00Z,2026-03-07T00:00:00Z,2026-03-07T06:00:00Z,2026-04-06T00:00:00Z,test
8632,2026-01-06T12:00:00Z,2026-03-07T06:00:00Z,2026-03-07T12:00:00Z,2026-04-06T06:00:00Z,test
8633,2026-01-06T18:00:00Z,2026-03-07T12:00:00Z,2026-03-07T18:00:00Z,2026-04-06T12:00:00Z,test
8634,2026-01-07T00:00:00Z,2026-03-07T18:00:00Z,2026-03-08T00:00:00Z,2026-04-06T18:00:00Z,test
8635,2026-01-07T06:00:00Z,2026-03-08T00:00:00Z,2026-03-08T06:00:00Z,2026-04-07T00:00:00Z,test
8636,2026-01-07T12:00:00Z,2026-03-08T06:00:00Z,2026-03-08T12:00:00Z,2026-04-07T06:00:00Z,test
8637,2026-01-07T18:00:00Z,2026-03-08T12:00:00Z,2026-03-08T18:00:00Z,2026-04-07T12:00:00Z,test
8638,2026-01-08T00:00:00Z,2026-03-08T18:00:00Z,2026-03-09T00:00:00Z,2026-04-07T18:00:00Z,test
8639,2026-01-08T06:00:00Z,2026-03-09T00:00:00Z,2026-03-09T06:00:00Z,2026-04-08T00:00:00Z,test
8640,2026-01-08T12:00:00Z,2026-03-09T06:00:00Z,2026-03-09T12:00:00Z,2026-04-08T06:00:00Z,test
8641,2026-01-08T18:00:00Z,2026-03-09T12:00:00Z,2026-03-09T18:00:00Z,2026-04-08T12:00:00Z,test
8642,2026-01-09T00:00:00Z,2026-03-09T18:00:00Z,2026-03-10T00:00:00Z,2026-04-08T18:00:00Z,test
8643,2026-01-09T06:00:00Z,2026-03-10T00:00:00Z,2026-03-10T06:00:00Z,2026-04-09T00:00:00Z,test
8644,2026-01-09T12:00:00Z,2026-03-10T06:00:00Z,2026-03-10T12:00:00Z,2026-04-09T06:00:00Z,test
8645,2026-01-09T18:00:00Z,2026-03-10T12:00:00Z,2026-03-10T18:00:00Z,2026-04-09T12:00:00Z,test
8646,2026-01-10T00:00:00Z,2026-03-10T18:00:00Z,2026-03-11T00:00:00Z,2026-04-09T18:00:00Z,test
8647,2026-01-10T06:00:00Z,2026-03-11T00:00:00Z,2026-03-11T06:00:00Z,2026-04-10T00:00:00Z,test
8648,2026-01-10T12:00:00Z,2026-03-11T06:00:00Z,2026-03-11T12:00:00Z,2026-04-10T06:00:00Z,test
8649,2026-01-10T18:00:00Z,2026-03-11T12:00:00Z,2026-03-11T18:00:00Z,2026-04-10T12:00:00Z,test
8650,2026-01-11T00:00:00Z,2026-03-11T18:00:00Z,2026-03-12T00:00:00Z,2026-04-10T18:00:00Z,test
8651,2026-01-11T06:00:00Z,2026-03-12T00:00:00Z,2026-03-12T06:00:00Z,2026-04-11T00:00:00Z,test
8652,2026-01-11T12:00:00Z,2026-03-12T06:00:00Z,2026-03-12T12:00:00Z,2026-04-11T06:00:00Z,test
8653,2026-01-11T18:00:00Z,2026-03-12T12:00:00Z,2026-03-12T18:00:00Z,2026-04-11T12:00:00Z,test
8654,2026-01-12T00:00:00Z,2026-03-12T18:00:00Z,2026-03-13T00:00:00Z,2026-04-11T18:00:00Z,test
8655,2026-01-12T06:00:00Z,2026-03-13T00:00:00Z,2026-03-13T06:00:00Z,2026-04-12T00:00:00Z,test
8656,2026-01-12T12:00:00Z,2026-03-13T06:00:00Z,2026-03-13T12:00:00Z,2026-04-12T06:00:00Z,test
8657,2026-01-12T18:00:00Z,2026-03-13T12:00:00Z,2026-03-13T18:00:00Z,2026-04-12T12:00:00Z,test
8658,2026-01-13T00:00:00Z,2026-03-13T18:00:00Z,2026-03-14T00:00:00Z,2026-04-12T18:00:00Z,test
8659,2026-01-13T06:00:00Z,2026-03-14T00:00:00Z,2026-03-14T06:00:00Z,2026-04-13T00:00:00Z,test
8660,2026-01-13T12:00:00Z,2026-03-14T06:00:00Z,2026-03-14T12:00:00Z,2026-04-13T06:00:00Z,test
8661,2026-01-13T18:00:00Z,2026-03-14T12:00:00Z,2026-03-14T18:00:00Z,2026-04-13T12:00:00Z,test
8662,2026-01-14T00:00:00Z,2026-03-14T18:00:00Z,2026-03-15T00:00:00Z,2026-04-13T18:00:00Z,test
8663,2026-01-14T06:00:00Z,2026-03-15T00:00:00Z,2026-03-15T06:00:00Z,2026-04-14T00:00:00Z,test
8664,2026-01-14T12:00:00Z,2026-03-15T06:00:00Z,2026-03-15T12:00:00Z,2026-04-14T06:00:00Z,test
8665,2026-01-14T18:00:00Z,2026-03-15T12:00:00Z,2026-03-15T18:00:00Z,2026-04-14T12:00:00Z,test
8666,2026-01-15T00:00:00Z,2026-03-15T18:00:00Z,2026-03-16T00:00:00Z,2026-04-14T18:00:00Z,test
8667,2026-01-15T06:00:00Z,2026-03-16T00:00:00Z,2026-03-16T06:00:00Z,2026-04-15T00:00:00Z,test
8668,2026-01-15T12:00:00Z,2026-03-16T06:00:00Z,2026-03-16T12:00:00Z,2026-04-15T06:00:00Z,test
8669,2026-01-15T18:00:00Z,2026-03-16T12:00:00Z,2026-03-16T18:00:00Z,2026-04-15T12:00:00Z,test
8670,2026-01-16T00:00:00Z,2026-03-16T18:00:00Z,2026-03-17T00:00:00Z,2026-04-15T18:00:00Z,test
8671,2026-01-16T06:00:00Z,2026-03-17T00:00:00Z,2026-03-17T06:00:00Z,2026-04-16T00:00:00Z,test
8672,2026-01-16T12:00:00Z,2026-03-17T06:00:00Z,2026-03-17T12:00:00Z,2026-04-16T06:00:00Z,test
8673,2026-01-16T18:00:00Z,2026-03-17T12:00:00Z,2026-03-17T18:00:00Z,2026-04-16T12:00:00Z,test
8674,2026-01-17T00:00:00Z,2026-03-17T18:00:00Z,2026-03-18T00:00:00Z,2026-04-16T18:00:00Z,test
8675,2026-01-17T06:00:00Z,2026-03-18T00:00:00Z,2026-03-18T06:00:00Z,2026-04-17T00:00:00Z,test
8676,2026-01-17T12:00:00Z,2026-03-18T06:00:00Z,2026-03-18T12:00:00Z,2026-04-17T06:00:00Z,test
8677,2026-01-17T18:00:00Z,2026-03-18T12:00:00Z,2026-03-18T18:00:00Z,2026-04-17T12:00:00Z,test
8678,2026-01-18T00:00:00Z,2026-03-18T18:00:00Z,2026-03-19T00:00:00Z,2026-04-17T18:00:00Z,test
8679,2026-01-18T06:00:00Z,2026-03-19T00:00:00Z,2026-03-19T06:00:00Z,2026-04-18T00:00:00Z,test
8680,2026-01-18T12:00:00Z,2026-03-19T06:00:00Z,2026-03-19T12:00:00Z,2026-04-18T06:00:00Z,test
8681,2026-01-18T18:00:00Z,2026-03-19T12:00:00Z,2026-03-19T18:00:00Z,2026-04-18T12:00:00Z,test
8682,2026-01-19T00:00:00Z,2026-03-19T18:00:00Z,2026-03-20T00:00:00Z,2026-04-18T18:00:00Z,test
8683,2026-01-19T06:00:00Z,2026-03-20T00:00:00Z,2026-03-20T06:00:00Z,2026-04-19T00:00:00Z,test
8684,2026-01-19T12:00:00Z,2026-03-20T06:00:00Z,2026-03-20T12:00:00Z,2026-04-19T06:00:00Z,test
8685,2026-01-19T18:00:00Z,2026-03-20T12:00:00Z,2026-03-20T18:00:00Z,2026-04-19T12:00:00Z,test
8686,2026-01-20T00:00:00Z,2026-03-20T18:00:00Z,2026-03-21T00:00:00Z,2026-04-19T18:00:00Z,test
8687,2026-01-20T06:00:00Z,2026-03-21T00:00:00Z,2026-03-21T06:00:00Z,2026-04-20T00:00:00Z,test
8688,2026-01-20T12:00:00Z,2026-03-21T06:00:00Z,2026-03-21T12:00:00Z,2026-04-20T06:00:00Z,test
8689,2026-01-20T18:00:00Z,2026-03-21T12:00:00Z,2026-03-21T18:00:00Z,2026-04-20T12:00:00Z,test
8690,2026-01-21T00:00:00Z,2026-03-21T18:00:00Z,2026-03-22T00:00:00Z,2026-04-20T18:00:00Z,test
8691,2026-01-21T06:00:00Z,2026-03-22T00:00:00Z,2026-03-22T06:00:00Z,2026-04-21T00:00:00Z,test
8692,2026-01-21T12:00:00Z,2026-03-22T06:00:00Z,2026-03-22T12:00:00Z,2026-04-21T06:00:00Z,test
8693,2026-01-21T18:00:00Z,2026-03-22T12:00:00Z,2026-03-22T18:00:00Z,2026-04-21T12:00:00Z,test
8694,2026-01-22T00:00:00Z,2026-03-22T18:00:00Z,2026-03-23T00:00:00Z,2026-04-21T18:00:00Z,test
8695,2026-01-22T06:00:00Z,2026-03-23T00:00:00Z,2026-03-23T06:00:00Z,2026-04-22T00:00:00Z,test
8696,2026-01-22T12:00:00Z,2026-03-23T06:00:00Z,2026-03-23T12:00:00Z,2026-04-22T06:00:00Z,test
8697,2026-01-22T18:00:00Z,2026-03-23T12:00:00Z,2026-03-23T18:00:00Z,2026-04-22T12:00:00Z,test
8698,2026-01-23T00:00:00Z,2026-03-23T18:00:00Z,2026-03-24T00:00:00Z,2026-04-22T18:00:00Z,test
8699,2026-01-23T06:00:00Z,2026-03-24T00:00:00Z,2026-03-24T06:00:00Z,2026-04-23T00:00:00Z,test
8700,2026-01-23T12:00:00Z,2026-03-24T06:00:00Z,2026-03-24T12:00:00Z,2026-04-23T06:00:00Z,test
8701,2026-01-23T18:00:00Z,2026-03-24T12:00:00Z,2026-03-24T18:00:00Z,2026-04-23T12:00:00Z,test
8702,2026-01-24T00:00:00Z,2026-03-24T18:00:00Z,2026-03-25T00:00:00Z,2026-04-23T18:00:00Z,test
8703,2026-01-24T06:00:00Z,2026-03-25T00:00:00Z,2026-03-25T06:00:00Z,2026-04-24T00:00:00Z,test
8704,2026-01-24T12:00:00Z,2026-03-25T06:00:00Z,2026-03-25T12:00:00Z,2026-04-24T06:00:00Z,test
8705,2026-01-24T18:00:00Z,2026-03-25T12:00:00Z,2026-03-25T18:00:00Z,2026-04-24T12:00:00Z,test
8706,2026-01-25T00:00:00Z,2026-03-25T18:00:00Z,2026-03-26T00:00:00Z,2026-04-24T18:00:00Z,test
8707,2026-01-25T06:00:00Z,2026-03-26T00:00:00Z,2026-03-26T06:00:00Z,2026-04-25T00:00:00Z,test
8708,2026-01-25T12:00:00Z,2026-03-26T06:00:00Z,2026-03-26T12:00:00Z,2026-04-25T06:00:00Z,test
8709,2026-01-25T18:00:00Z,2026-03-26T12:00:00Z,2026-03-26T18:00:00Z,2026-04-25T12:00:00Z,test
8710,2026-01-26T00:00:00Z,2026-03-26T18:00:00Z,2026-03-27T00:00:00Z,2026-04-25T18:00:00Z,test
8711,2026-01-26T06:00:00Z,2026-03-27T00:00:00Z,2026-03-27T06:00:00Z,2026-04-26T00:00:00Z,test
8712,2026-01-26T12:00:00Z,2026-03-27T06:00:00Z,2026-03-27T12:00:00Z,2026-04-26T06:00:00Z,test
8713,2026-01-26T18:00:00Z,2026-03-27T12:00:00Z,2026-03-27T18:00:00Z,2026-04-26T12:00:00Z,test
8714,2026-01-27T00:00:00Z,2026-03-27T18:00:00Z,2026-03-28T00:00:00Z,2026-04-26T18:00:00Z,test
8715,2026-01-27T06:00:00Z,2026-03-28T00:00:00Z,2026-03-28T06:00:00Z,2026-04-27T00:00:00Z,test
8716,2026-01-27T12:00:00Z,2026-03-28T06:00:00Z,2026-03-28T12:00:00Z,2026-04-27T06:00:00Z,test
8717,2026-01-27T18:00:00Z,2026-03-28T12:00:00Z,2026-03-28T18:00:00Z,2026-04-27T12:00:00Z,test
8718,2026-01-28T00:00:00Z,2026-03-28T18:00:00Z,2026-03-29T00:00:00Z,2026-04-27T18:00:00Z,test
8719,2026-01-28T06:00:00Z,2026-03-29T00:00:00Z,2026-03-29T06:00:00Z,2026-04-28T00:00:00Z,test
8720,2026-01-28T12:00:00Z,2026-03-29T06:00:00Z,2026-03-29T12:00:00Z,2026-04-28T06:00:00Z,test
8721,2026-01-28T18:00:00Z,2026-03-29T12:00:00Z,2026-03-29T18:00:00Z,2026-04-28T12:00:00Z,test
8722,2026-01-29T00:00:00Z,2026-03-29T18:00:00Z,2026-03-30T00:00:00Z,2026-04-28T18:00:00Z,test
8723,2026-01-29T06:00:00Z,2026-03-30T00:00:00Z,2026-03-30T06:00:00Z,2026-04-29T00:00:00Z,test
8724,2026-01-29T12:00:00Z,2026-03-30T06:00:00Z,2026-03-30T12:00:00Z,2026-04-29T06:00:00Z,test
8725,2026-01-29T18:00:00Z,2026-03-30T12:00:00Z,2026-03-30T18:00:00Z,2026-04-29T12:00:00Z,test
8726,2026-01-30T00:00:00Z,2026-03-30T18:00:00Z,2026-03-31T00:00:00Z,2026-04-29T18:00:00Z,test
8727,2026-01-30T06:00:00Z,2026-03-31T00:00:00Z,2026-03-31T06:00:00Z,2026-04-30T00:00:00Z,test
8728,2026-01-30T12:00:00Z,2026-03-31T06:00:00Z,2026-03-31T12:00:00Z,2026-04-30T06:00:00Z,test
8729,2026-01-30T18:00:00Z,2026-03-31T12:00:00Z,2026-03-31T18:00:00Z,2026-04-30T12:00:00Z,test
8730,2026-01-31T00:00:00Z,2026-03-31T18:00:00Z,2026-04-01T00:00:00Z,2026-04-30T18:00:00Z,test
8731,2026-01-31T06:00:00Z,2026-04-01T00:00:00Z,2026-04-01T06:00:00Z,2026-05-01T00:00:00Z,test
8732,2026-01-31T12:00:00Z,2026-04-01T06:00:00Z,2026-04-01T12:00:00Z,2026-05-01T06:00:00Z,test
8733,2026-01-31T18:00:00Z,2026-04-01T12:00:00Z,2026-04-01T18:00:00Z,2026-05-01T12:00:00Z,test
8734,2026-02-01T00:00:00Z,2026-04-01T18:00:00Z,2026-04-02T00:00:00Z,2026-05-01T18:00:00Z,test
8735,2026-02-01T06:00:00Z,2026-04-02T00:00:00Z,2026-04-02T06:00:00Z,2026-05-02T00:00:00Z,test
8736,2026-02-01T12:00:00Z,2026-04-02T06:00:00Z,2026-04-02T12:00:00Z,2026-05-02T06:00:00Z,test
8737,2026-02-01T18:00:00Z,2026-04-02T12:00:00Z,2026-04-02T18:00:00Z,2026-05-02T12:00:00Z,test
8738,2026-02-02T00:00:00Z,2026-04-02T18:00:00Z,2026-04-03T00:00:00Z,2026-05-02T18:00:00Z,test
8739,2026-02-02T06:00:00Z,2026-04-03T00:00:00Z,2026-04-03T06:00:00Z,2026-05-03T00:00:00Z,test
8740,2026-02-02T12:00:00Z,2026-04-03T06:00:00Z,2026-04-03T12:00:00Z,2026-05-03T06:00:00Z,test
8741,2026-02-02T18:00:00Z,2026-04-03T12:00:00Z,2026-04-03T18:00:00Z,2026-05-03T12:00:00Z,test
8742,2026-02-03T00:00:00Z,2026-04-03T18:00:00Z,2026-04-04T00:00:00Z,2026-05-03T18:00:00Z,test
8743,2026-02-03T06:00:00Z,2026-04-04T00:00:00Z,2026-04-04T06:00:00Z,2026-05-04T00:00:00Z,test
8744,2026-02-03T12:00:00Z,2026-04-04T06:00:00Z,2026-04-04T12:00:00Z,2026-05-04T06:00:00Z,test
8745,2026-02-03T18:00:00Z,2026-04-04T12:00:00Z,2026-04-04T18:00:00Z,2026-05-04T12:00:00Z,test
8746,2026-02-04T00:00:00Z,2026-04-04T18:00:00Z,2026-04-05T00:00:00Z,2026-05-04T18:00:00Z,test
8747,2026-02-04T06:00:00Z,2026-04-05T00:00:00Z,2026-04-05T06:00:00Z,2026-05-05T00:00:00Z,test
8748,2026-02-04T12:00:00Z,2026-04-05T06:00:00Z,2026-04-05T12:00:00Z,2026-05-05T06:00:00Z,test
8749,2026-02-04T18:00:00Z,2026-04-05T12:00:00Z,2026-04-05T18:00:00Z,2026-05-05T12:00:00Z,test
8750,2026-02-05T00:00:00Z,2026-04-05T18:00:00Z,2026-04-06T00:00:00Z,2026-05-05T18:00:00Z,test
8751,2026-02-05T06:00:00Z,2026-04-06T00:00:00Z,2026-04-06T06:00:00Z,2026-05-06T00:00:00Z,test
8752,2026-02-05T12:00:00Z,2026-04-06T06:00:00Z,2026-04-06T12:00:00Z,2026-05-06T06:00:00Z,test
8753,2026-02-05T18:00:00Z,2026-04-06T12:00:00Z,2026-04-06T18:00:00Z,2026-05-06T12:00:00Z,test
8754,2026-02-06T00:00:00Z,2026-04-06T18:00:00Z,2026-04-07T00:00:00Z,2026-05-06T18:00:00Z,test
8755,2026-02-06T06:00:00Z,2026-04-07T00:00:00Z,2026-04-07T06:00:00Z,2026-05-07T00:00:00Z,test
8756,2026-02-06T12:00:00Z,2026-04-07T06:00:00Z,2026-04-07T12:00:00Z,2026-05-07T06:00:00Z,test
8757,2026-02-06T18:00:00Z,2026-04-07T12:00:00Z,2026-04-07T18:00:00Z,2026-05-07T12:00:00Z,test
8758,2026-02-07T00:00:00Z,2026-04-07T18:00:00Z,2026-04-08T00:00:00Z,2026-05-07T18:00:00Z,test
8759,2026-02-07T06:00:00Z,2026-04-08T00:00:00Z,2026-04-08T06:00:00Z,2026-05-08T00:00:00Z,test
8760,2026-02-07T12:00:00Z,2026-04-08T06:00:00Z,2026-04-08T12:00:00Z,2026-05-08T06:00:00Z,test
8761,2026-02-07T18:00:00Z,2026-04-08T12:00:00Z,2026-04-08T18:00:00Z,2026-05-08T12:00:00Z,test
8762,2026-02-08T00:00:00Z,2026-04-08T18:00:00Z,2026-04-09T00:00:00Z,2026-05-08T18:00:00Z,test
8763,2026-02-08T06:00:00Z,2026-04-09T00:00:00Z,2026-04-09T06:00:00Z,2026-05-09T00:00:00Z,test
8764,2026-02-08T12:00:00Z,2026-04-09T06:00:00Z,2026-04-09T12:00:00Z,2026-05-09T06:00:00Z,test
8765,2026-02-08T18:00:00Z,2026-04-09T12:00:00Z,2026-04-09T18:00:00Z,2026-05-09T12:00:00Z,test
8766,2026-02-09T00:00:00Z,2026-04-09T18:00:00Z,2026-04-10T00:00:00Z,2026-05-09T18:00:00Z,test
8767,2026-02-09T06:00:00Z,2026-04-10T00:00:00Z,2026-04-10T06:00:00Z,2026-05-10T00:00:00Z,test
8768,2026-02-09T12:00:00Z,2026-04-10T06:00:00Z,2026-04-10T12:00:00Z,2026-05-10T06:00:00Z,test
8769,2026-02-09T18:00:00Z,2026-04-10T12:00:00Z,2026-04-10T18:00:00Z,2026-05-10T12:00:00Z,test
8770,2026-02-10T00:00:00Z,2026-04-10T18:00:00Z,2026-04-11T00:00:00Z,2026-05-10T18:00:00Z,test
8771,2026-02-10T06:00:00Z,2026-04-11T00:00:00Z,2026-04-11T06:00:00Z,2026-05-11T00:00:00Z,test
8772,2026-02-10T12:00:00Z,2026-04-11T06:00:00Z,2026-04-11T12:00:00Z,2026-05-11T06:00:00Z,test
8773,2026-02-10T18:00:00Z,2026-04-11T12:00:00Z,2026-04-11T18:00:00Z,2026-05-11T12:00:00Z,test
8774,2026-02-11T00:00:00Z,2026-04-11T18:00:00Z,2026-04-12T00:00:00Z,2026-05-11T18:00:00Z,test
8775,2026-02-11T06:00:00Z,2026-04-12T00:00:00Z,2026-04-12T06:00:00Z,2026-05-12T00:00:00Z,test
8776,2026-02-11T12:00:00Z,2026-04-12T06:00:00Z,2026-04-12T12:00:00Z,2026-05-12T06:00:00Z,test
8777,2026-02-11T18:00:00Z,2026-04-12T12:00:00Z,2026-04-12T18:00:00Z,2026-05-12T12:00:00Z,test
8778,2026-02-12T00:00:00Z,2026-04-12T18:00:00Z,2026-04-13T00:00:00Z,2026-05-12T18:00:00Z,test
8779,2026-02-12T06:00:00Z,2026-04-13T00:00:00Z,2026-04-13T06:00:00Z,2026-05-13T00:00:00Z,test
8780,2026-02-12T12:00:00Z,2026-04-13T06:00:00Z,2026-04-13T12:00:00Z,2026-05-13T06:00:00Z,test
8781,2026-02-12T18:00:00Z,2026-04-13T12:00:00Z,2026-04-13T18:00:00Z,2026-05-13T12:00:00Z,test
8782,2026-02-13T00:00:00Z,2026-04-13T18:00:00Z,2026-04-14T00:00:00Z,2026-05-13T18:00:00Z,test
8783,2026-02-13T06:00:00Z,2026-04-14T00:00:00Z,2026-04-14T06:00:00Z,2026-05-14T00:00:00Z,test
8784,2026-02-13T12:00:00Z,2026-04-14T06:00:00Z,2026-04-14T12:00:00Z,2026-05-14T06:00:00Z,test
8785,2026-02-13T18:00:00Z,2026-04-14T12:00:00Z,2026-04-14T18:00:00Z,2026-05-14T12:00:00Z,test
8786,2026-02-14T00:00:00Z,2026-04-14T18:00:00Z,2026-04-15T00:00:00Z,2026-05-14T18:00:00Z,test
8787,2026-02-14T06:00:00Z,2026-04-15T00:00:00Z,2026-04-15T06:00:00Z,2026-05-15T00:00:00Z,test
8788,2026-02-14T12:00:00Z,2026-04-15T06:00:00Z,2026-04-15T12:00:00Z,2026-05-15T06:00:00Z,test
8789,2026-02-14T18:00:00Z,2026-04-15T12:00:00Z,2026-04-15T18:00:00Z,2026-05-15T12:00:00Z,test
8790,2026-02-15T00:00:00Z,2026-04-15T18:00:00Z,2026-04-16T00:00:00Z,2026-05-15T18:00:00Z,test
8791,2026-02-15T06:00:00Z,2026-04-16T00:00:00Z,2026-04-16T06:00:00Z,2026-05-16T00:00:00Z,test
8792,2026-02-15T12:00:00Z,2026-04-16T06:00:00Z,2026-04-16T12:00:00Z,2026-05-16T06:00:00Z,test
8793,2026-02-15T18:00:00Z,2026-04-16T12:00:00Z,2026-04-16T18:00:00Z,2026-05-16T12:00:00Z,test
8794,2026-02-16T00:00:00Z,2026-04-16T18:00:00Z,2026-04-17T00:00:00Z,2026-05-16T18:00:00Z,test
8795,2026-02-16T06:00:00Z,2026-04-17T00:00:00Z,2026-04-17T06:00:00Z,2026-05-17T00:00:00Z,test
8796,2026-02-16T12:00:00Z,2026-04-17T06:00:00Z,2026-04-17T12:00:00Z,2026-05-17T06:00:00Z,test
8797,2026-02-16T18:00:00Z,2026-04-17T12:00:00Z,2026-04-17T18:00:00Z,2026-05-17T12:00:00Z,test
8798,2026-02-17T00:00:00Z,2026-04-17T18:00:00Z,2026-04-18T00:00:00Z,2026-05-17T18:00:00Z,test
8799,2026-02-17T06:00:00Z,2026-04-18T00:00:00Z,2026-04-18T06:00:00Z,2026-05-18T00:00:00Z,test
8800,2026-02-17T12:00:00Z,2026-04-18T06:00:00Z,2026-04-18T12:00:00Z,2026-05-18T06:00:00Z,test
8801,2026-02-17T18:00:00Z,2026-04-18T12:00:00Z,2026-04-18T18:00:00Z,2026-05-18T12:00:00Z,test
8802,2026-02-18T00:00:00Z,2026-04-18T18:00:00Z,2026-04-19T00:00:00Z,2026-05-18T18:00:00Z,test
8803,2026-02-18T06:00:00Z,2026-04-19T00:00:00Z,2026-04-19T06:00:00Z,2026-05-19T00:00:00Z,test
8804,2026-02-18T12:00:00Z,2026-04-19T06:00:00Z,2026-04-19T12:00:00Z,2026-05-19T06:00:00Z,test
8805,2026-02-18T18:00:00Z,2026-04-19T12:00:00Z,2026-04-19T18:00:00Z,2026-05-19T12:00:00Z,test
8806,2026-02-19T00:00:00Z,2026-04-19T18:00:00Z,2026-04-20T00:00:00Z,2026-05-19T18:00:00Z,test
8807,2026-02-19T06:00:00Z,2026-04-20T00:00:00Z,2026-04-20T06:00:00Z,2026-05-20T00:00:00Z,test
8808,2026-02-19T12:00:00Z,2026-04-20T06:00:00Z,2026-04-20T12:00:00Z,2026-05-20T06:00:00Z,test
8809,2026-02-19T18:00:00Z,2026-04-20T12:00:00Z,2026-04-20T18:00:00Z,2026-05-20T12:00:00Z,test
8810,2026-02-20T00:00:00Z,2026-04-20T18:00:00Z,2026-04-21T00:00:00Z,2026-05-20T18:00:00Z,test
8811,2026-02-20T06:00:00Z,2026-04-21T00:00:00Z,2026-04-21T06:00:00Z,2026-05-21T00:00:00Z,test
8812,2026-02-20T12:00:00Z,2026-04-21T06:00:00Z,2026-04-21T12:00:00Z,2026-05-21T06:00:00Z,test
8813,2026-02-20T18:00:00Z,2026-04-21T12:00:00Z,2026-04-21T18:00:00Z,2026-05-21T12:00:00Z,test
8814,2026-02-21T00:00:00Z,2026-04-21T18:00:00Z,2026-04-22T00:00:00Z,2026-05-21T18:00:00Z,test
8815,2026-02-21T06:00:00Z,2026-04-22T00:00:00Z,2026-04-22T06:00:00Z,2026-05-22T00:00:00Z,test
8816,2026-02-21T12:00:00Z,2026-04-22T06:00:00Z,2026-04-22T12:00:00Z,2026-05-22T06:00:00Z,test
8817,2026-02-21T18:00:00Z,2026-04-22T12:00:00Z,2026-04-22T18:00:00Z,2026-05-22T12:00:00Z,test
8818,2026-02-22T00:00:00Z,2026-04-22T18:00:00Z,2026-04-23T00:00:00Z,2026-05-22T18:00:00Z,test
8819,2026-02-22T06:00:00Z,2026-04-23T00:00:00Z,2026-04-23T06:00:00Z,2026-05-23T00:00:00Z,test
8820,2026-02-22T12:00:00Z,2026-04-23T06:00:00Z,2026-04-23T12:00:00Z,2026-05-23T06:00:00Z,test
8821,2026-02-22T18:00:00Z,2026-04-23T12:00:00Z,2026-04-23T18:00:00Z,2026-05-23T12:00:00Z,test
8822,2026-02-23T00:00:00Z,2026-04-23T18:00:00Z,2026-04-24T00:00:00Z,2026-05-23T18:00:00Z,test
8823,2026-02-23T06:00:00Z,2026-04-24T00:00:00Z,2026-04-24T06:00:00Z,2026-05-24T00:00:00Z,test
8824,2026-02-23T12:00:00Z,2026-04-24T06:00:00Z,2026-04-24T12:00:00Z,2026-05-24T06:00:00Z,test
8825,2026-02-23T18:00:00Z,2026-04-24T12:00:00Z,2026-04-24T18:00:00Z,2026-05-24T12:00:00Z,test
8826,2026-02-24T00:00:00Z,2026-04-24T18:00:00Z,2026-04-25T00:00:00Z,2026-05-24T18:00:00Z,test
8827,2026-02-24T06:00:00Z,2026-04-25T00:00:00Z,2026-04-25T06:00:00Z,2026-05-25T00:00:00Z,test
8828,2026-02-24T12:00:00Z,2026-04-25T06:00:00Z,2026-04-25T12:00:00Z,2026-05-25T06:00:00Z,test
8829,2026-02-24T18:00:00Z,2026-04-25T12:00:00Z,2026-04-25T18:00:00Z,2026-05-25T12:00:00Z,test
8830,2026-02-25T00:00:00Z,2026-04-25T18:00:00Z,2026-04-26T00:00:00Z,2026-05-25T18:00:00Z,test
8831,2026-02-25T06:00:00Z,2026-04-26T00:00:00Z,2026-04-26T06:00:00Z,2026-05-26T00:00:00Z,test
8832,2026-02-25T12:00:00Z,2026-04-26T06:00:00Z,2026-04-26T12:00:00Z,2026-05-26T06:00:00Z,test
8833,2026-02-25T18:00:00Z,2026-04-26T12:00:00Z,2026-04-26T18:00:00Z,2026-05-26T12:00:00Z,test
8834,2026-02-26T00:00:00Z,2026-04-26T18:00:00Z,2026-04-27T00:00:00Z,2026-05-26T18:00:00Z,test
8835,2026-02-26T06:00:00Z,2026-04-27T00:00:00Z,2026-04-27T06:00:00Z,2026-05-27T00:00:00Z,test
8836,2026-02-26T12:00:00Z,2026-04-27T06:00:00Z,2026-04-27T12:00:00Z,2026-05-27T06:00:00Z,test
8837,2026-02-26T18:00:00Z,2026-04-27T12:00:00Z,2026-04-27T18:00:00Z,2026-05-27T12:00:00Z,test
8838,2026-02-27T00:00:00Z,2026-04-27T18:00:00Z,2026-04-28T00:00:00Z,2026-05-27T18:00:00Z,test
8839,2026-02-27T06:00:00Z,2026-04-28T00:00:00Z,2026-04-28T06:00:00Z,2026-05-28T00:00:00Z,test
8840,2026-02-27T12:00:00Z,2026-04-28T06:00:00Z,2026-04-28T12:00:00Z,2026-05-28T06:00:00Z,test
8841,2026-02-27T18:00:00Z,2026-04-28T12:00:00Z,2026-04-28T18:00:00Z,2026-05-28T12:00:00Z,test
8842,2026-02-28T00:00:00Z,2026-04-28T18:00:00Z,2026-04-29T00:00:00Z,2026-05-28T18:00:00Z,test
8843,2026-02-28T06:00:00Z,2026-04-29T00:00:00Z,2026-04-29T06:00:00Z,2026-05-29T00:00:00Z,test
8844,2026-02-28T12:00:00Z,2026-04-29T06:00:00Z,2026-04-29T12:00:00Z,2026-05-29T06:00:00Z,test
8845,2026-02-28T18:00:00Z,2026-04-29T12:00:00Z,2026-04-29T18:00:00Z,2026-05-29T12:00:00Z,test
8846,2026-03-01T00:00:00Z,2026-04-29T18:00:00Z,2026-04-30T00:00:00Z,2026-05-29T18:00:00Z,test
8847,2026-03-01T06:00:00Z,2026-04-30T00:00:00Z,2026-04-30T06:00:00Z,2026-05-30T00:00:00Z,test
8848,2026-03-01T12:00:00Z,2026-04-30T06:00:00Z,2026-04-30T12:00:00Z,2026-05-30T06:00:00Z,test
8849,2026-03-01T18:00:00Z,2026-04-30T12:00:00Z,2026-04-30T18:00:00Z,2026-05-30T12:00:00Z,test
8850,2026-03-02T00:00:00Z,2026-04-30T18:00:00Z,2026-05-01T00:00:00Z,2026-05-30T18:00:00Z,test
8851,2026-03-02T06:00:00Z,2026-05-01T00:00:00Z,2026-05-01T06:00:00Z,2026-05-31T00:00:00Z,test
8852,2026-03-02T12:00:00Z,2026-05-01T06:00:00Z,2026-05-01T12:00:00Z,2026-05-31T06:00:00Z,test
8853,2026-03-02T18:00:00Z,2026-05-01T12:00:00Z,2026-05-01T18:00:00Z,2026-05-31T12:00:00Z,test
8854,2026-03-03T00:00:00Z,2026-05-01T18:00:00Z,2026-05-02T00:00:00Z,2026-05-31T18:00:00Z,test
8855,2026-03-03T06:00:00Z,2026-05-02T00:00:00Z,2026-05-02T06:00:00Z,2026-06-01T00:00:00Z,test
8856,2026-03-03T12:00:00Z,2026-05-02T06:00:00Z,2026-05-02T12:00:00Z,2026-06-01T06:00:00Z,test
8857,2026-03-03T18:00:00Z,2026-05-02T12:00:00Z,2026-05-02T18:00:00Z,2026-06-01T12:00:00Z,test
8858,2026-03-04T00:00:00Z,2026-05-02T18:00:00Z,2026-05-03T00:00:00Z,2026-06-01T18:00:00Z,test
8859,2026-03-04T06:00:00Z,2026-05-03T00:00:00Z,2026-05-03T06:00:00Z,2026-06-02T00:00:00Z,test
8860,2026-03-04T12:00:00Z,2026-05-03T06:00:00Z,2026-05-03T12:00:00Z,2026-06-02T06:00:00Z,test
8861,2026-03-04T18:00:00Z,2026-05-03T12:00:00Z,2026-05-03T18:00:00Z,2026-06-02T12:00:00Z,test
8862,2026-03-05T00:00:00Z,2026-05-03T18:00:00Z,2026-05-04T00:00:00Z,2026-06-02T18:00:00Z,test
8863,2026-03-05T06:00:00Z,2026-05-04T00:00:00Z,2026-05-04T06:00:00Z,2026-06-03T00:00:00Z,test
8864,2026-03-05T12:00:00Z,2026-05-04T06:00:00Z,2026-05-04T12:00:00Z,2026-06-03T06:00:00Z,test
8865,2026-03-05T18:00:00Z,2026-05-04T12:00:00Z,2026-05-04T18:00:00Z,2026-06-03T12:00:00Z,test
8866,2026-03-06T00:00:00Z,2026-05-04T18:00:00Z,2026-05-05T00:00:00Z,2026-06-03T18:00:00Z,test
8867,2026-03-06T06:00:00Z,2026-05-05T00:00:00Z,2026-05-05T06:00:00Z,2026-06-04T00:00:00Z,test
8868,2026-03-06T12:00:00Z,2026-05-05T06:00:00Z,2026-05-05T12:00:00Z,2026-06-04T06:00:00Z,test
8869,2026-03-06T18:00:00Z,2026-05-05T12:00:00Z,2026-05-05T18:00:00Z,2026-06-04T12:00:00Z,test
8870,2026-03-07T00:00:00Z,2026-05-05T18:00:00Z,2026-05-06T00:00:00Z,2026-06-04T18:00:00Z,test
8871,2026-03-07T06:00:00Z,2026-05-06T00:00:00Z,2026-05-06T06:00:00Z,2026-06-05T00:00:00Z,test
8872,2026-03-07T12:00:00Z,2026-05-06T06:00:00Z,2026-05-06T12:00:00Z,2026-06-05T06:00:00Z,test
8873,2026-03-07T18:00:00Z,2026-05-06T12:00:00Z,2026-05-06T18:00:00Z,2026-06-05T12:00:00Z,test
8874,2026-03-08T00:00:00Z,2026-05-06T18:00:00Z,2026-05-07T00:00:00Z,2026-06-05T18:00:00Z,test
8875,2026-03-08T06:00:00Z,2026-05-07T00:00:00Z,2026-05-07T06:00:00Z,2026-06-06T00:00:00Z,test
8876,2026-03-08T12:00:00Z,2026-05-07T06:00:00Z,2026-05-07T12:00:00Z,2026-06-06T06:00:00Z,test
8877,2026-03-08T18:00:00Z,2026-05-07T12:00:00Z,2026-05-07T18:00:00Z,2026-06-06T12:00:00Z,test
8878,2026-03-09T00:00:00Z,2026-05-07T18:00:00Z,2026-05-08T00:00:00Z,2026-06-06T18:00:00Z,test
8879,2026-03-09T06:00:00Z,2026-05-08T00:00:00Z,2026-05-08T06:00:00Z,2026-06-07T00:00:00Z,test
8880,2026-03-09T12:00:00Z,2026-05-08T06:00:00Z,2026-05-08T12:00:00Z,2026-06-07T06:00:00Z,test
8881,2026-03-09T18:00:00Z,2026-05-08T12:00:00Z,2026-05-08T18:00:00Z,2026-06-07T12:00:00Z,test
8882,2026-03-10T00:00:00Z,2026-05-08T18:00:00Z,2026-05-09T00:00:00Z,2026-06-07T18:00:00Z,test
8883,2026-03-10T06:00:00Z,2026-05-09T00:00:00Z,2026-05-09T06:00:00Z,2026-06-08T00:00:00Z,test
8884,2026-03-10T12:00:00Z,2026-05-09T06:00:00Z,2026-05-09T12:00:00Z,2026-06-08T06:00:00Z,test
8885,2026-03-10T18:00:00Z,2026-05-09T12:00:00Z,2026-05-09T18:00:00Z,2026-06-08T12:00:00Z,test
8886,2026-03-11T00:00:00Z,2026-05-09T18:00:00Z,2026-05-10T00:00:00Z,2026-06-08T18:00:00Z,test
8887,2026-03-11T06:00:00Z,2026-05-10T00:00:00Z,2026-05-10T06:00:00Z,2026-06-09T00:00:00Z,test
8888,2026-03-11T12:00:00Z,2026-05-10T06:00:00Z,2026-05-10T12:00:00Z,2026-06-09T06:00:00Z,test
8889,2026-03-11T18:00:00Z,2026-05-10T12:00:00Z,2026-05-10T18:00:00Z,2026-06-09T12:00:00Z,test
8890,2026-03-12T00:00:00Z,2026-05-10T18:00:00Z,2026-05-11T00:00:00Z,2026-06-09T18:00:00Z,test
8891,2026-03-12T06:00:00Z,2026-05-11T00:00:00Z,2026-05-11T06:00:00Z,2026-06-10T00:00:00Z,test
8892,2026-03-12T12:00:00Z,2026-05-11T06:00:00Z,2026-05-11T12:00:00Z,2026-06-10T06:00:00Z,test
8893,2026-03-12T18:00:00Z,2026-05-11T12:00:00Z,2026-05-11T18:00:00Z,2026-06-10T12:00:00Z,test
8894,2026-03-13T00:00:00Z,2026-05-11T18:00:00Z,2026-05-12T00:00:00Z,2026-06-10T18:00:00Z,test
8895,2026-03-13T06:00:00Z,2026-05-12T00:00:00Z,2026-05-12T06:00:00Z,2026-06-11T00:00:00Z,test
8896,2026-03-13T12:00:00Z,2026-05-12T06:00:00Z,2026-05-12T12:00:00Z,2026-06-11T06:00:00Z,test
8897,2026-03-13T18:00:00Z,2026-05-12T12:00:00Z,2026-05-12T18:00:00Z,2026-06-11T12:00:00Z,test
8898,2026-03-14T00:00:00Z,2026-05-12T18:00:00Z,2026-05-13T00:00:00Z,2026-06-11T18:00:00Z,test
8899,2026-03-14T06:00:00Z,2026-05-13T00:00:00Z,2026-05-13T06:00:00Z,2026-06-12T00:00:00Z,test
8900,2026-03-14T12:00:00Z,2026-05-13T06:00:00Z,2026-05-13T12:00:00Z,2026-06-12T06:00:00Z,test
8901,2026-03-14T18:00:00Z,2026-05-13T12:00:00Z,2026-05-13T18:00:00Z,2026-06-12T12:00:00Z,test
8902,2026-03-15T00:00:00Z,2026-05-13T18:00:00Z,2026-05-14T00:00:00Z,2026-06-12T18:00:00Z,test
8903,2026-03-15T06:00:00Z,2026-05-14T00:00:00Z,2026-05-14T06:00:00Z,2026-06-13T00:00:00Z,test
8904,2026-03-15T12:00:00Z,2026-05-14T06:00:00Z,2026-05-14T12:00:00Z,2026-06-13T06:00:00Z,test
8905,2026-03-15T18:00:00Z,2026-05-14T12:00:00Z,2026-05-14T18:00:00Z,2026-06-13T12:00:00Z,test
8906,2026-03-16T00:00:00Z,2026-05-14T18:00:00Z,2026-05-15T00:00:00Z,2026-06-13T18:00:00Z,test
8907,2026-03-16T06:00:00Z,2026-05-15T00:00:00Z,2026-05-15T06:00:00Z,2026-06-14T00:00:00Z,test
8908,2026-03-16T12:00:00Z,2026-05-15T06:00:00Z,2026-05-15T12:00:00Z,2026-06-14T06:00:00Z,test
8909,2026-03-16T18:00:00Z,2026-05-15T12:00:00Z,2026-05-15T18:00:00Z,2026-06-14T12:00:00Z,test
8910,2026-03-17T00:00:00Z,2026-05-15T18:00:00Z,2026-05-16T00:00:00Z,2026-06-14T18:00:00Z,test
8911,2026-03-17T06:00:00Z,2026-05-16T00:00:00Z,2026-05-16T06:00:00Z,2026-06-15T00:00:00Z,test
8912,2026-03-17T12:00:00Z,2026-05-16T06:00:00Z,2026-05-16T12:00:00Z,2026-06-15T06:00:00Z,test
8913,2026-03-17T18:00:00Z,2026-05-16T12:00:00Z,2026-05-16T18:00:00Z,2026-06-15T12:00:00Z,test
8914,2026-03-18T00:00:00Z,2026-05-16T18:00:00Z,2026-05-17T00:00:00Z,2026-06-15T18:00:00Z,test
8915,2026-03-18T06:00:00Z,2026-05-17T00:00:00Z,2026-05-17T06:00:00Z,2026-06-16T00:00:00Z,test
8916,2026-03-18T12:00:00Z,2026-05-17T06:00:00Z,2026-05-17T12:00:00Z,2026-06-16T06:00:00Z,test
8917,2026-03-18T18:00:00Z,2026-05-17T12:00:00Z,2026-05-17T18:00:00Z,2026-06-16T12:00:00Z,test
8918,2026-03-19T00:00:00Z,2026-05-17T18:00:00Z,2026-05-18T00:00:00Z,2026-06-16T18:00:00Z,test
8919,2026-03-19T06:00:00Z,2026-05-18T00:00:00Z,2026-05-18T06:00:00Z,2026-06-17T00:00:00Z,test
8920,2026-03-19T12:00:00Z,2026-05-18T06:00:00Z,2026-05-18T12:00:00Z,2026-06-17T06:00:00Z,test
8921,2026-03-19T18:00:00Z,2026-05-18T12:00:00Z,2026-05-18T18:00:00Z,2026-06-17T12:00:00Z,test
8922,2026-03-20T00:00:00Z,2026-05-18T18:00:00Z,2026-05-19T00:00:00Z,2026-06-17T18:00:00Z,test
8923,2026-03-20T06:00:00Z,2026-05-19T00:00:00Z,2026-05-19T06:00:00Z,2026-06-18T00:00:00Z,test
8924,2026-03-20T12:00:00Z,2026-05-19T06:00:00Z,2026-05-19T12:00:00Z,2026-06-18T06:00:00Z,test
8925,2026-03-20T18:00:00Z,2026-05-19T12:00:00Z,2026-05-19T18:00:00Z,2026-06-18T12:00:00Z,test
8926,2026-03-21T00:00:00Z,2026-05-19T18:00:00Z,2026-05-20T00:00:00Z,2026-06-18T18:00:00Z,test
8927,2026-03-21T06:00:00Z,2026-05-20T00:00:00Z,2026-05-20T06:00:00Z,2026-06-19T00:00:00Z,test
8928,2026-03-21T12:00:00Z,2026-05-20T06:00:00Z,2026-05-20T12:00:00Z,2026-06-19T06:00:00Z,test
8929,2026-03-21T18:00:00Z,2026-05-20T12:00:00Z,2026-05-20T18:00:00Z,2026-06-19T12:00:00Z,test
8930,2026-03-22T00:00:00Z,2026-05-20T18:00:00Z,2026-05-21T00:00:00Z,2026-06-19T18:00:00Z,test
8931,2026-03-22T06:00:00Z,2026-05-21T00:00:00Z,2026-05-21T06:00:00Z,2026-06-20T00:00:00Z,test
8932,2026-03-22T12:00:00Z,2026-05-21T06:00:00Z,2026-05-21T12:00:00Z,2026-06-20T06:00:00Z,test
8933,2026-03-22T18:00:00Z,2026-05-21T12:00:00Z,2026-05-21T18:00:00Z,2026-06-20T12:00:00Z,test
8934,2026-03-23T00:00:00Z,2026-05-21T18:00:00Z,2026-05-22T00:00:00Z,2026-06-20T18:00:00Z,test
8935,2026-03-23T06:00:00Z,2026-05-22T00:00:00Z,2026-05-22T06:00:00Z,2026-06-21T00:00:00Z,test
8936,2026-03-23T12:00:00Z,2026-05-22T06:00:00Z,2026-05-22T12:00:00Z,2026-06-21T06:00:00Z,test
8937,2026-03-23T18:00:00Z,2026-05-22T12:00:00Z,2026-05-22T18:00:00Z,2026-06-21T12:00:00Z,test
8938,2026-03-24T00:00:00Z,2026-05-22T18:00:00Z,2026-05-23T00:00:00Z,2026-06-21T18:00:00Z,test
8939,2026-03-24T06:00:00Z,2026-05-23T00:00:00Z,2026-05-23T06:00:00Z,2026-06-22T00:00:00Z,test
8940,2026-03-24T12:00:00Z,2026-05-23T06:00:00Z,2026-05-23T12:00:00Z,2026-06-22T06:00:00Z,test
8941,2026-03-24T18:00:00Z,2026-05-23T12:00:00Z,2026-05-23T18:00:00Z,2026-06-22T12:00:00Z,test
8942,2026-03-25T00:00:00Z,2026-05-23T18:00:00Z,2026-05-24T00:00:00Z,2026-06-22T18:00:00Z,test
8943,2026-03-25T06:00:00Z,2026-05-24T00:00:00Z,2026-05-24T06:00:00Z,2026-06-23T00:00:00Z,test
8944,2026-03-25T12:00:00Z,2026-05-24T06:00:00Z,2026-05-24T12:00:00Z,2026-06-23T06:00:00Z,test
8945,2026-03-25T18:00:00Z,2026-05-24T12:00:00Z,2026-05-24T18:00:00Z,2026-06-23T12:00:00Z,test
8946,2026-03-26T00:00:00Z,2026-05-24T18:00:00Z,2026-05-25T00:00:00Z,2026-06-23T18:00:00Z,test
8947,2026-03-26T06:00:00Z,2026-05-25T00:00:00Z,2026-05-25T06:00:00Z,2026-06-24T00:00:00Z,test
8948,2026-03-26T12:00:00Z,2026-05-25T06:00:00Z,2026-05-25T12:00:00Z,2026-06-24T06:00:00Z,test
8949,2026-03-26T18:00:00Z,2026-05-25T12:00:00Z,2026-05-25T18:00:00Z,2026-06-24T12:00:00Z,test
8950,2026-03-27T00:00:00Z,2026-05-25T18:00:00Z,2026-05-26T00:00:00Z,2026-06-24T18:00:00Z,test
8951,2026-03-27T06:00:00Z,2026-05-26T00:00:00Z,2026-05-26T06:00:00Z,2026-06-25T00:00:00Z,test
8952,2026-03-27T12:00:00Z,2026-05-26T06:00:00Z,2026-05-26T12:00:00Z,2026-06-25T06:00:00Z,test
8953,2026-03-27T18:00:00Z,2026-05-26T12:00:00Z,2026-05-26T18:00:00Z,2026-06-25T12:00:00Z,test
8954,2026-03-28T00:00:00Z,2026-05-26T18:00:00Z,2026-05-27T00:00:00Z,2026-06-25T18:00:00Z,test
8955,2026-03-28T06:00:00Z,2026-05-27T00:00:00Z,2026-05-27T06:00:00Z,2026-06-26T00:00:00Z,test
8956,2026-03-28T12:00:00Z,2026-05-27T06:00:00Z,2026-05-27T12:00:00Z,2026-06-26T06:00:00Z,test
8957,2026-03-28T18:00:00Z,2026-05-27T12:00:00Z,2026-05-27T18:00:00Z,2026-06-26T12:00:00Z,test
8958,2026-03-29T00:00:00Z,2026-05-27T18:00:00Z,2026-05-28T00:00:00Z,2026-06-26T18:00:00Z,test
8959,2026-03-29T06:00:00Z,2026-05-28T00:00:00Z,2026-05-28T06:00:00Z,2026-06-27T00:00:00Z,test
8960,2026-03-29T12:00:00Z,2026-05-28T06:00:00Z,2026-05-28T12:00:00Z,2026-06-27T06:00:00Z,test
8961,2026-03-29T18:00:00Z,2026-05-28T12:00:00Z,2026-05-28T18:00:00Z,2026-06-27T12:00:00Z,test
8962,2026-03-30T00:00:00Z,2026-05-28T18:00:00Z,2026-05-29T00:00:00Z,2026-06-27T18:00:00Z,test
8963,2026-03-30T06:00:00Z,2026-05-29T00:00:00Z,2026-05-29T06:00:00Z,2026-06-28T00:00:00Z,test
8964,2026-03-30T12:00:00Z,2026-05-29T06:00:00Z,2026-05-29T12:00:00Z,2026-06-28T06:00:00Z,test
8965,2026-03-30T18:00:00Z,2026-05-29T12:00:00Z,2026-05-29T18:00:00Z,2026-06-28T12:00:00Z,test
8966,2026-03-31T00:00:00Z,2026-05-29T18:00:00Z,2026-05-30T00:00:00Z,2026-06-28T18:00:00Z,test
8967,2026-03-31T06:00:00Z,2026-05-30T00:00:00Z,2026-05-30T06:00:00Z,2026-06-29T00:00:00Z,test
8968,2026-03-31T12:00:00Z,2026-05-30T06:00:00Z,2026-05-30T12:00:00Z,2026-06-29T06:00:00Z,test
8969,2026-03-31T18:00:00Z,2026-05-30T12:00:00Z,2026-05-30T18:00:00Z,2026-06-29T12:00:00Z,test
8970,2026-04-01T00:00:00Z,2026-05-30T18:00:00Z,2026-05-31T00:00:00Z,2026-06-29T18:00:00Z,test
8971,2026-04-01T06:00:00Z,2026-05-31T00:00:00Z,2026-05-31T06:00:00Z,2026-06-30T00:00:00Z,test
8972,2026-04-01T12:00:00Z,2026-05-31T06:00:00Z,2026-05-31T12:00:00Z,2026-06-30T06:00:00Z,test
8973,2026-04-01T18:00:00Z,2026-05-31T12:00:00Z,2026-05-31T18:00:00Z,2026-06-30T12:00:00Z,test
8974,2026-04-02T00:00:00Z,2026-05-31T18:00:00Z,2026-06-01T00:00:00Z,2026-06-30T18:00:00Z,test
8975,2026-04-02T06:00:00Z,2026-06-01T00:00:00Z,2026-06-01T06:00:00Z,2026-07-01T00:00:00Z,test
8976,2026-04-02T12:00:00Z,2026-06-01T06:00:00Z,2026-06-01T12:00:00Z,2026-07-01T06:00:00Z,test
8977,2026-04-02T18:00:00Z,2026-06-01T12:00:00Z,2026-06-01T18:00:00Z,2026-07-01T12:00:00Z,test
8978,2026-04-03T00:00:00Z,2026-06-01T18:00:00Z,2026-06-02T00:00:00Z,2026-07-01T18:00:00Z,test
8979,2026-04-03T06:00:00Z,2026-06-02T00:00:00Z,2026-06-02T06:00:00Z,2026-07-02T00:00:00Z,test
8980,2026-04-03T12:00:00Z,2026-06-02T06:00:00Z,2026-06-02T12:00:00Z,2026-07-02T06:00:00Z,test
8981,2026-04-03T18:00:00Z,2026-06-02T12:00:00Z,2026-06-02T18:00:00Z,2026-07-02T12:00:00Z,test
8982,2026-04-04T00:00:00Z,2026-06-02T18:00:00Z,2026-06-03T00:00:00Z,2026-07-02T18:00:00Z,test
8983,2026-04-04T06:00:00Z,2026-06-03T00:00:00Z,2026-06-03T06:00:00Z,2026-07-03T00:00:00Z,test
8984,2026-04-04T12:00:00Z,2026-06-03T06:00:00Z,2026-06-03T12:00:00Z,2026-07-03T06:00:00Z,test
8985,2026-04-04T18:00:00Z,2026-06-03T12:00:00Z,2026-06-03T18:00:00Z,2026-07-03T12:00:00Z,test
8986,2026-04-05T00:00:00Z,2026-06-03T18:00:00Z,2026-06-04T00:00:00Z,2026-07-03T18:00:00Z,test
8987,2026-04-05T06:00:00Z,2026-06-04T00:00:00Z,2026-06-04T06:00:00Z,2026-07-04T00:00:00Z,test
8988,2026-04-05T12:00:00Z,2026-06-04T06:00:00Z,2026-06-04T12:00:00Z,2026-07-04T06:00:00Z,test
8989,2026-04-05T18:00:00Z,2026-06-04T12:00:00Z,2026-06-04T18:00:00Z,2026-07-04T12:00:00Z,test
8990,2026-04-06T00:00:00Z,2026-06-04T18:00:00Z,2026-06-05T00:00:00Z,2026-07-04T18:00:00Z,test
8991,2026-04-06T06:00:00Z,2026-06-05T00:00:00Z,2026-06-05T06:00:00Z,2026-07-05T00:00:00Z,test
8992,2026-04-06T12:00:00Z,2026-06-05T06:00:00Z,2026-06-05T12:00:00Z,2026-07-05T06:00:00Z,test
8993,2026-04-06T18:00:00Z,2026-06-05T12:00:00Z,2026-06-05T18:00:00Z,2026-07-05T12:00:00Z,test
8994,2026-04-07T00:00:00Z,2026-06-05T18:00:00Z,2026-06-06T00:00:00Z,2026-07-05T18:00:00Z,test
8995,2026-04-07T06:00:00Z,2026-06-06T00:00:00Z,2026-06-06T06:00:00Z,2026-07-06T00:00:00Z,test
8996,2026-04-07T12:00:00Z,2026-06-06T06:00:00Z,2026-06-06T12:00:00Z,2026-07-06T06:00:00Z,test
8997,2026-04-07T18:00:00Z,2026-06-06T12:00:00Z,2026-06-06T18:00:00Z,2026-07-06T12:00:00Z,test
8998,2026-04-08T00:00:00Z,2026-06-06T18:00:00Z,2026-06-07T00:00:00Z,2026-07-06T18:00:00Z,test
8999,2026-04-08T06:00:00Z,2026-06-07T00:00:00Z,2026-06-07T06:00:00Z,2026-07-07T00:00:00Z,test
9000,2026-04-08T12:00:00Z,2026-06-07T06:00:00Z,2026-06-07T12:00:00Z,2026-07-07T06:00:00Z,test
9001,2026-04-08T18:00:00Z,2026-06-07T12:00:00Z,2026-06-07T18:00:00Z,2026-07-07T12:00:00Z,test
9002,2026-04-09T00:00:00Z,2026-06-07T18:00:00Z,2026-06-08T00:00:00Z,2026-07-07T18:00:00Z,test
9003,2026-04-09T06:00:00Z,2026-06-08T00:00:00Z,2026-06-08T06:00:00Z,2026-07-08T00:00:00Z,test
9004,2026-04-09T12:00:00Z,2026-06-08T06:00:00Z,2026-06-08T12:00:00Z,2026-07-08T06:00:00Z,test
9005,2026-04-09T18:00:00Z,2026-06-08T12:00:00Z,2026-06-08T18:00:00Z,2026-07-08T12:00:00Z,test
9006,2026-04-10T00:00:00Z,2026-06-08T18:00:00Z,2026-06-09T00:00:00Z,2026-07-08T18:00:00Z,test
9007,2026-04-10T06:00:00Z,2026-06-09T00:00:00Z,2026-06-09T06:00:00Z,2026-07-09T00:00:00Z,test
9008,2026-04-10T12:00:00Z,2026-06-09T06:00:00Z,2026-06-09T12:00:00Z,2026-07-09T06:00:00Z,test
9009,2026-04-10T18:00:00Z,2026-06-09T12:00:00Z,2026-06-09T18:00:00Z,2026-07-09T12:00:00Z,test
9010,2026-04-11T00:00:00Z,2026-06-09T18:00:00Z,2026-06-10T00:00:00Z,2026-07-09T18:00:00Z,test
9011,2026-04-11T06:00:00Z,2026-06-10T00:00:00Z,2026-06-10T06:00:00Z,2026-07-10T00:00:00Z,test
9012,2026-04-11T12:00:00Z,2026-06-10T06:00:00Z,2026-06-10T12:00:00Z,2026-07-10T06:00:00Z,test
9013,2026-04-11T18:00:00Z,2026-06-10T12:00:00Z,2026-06-10T18:00:00Z,2026-07-10T12:00:00Z,test
9014,2026-04-12T00:00:00Z,2026-06-10T18:00:00Z,2026-06-11T00:00:00Z,2026-07-10T18:00:00Z,test
9015,2026-04-12T06:00:00Z,2026-06-11T00:00:00Z,2026-06-11T06:00:00Z,2026-07-11T00:00:00Z,test
9016,2026-04-12T12:00:00Z,2026-06-11T06:00:00Z,2026-06-11T12:00:00Z,2026-07-11T06:00:00Z,test
9017,2026-04-12T18:00:00Z,2026-06-11T12:00:00Z,2026-06-11T18:00:00Z,2026-07-11T12:00:00Z,test
9018,2026-04-13T00:00:00Z,2026-06-11T18:00:00Z,2026-06-12T00:00:00Z,2026-07-11T18:00:00Z,test
9019,2026-04-13T06:00:00Z,2026-06-12T00:00:00Z,2026-06-12T06:00:00Z,2026-07-12T00:00:00Z,test
9020,2026-04-13T12:00:00Z,2026-06-12T06:00:00Z,2026-06-12T12:00:00Z,2026-07-12T06:00:00Z,test
9021,2026-04-13T18:00:00Z,2026-06-12T12:00:00Z,2026-06-12T18:00:00Z,2026-07-12T12:00:00Z,test
9022,2026-04-14T00:00:00Z,2026-06-12T18:00:00Z,2026-06-13T00:00:00Z,2026-07-12T18:00:00Z,test
9023,2026-04-14T06:00:00Z,2026-06-13T00:00:00Z,2026-06-13T06:00:00Z,2026-07-13T00:00:00Z,test
9024,2026-04-14T12:00:00Z,2026-06-13T06:00:00Z,2026-06-13T12:00:00Z,2026-07-13T06:00:00Z,test
9025,2026-04-14T18:00:00Z,2026-06-13T12:00:00Z,2026-06-13T18:00:00Z,2026-07-13T12:00:00Z,test
9026,2026-04-15T00:00:00Z,2026-06-13T18:00:00Z,2026-06-14T00:00:00Z,2026-07-13T18:00:00Z,test
9027,2026-04-15T06:00:00Z,2026-06-14T00:00:00Z,2026-06-14T06:00:00Z,2026-07-14T00:00:00Z,test
9028,2026-04-15T12:00:00Z,2026-06-14T06:00:00Z,2026-06-14T12:00:00Z,2026-07-14T06:00:00Z,test
9029,2026-04-15T18:00:00Z,2026-06-14T12:00:00Z,2026-06-14T18:00:00Z,2026-07-14T12:00:00Z,test
9030,2026-04-16T00:00:00Z,2026-06-14T18:00:00Z,2026-06-15T00:00:00Z,2026-07-14T18:00:00Z,test
9031,2026-04-16T06:00:00Z,2026-06-15T00:00:00Z,2026-06-15T06:00:00Z,2026-07-15T00:00:00Z,test
9032,2026-04-16T12:00:00Z,2026-06-15T06:00:00Z,2026-06-15T12:00:00Z,2026-07-15T06:00:00Z,test
9033,2026-04-16T18:00:00Z,2026-06-15T12:00:00Z,2026-06-15T18:00:00Z,2026-07-15T12:00:00Z,test
9034,2026-04-17T00:00:00Z,2026-06-15T18:00:00Z,2026-06-16T00:00:00Z,2026-07-15T18:00:00Z,test
9035,2026-04-17T06:00:00Z,2026-06-16T00:00:00Z,2026-06-16T06:00:00Z,2026-07-16T00:00:00Z,test
9036,2026-04-17T12:00:00Z,2026-06-16T06:00:00Z,2026-06-16T12:00:00Z,2026-07-16T06:00:00Z,test
9037,2026-04-17T18:00:00Z,2026-06-16T12:00:00Z,2026-06-16T18:00:00Z,2026-07-16T12:00:00Z,test
9038,2026-04-18T00:00:00Z,2026-06-16T18:00:00Z,2026-06-17T00:00:00Z,2026-07-16T18:00:00Z,test
9039,2026-04-18T06:00:00Z,2026-06-17T00:00:00Z,2026-06-17T06:00:00Z,2026-07-17T00:00:00Z,test
9040,2026-04-18T12:00:00Z,2026-06-17T06:00:00Z,2026-06-17T12:00:00Z,2026-07-17T06:00:00Z,test
9041,2026-04-18T18:00:00Z,2026-06-17T12:00:00Z,2026-06-17T18:00:00Z,2026-07-17T12:00:00Z,test
9042,2026-04-19T00:00:00Z,2026-06-17T18:00:00Z,2026-06-18T00:00:00Z,2026-07-17T18:00:00Z,test
9043,2026-04-19T06:00:00Z,2026-06-18T00:00:00Z,2026-06-18T06:00:00Z,2026-07-18T00:00:00Z,test
9044,2026-04-19T12:00:00Z,2026-06-18T06:00:00Z,2026-06-18T12:00:00Z,2026-07-18T06:00:00Z,test
9045,2026-04-19T18:00:00Z,2026-06-18T12:00:00Z,2026-06-18T18:00:00Z,2026-07-18T12:00:00Z,test
9046,2026-04-20T00:00:00Z,2026-06-18T18:00:00Z,2026-06-19T00:00:00Z,2026-07-18T18:00:00Z,test
9047,2026-04-20T06:00:00Z,2026-06-19T00:00:00Z,2026-06-19T06:00:00Z,2026-07-19T00:00:00Z,test
9048,2026-04-20T12:00:00Z,2026-06-19T06:00:00Z,2026-06-19T12:00:00Z,2026-07-19T06:00:00Z,test
9049,2026-04-20T18:00:00Z,2026-06-19T12:00:00Z,2026-06-19T18:00:00Z,2026-07-19T12:00:00Z,test
9050,2026-04-21T00:00:00Z,2026-06-19T18:00:00Z,2026-06-20T00:00:00Z,2026-07-19T18:00:00Z,test
9051,2026-04-21T06:00:00Z,2026-06-20T00:00:00Z,2026-06-20T06:00:00Z,2026-07-20T00:00:00Z,test
9052,2026-04-21T12:00:00Z,2026-06-20T06:00:00Z,2026-06-20T12:00:00Z,2026-07-20T06:00:00Z,test
9053,2026-04-21T18:00:00Z,2026-06-20T12:00:00Z,2026-06-20T18:00:00Z,2026-07-20T12:00:00Z,test
9054,2026-04-22T00:00:00Z,2026-06-20T18:00:00Z,2026-06-21T00:00:00Z,2026-07-20T18:00:00Z,test
9055,2026-04-22T06:00:00Z,2026-06-21T00:00:00Z,2026-06-21T06:00:00Z,2026-07-21T00:00:00Z,test
9056,2026-04-22T12:00:00Z,2026-06-21T06:00:00Z,2026-06-21T12:00:00Z,2026-07-21T06:00:00Z,test
9057,2026-04-22T18:00:00Z,2026-06-21T12:00:00Z,2026-06-21T18:00:00Z,2026-07-21T12:00:00Z,test
9058,2026-04-23T00:00:00Z,2026-06-21T18:00:00Z,2026-06-22T00:00:00Z,2026-07-21T18:00:00Z,test
9059,2026-04-23T06:00:00Z,2026-06-22T00:00:00Z,2026-06-22T06:00:00Z,2026-07-22T00:00:00Z,test
9060,2026-04-23T12:00:00Z,2026-06-22T06:00:00Z,2026-06-22T12:00:00Z,2026-07-22T06:00:00Z,test
9061,2026-04-23T18:00:00Z,2026-06-22T12:00:00Z,2026-06-22T18:00:00Z,2026-07-22T12:00:00Z,test
9062,2026-04-24T00:00:00Z,2026-06-22T18:00:00Z,2026-06-23T00:00:00Z,2026-07-22T18:00:00Z,test
9063,2026-04-24T06:00:00Z,2026-06-23T00:00:00Z,2026-06-23T06:00:00Z,2026-07-23T00:00:00Z,test
9064,2026-04-24T12:00:00Z,2026-06-23T06:00:00Z,2026-06-23T12:00:00Z,2026-07-23T06:00:00Z,test
9065,2026-04-24T18:00:00Z,2026-06-23T12:00:00Z,2026-06-23T18:00:00Z,2026-07-23T12:00:00Z,test
9066,2026-04-25T00:00:00Z,2026-06-23T18:00:00Z,2026-06-24T00:00:00Z,2026-07-23T18:00:00Z,test
9067,2026-04-25T06:00:00Z,2026-06-24T00:00:00Z,2026-06-24T06:00:00Z,2026-07-24T00:00:00Z,test
9068,2026-04-25T12:00:00Z,2026-06-24T06:00:00Z,2026-06-24T12:00:00Z,2026-07-24T06:00:00Z,test
9069,2026-04-25T18:00:00Z,2026-06-24T12:00:00Z,2026-06-24T18:00:00Z,2026-07-24T12:00:00Z,test
9070,2026-04-26T00:00:00Z,2026-06-24T18:00:00Z,2026-06-25T00:00:00Z,2026-07-24T18:00:00Z,test
9071,2026-04-26T06:00:00Z,2026-06-25T00:00:00Z,2026-06-25T06:00:00Z,2026-07-25T00:00:00Z,test
9072,2026-04-26T12:00:00Z,2026-06-25T06:00:00Z,2026-06-25T12:00:00Z,2026-07-25T06:00:00Z,test
9073,2026-04-26T18:00:00Z,2026-06-25T12:00:00Z,2026-06-25T18:00:00Z,2026-07-25T12:00:00Z,test
9074,2026-04-27T00:00:00Z,2026-06-25T18:00:00Z,2026-06-26T00:00:00Z,2026-07-25T18:00:00Z,test
9075,2026-04-27T06:00:00Z,2026-06-26T00:00:00Z,2026-06-26T06:00:00Z,2026-07-26T00:00:00Z,test
9076,2026-04-27T12:00:00Z,2026-06-26T06:00:00Z,2026-06-26T12:00:00Z,2026-07-26T06:00:00Z,test
9077,2026-04-27T18:00:00Z,2026-06-26T12:00:00Z,2026-06-26T18:00:00Z,2026-07-26T12:00:00Z,test
9078,2026-04-28T00:00:00Z,2026-06-26T18:00:00Z,2026-06-27T00:00:00Z,2026-07-26T18:00:00Z,test
9079,2026-04-28T06:00:00Z,2026-06-27T00:00:00Z,2026-06-27T06:00:00Z,2026-07-27T00:00:00Z,test
9080,2026-04-28T12:00:00Z,2026-06-27T06:00:00Z,2026-06-27T12:00:00Z,2026-07-27T06:00:00Z,test
9081,2026-04-28T18:00:00Z,2026-06-27T12:00:00Z,2026-06-27T18:00:00Z,2026-07-27T12:00:00Z,test
9082,2026-04-29T00:00:00Z,2026-06-27T18:00:00Z,2026-06-28T00:00:00Z,2026-07-27T18:00:00Z,test
9083,2026-04-29T06:00:00Z,2026-06-28T00:00:00Z,2026-06-28T06:00:00Z,2026-07-28T00:00:00Z,test
9084,2026-04-29T12:00:00Z,2026-06-28T06:00:00Z,2026-06-28T12:00:00Z,2026-07-28T06:00:00Z,test
9085,2026-04-29T18:00:00Z,2026-06-28T12:00:00Z,2026-06-28T18:00:00Z,2026-07-28T12:00:00Z,test
9086,2026-04-30T00:00:00Z,2026-06-28T18:00:00Z,2026-06-29T00:00:00Z,2026-07-28T18:00:00Z,test
9087,2026-04-30T06:00:00Z,2026-06-29T00:00:00Z,2026-06-29T06:00:00Z,2026-07-29T00:00:00Z,test
9088,2026-04-30T12:00:00Z,2026-06-29T06:00:00Z,2026-06-29T12:00:00Z,2026-07-29T06:00:00Z,test
9089,2026-04-30T18:00:00Z,2026-06-29T12:00:00Z,2026-06-29T18:00:00Z,2026-07-29T12:00:00Z,test
9090,2026-05-01T00:00:00Z,2026-06-29T18:00:00Z,2026-06-30T00:00:00Z,2026-07-29T18:00:00Z,test
9091,2026-05-01T06:00:00Z,2026-06-30T00:00:00Z,2026-06-30T06:00:00Z,2026-07-30T00:00:00Z,test
9092,2026-05-01T12:00:00Z,2026-06-30T06:00:00Z,2026-06-30T12:00:00Z,2026-07-30T06:00:00Z,test
9093,2026-05-01T18:00:00Z,2026-06-30T12:00:00Z,2026-06-30T18:00:00Z,2026-07-30T12:00:00Z,test
9094,2026-05-02T00:00:00Z,2026-06-30T18:00:00Z,2026-07-01T00:00:00Z,2026-07-30T18:00:00Z,test
9095,2026-05-02T06:00:00Z,2026-07-01T00:00:00Z,2026-07-01T06:00:00Z,2026-07-31T00:00:00Z,test
